tree
version=v4
num_class=1
num_tree_per_iteration=1
label_index=0
max_feature_idx=19
objective=binary sigmoid:1
feature_names=rate_hs6 rate_hs4 rate_hs2 rate_importer rate_declarant rate_seller rate_origin rate_office count_hs6 count_hs4 count_hs2 count_importer count_declarant count_seller count_origin count_office tax_rate net_mass item_price unit
feature_infos=[0.00069128642251953395:0.22169235452699501] [0.00044408121360997897:0.17735388362159599] [0.00032659201063914989:0.085032683928162461] [0.0014919850845745337:0.095973301163298261] [0.00067995385821593502:0.06689048262896545] [0.0011090156511008565:0.097193512931995754] [0.00038691404245496302:0.10176042502878459] [0.0013643810970780275:0.048295437070234405] [0:1739] [0:1983] [1:4365] [0:138] [0:1241] [0:185] [0:18600] [4:13572] [0:754.29999999999995] [0:60025000] [0:7045681618.1000004] [0:17.978282675467781]
tree_sizes=1689 1699 1698 1721 1694 1710 1723 1722 1715 1719 1730 1730 1715 1731 1725 1734 1728 1730 1729 1728 1741 1746 1739 1735 1737 1729 1741 1737 1740 1741 1740 1737 1742 1760 1736 1738 1740 1738 1753 1752 1751 1742 1750 1751 1739 1754 1750 1741 1728 1757 1745 1746 1757 1744 1758 1750 1743 1754 1755 1749 1746 1754 1752 1759 1750 1739 1753 1761 1754 1753 1752 1762 1747 1761 1754 1757 1752 1752 1751 1761 1758 1753 1754 1753 1753 1751 1748 1762 1767 1746 1761 1768 1752 1754 1753 1758 1745 1748 1764 1750 1751 1764 1761 1754 1774 1776 1753 1753 1749 1761 1750 1757 1744 1746 1755 1768 1754 1766 1767 1754 1784 1744 1771 1777 1763 1766 1772 1759 1758 1747 1755 1754 1751 1750 1751 1756 1764 1756 1756 1750 1748 1755 1743 1757 1759 1743 1761 1745 1752 1771 1740 1750 1751 1753 1757 1765 1756 1758 1755 1754 1773 1756 1772 1769 1753 1759 1748 1754 1763 1775 1745 1757 1754 1767 1739 1753 1766 1733 1767 1783 1768 1754 1763 1750 1745 1764 1761 1761 1747 1748 1736 1771 1756 1744 1755 1762 1754 1760 1757 1764 1755 1752 1759 1758 1790 1760 1768 1769 1767 1747 1738 1756 1760 1756 1779 1754 1751 1757 1763 1741 1765 1754 1757 1751 1764 1773 1760 1755 1756 1752 1742 1753 1744 1766 1761 1754 1767 1777 1754 1745 1770 1756 1758 1763 1760 1753 1758 1744 1735 1745 1754 1757 1742 1757 1762 1758 1763 1755 1759 1781 1747 1754 1782 1747 1760 1748 1755 1744 1754 1763 1767 1754 1769 1746 1753 1759 1751 1748 1766 1759 1762 1756 1751 1763 1732 1757 1740 1750 1747 1738 1750 1753 1752 1751 1743 1759 1767 1737 1764 1753

Tree=0
num_leaves=15
num_cat=0
split_feature=0 8 18 0 6 14 17 19 17 8 18 17 14 17
split_gain=1831.68 507.841 429.334 240.424 130.496 145.656 113.195 71.3836 95.2275 100.873 52.7313 166.471 51.5739 70.6441
threshold=0.041441439554600695 20.500000000000004 49595.500000000007 0.015806379029920825 0.0050689436099621921 1202.5000000000002 2500.5000000000005 4.7828977861650346 2.0500000000000003 53.500000000000007 6556.1600000000008 135.05000000000004 3034.5000000000005 6515.0000000000009
decision_type=2 2 2 2 2 2 2 2 2 2 2 2 2 2
left_child=3 2 -2 -1 -3 -6 7 10 -9 -10 11 -7 -5 -14
right_child=1 4 -4 12 5 6 -8 8 9 -11 -12 -13 13 -15
leaf_value=-4.5820982132086332 -4.2823040829640737 -4.5219748239129469 -3.4860842388060886 -4.5510477522887154 -4.0298981345058635 -4.4679448687990462 -4.1280325542659524 -4.0523803056383176 -4.1666915681108367 -4.4233175244155856 -4.5730794338435858 -4.0814177393700737 -4.4707154517063383 -4.2161977631297791
leaf_weight=322.44546461105347 1.2724599838256865 3.5916209220886257 1.1698422431945799 7.1524565219879177 1.3956012725830103 5.2129812240600639 1.8881664276123036 1.1185333728790272 1.9189517498016355 4.8948662281036377 1.9086899757385252 1.2416746616363523 15.751823186874391 1.0467009544372547
leaf_count=31422 124 350 114 697 136 508 184 109 187 477 186 121 1535 102
internal_value=-4.55718 -4.31238 -3.90092 -4.57529 -4.35575 -4.32526 -4.34792 -4.3734 -4.30893 -4.35104 -4.43455 -4.39359 -4.48358 -4.45486
internal_weight=372.01 25.6134 2.4423 346.396 23.1711 19.5795 18.1839 16.2957 7.93235 6.81382 8.36335 6.45466 23.951 16.7985
internal_count=36252 2496 238 33756 2258 1908 1772 1588 773 664 815 629 2334 1637
is_linear=0
shrinkage=1


Tree=1
num_leaves=15
num_cat=0
split_feature=0 6 0 17 16 1 18 10 0 8 8 18 15 17
split_gain=1293.41 152.89 152.666 135.427 161.009 136.409 275.82 135.061 102.645 69.618 49.4127 95.2688 40.0247 35.5688
threshold=0.041441439554600695 0.016129801848526644 0.015806379029920825 28.200000000000006 6.3500000000000005 0.081715582469749914 414756.00000000006 1266.0000000000002 0.073119299228060819 34.500000000000007 300.00000000000006 333.51000000000005 11065.500000000002 18.050000000000004
decision_type=2 2 2 2 2 2 2 2 2 2 2 2 2 2
left_child=2 3 -1 10 5 9 12 -6 -3 -5 11 -2 -7 -4
right_child=1 8 13 4 7 6 -8 -9 -10 -11 -12 -13 -14 -15
leaf_value=-0.023645897343450559 0.27293574834749118 0.20391258127425937 0.10638341419597416 0.19418529844415838 0.51957717393469638 0.26005866391762122 0.64124344865523619 0.20813198060677529 0.5386956455303209 0.028121829739615224 -0.0086825275508352062 0.046027731041064363 0.037617256077507384 0.029331646623297049
leaf_weight=315.26293999236077 2.4725453108549136 1.6638427069410675 7.6801204979419735 3.6030174707993883 2.2906338460743418 1.239502485841512 1.384252645075321 2.7668985510244966 1.6333826566115019 6.1505100382491946 4.1503375712782145 5.1007528575137258 1.7642053449526427 18.097841205075383
leaf_count=31441 200 116 708 206 166 105 81 222 86 477 355 380 145 1625
internal_value=-0.000263892 0.175564 -0.0179064 0.154857 0.203917 0.151962 0.290876 0.34919 0.369758 0.0894668 0.074515 0.120109 0.129409 0.052288
internal_weight=375.261 34.2199 341.041 30.9227 19.199 14.1415 4.38796 5.05753 3.29723 9.75353 11.7236 7.5733 3.00371 25.778
internal_count=36313 2539 33774 2337 1402 1014 331 388 202 683 935 580 250 2333
is_linear=0
shrinkage=0.03


Tree=2
num_leaves=15
num_cat=0
split_feature=0 0 8 17 17 16 7 17 9 8 19 16 19 9
split_gain=1052.47 135.278 83.0486 50.1373 100.751 39.7355 80.9731 64.9277 45.6129 73.1719 38.035 69.9878 56.3937 30.3004
threshold=0.022441672417506688 0.047449236363436571 9.5000000000000018 28.200000000000006 45.050000000000004 7.9000000000000012 0.0097869660328085296 740.50000000000011 109.50000000000001 480.00000000000006 4.9746540367908585 7.9000000000000012 5.8305616882310112 634.50000000000011
decision_type=2 2 2 2 2 2 2 2 2 2 2 2 2 2
left_child=-1 10 -3 13 -5 7 -7 -6 -9 -10 -2 12 -12 -4
right_child=1 2 3 4 5 6 -8 8 9 -11 11 -13 -14 -15
leaf_value=-0.022732235921461064 0.027654717194697632 0.35383154676668599 0.11005508982453012 0.38102613626327153 0.059421356931405961 0.34917271344531176 0.11315163283314635 0.29637089315590714 0.038839170582867524 0.26173807924933279 0.19331606022482467 0.25188061232986442 0.0053726253860983805 -0.030456215161581774
leaf_weight=317.09236962161958 14.476112312637271 1.7137166149914254 11.313343363814054 1.8222394427284623 7.3355756020173448 2.3693648679181925 2.9210533499717712 2.2905679624527693 3.0240901987999678 2.359770311973989 2.0116935484111291 2.2315234830603004 5.0286202505230904 1.5733229257166375
leaf_count=32263 1214 50 794 112 480 124 164 88 190 129 168 171 396 120
internal_value=-0.000859075 0.113837 0.149921 0.139939 0.16734 0.148159 0.218856 0.123241 0.184242 0.136537 0.0580395 0.105479 0.0590754 0.0929002
internal_weight=377.563 60.471 36.723 35.0093 22.1227 20.3004 5.29042 15.01 7.67443 5.38386 23.7479 9.27184 7.04031 12.8867
internal_count=36463 4200 2251 2201 1287 1175 288 887 407 319 1949 735 564 914
is_linear=0
shrinkage=0.03


Tree=3
num_leaves=15
num_cat=0
split_feature=1 6 1 17 14 17 17 7 12 14 18 18 1 17
split_gain=571.762 153.395 97.942 113.241 103.317 43.1348 34.229 30.4608 36.0261 36.0594 22.1737 43.1647 29.573 40.8199
threshold=0.010328151746837655 0.0079015944006199986 0.037485429543690933 1.9500000000000002 349.00000000000006 6130.5000000000009 14048.000000000002 0.0095881753653180527 205.50000000000003 18597.000000000004 594.33000000000004 896.11000000000013 0.012260568431489921 588.50000000000011
decision_type=2 2 2 2 2 2 2 2 2 2 2 2 2 2
left_child=-1 -2 6 -4 -5 7 10 8 9 -6 -3 -12 13 -13
right_child=1 2 3 4 5 -7 -8 -9 -10 -11 11 12 -14 -15
leaf_value=-0.023214147885851813 0.0065462424513287433 0.00021854547374673398 0.32630411514033847 0.29708183766473495 0.033888260844976911 0.2027648395319048 0.19165198882440179 0.0555865266653316 0.22474629170546573 0.17591415647234201 0.24113140089940538 0.24499885236237018 0.039078000858285333 -0.00069504217492132264
leaf_weight=275.37161817122251 33.272347572259605 7.8500852184370151 2.269382717087864 2.3752913642674711 4.1872717952355796 2.8202610500156871 1.4851972376927722 17.047048253938556 2.3485028063878417 2.6128202229738235 1.1049808580428386 1.5245930710807472 23.315363982692361 1.0129382433369754
leaf_count=28613 2807 699 131 91 269 100 110 1055 135 148 97 138 1990 101
internal_value=-0.000641894 0.0595731 0.0847945 0.121654 0.106859 0.0912873 0.0506084 0.0792855 0.123445 0.0884593 0.0445903 0.0575113 0.0496632 0.146922
internal_weight=378.598 103.226 69.9537 33.6606 31.3912 29.0159 36.2932 26.1956 9.14859 6.80009 34.808 26.9579 25.8529 2.53753
internal_count=36484 7871 5064 1929 1798 1707 3135 1607 552 417 3025 2326 2229 239
is_linear=0
shrinkage=0.03


Tree=4
num_leaves=15
num_cat=0
split_feature=0 0 6 8 17 19 9 17 9 16 9 17 9 0
split_gain=774.953 82.3792 56.7609 44.9363 48.6165 37.6547 34.0633 29.5741 42.2156 39.9175 70.39 43.5767 25.1352 55.9958
threshold=0.022441672417506688 0.047449236363436571 0.0079015944006199986 9.5000000000000018 1.7500000000000002 1.599336558775341 36.500000000000007 17.050000000000004 297.50000000000006 6.3500000000000005 428.50000000000006 6130.5000000000009 224.00000000000003 0.073119299228060819
decision_type=2 2 2 2 2 2 2 2 2 2 2 2 2 2
left_child=-1 6 -3 -4 -5 -6 -2 8 -7 11 -11 12 13 -9
right_child=1 2 3 4 5 7 -8 9 -10 10 -12 -13 -14 -15
leaf_value=-0.022890270464086215 0.19019205349841001 0.050776600882719354 0.25759427847727262 0.25174039038849982 -0.0052648347148906965 0.14381712783831396 0.03602420732966876 0.22876868411561369 -0.030495541536172715 0.30946722250048286 0.11325484458883359 0.20973472954305469 0.052665191460785049 0.031086903890549675
leaf_weight=304.05380487255752 1.3592123389244104 11.061373306438325 2.2757063768804064 2.3349346006289116 2.3649574322626021 2.4051788588985827 25.278818499296904 2.7748093176633182 2.6044434560462832 2.8179069962352505 3.9550512013956904 3.1064871530979863 8.2836578693240863 2.4094558265060186
leaf_count=32108 92 675 36 89 128 116 1893 148 171 93 169 78 468 87
internal_value=-0.00181271 0.0859394 0.110083 0.128649 0.119772 0.109742 0.0438907 0.119334 0.053194 0.133526 0.19489 0.10845 0.0850875 0.136893
internal_weight=377.086 73.032 46.394 35.3326 33.0569 30.7219 26.638 28.357 5.00962 23.3474 6.77296 16.5744 13.4679 5.18427
internal_count=36351 4243 2258 1583 1547 1458 1985 1330 287 1043 262 781 703 235
is_linear=0
shrinkage=0.03


Tree=5
num_leaves=15
num_cat=0
split_feature=0 6 0 16 6 6 19 14 12 6 11 17 12 8
split_gain=737.938 59.6442 37.1217 37.9175 44.4045 30.4472 29.9756 26.64 28.184 25.9703 24.1951 23.4321 20.9186 22.79
threshold=0.022441672417506688 0.0026282859224379986 0.047449236363436571 7.9000000000000012 0.0059512351231357057 0.017606469134868932 1.599336558775341 864.50000000000011 174.50000000000003 0.013276053736176938 5.5000000000000009 104.05000000000001 125.50000000000001 120.50000000000001
decision_type=2 2 2 2 2 2 2 2 2 2 2 2 2 2
left_child=-1 -2 3 -3 -5 6 -4 -8 12 -10 11 -6 13 -9
right_child=1 2 5 4 10 -7 7 8 9 -11 -12 -13 -14 -15
leaf_value=-0.021826036568326917 -0.024030064373310588 0.031580310257112332 0.0067816009666600372 0.2431110934304915 0.0012828063797231178 0.17904859702134315 0.036070116796175139 0.13626635829489533 0.10761695424160903 0.20310932467874526 0.1641664386444692 0.13823578745095025 0.0080349292636732565 0.077708287621120281
leaf_weight=297.95184923149645 4.608840479515492 16.926186187192801 3.2073427923023692 1.753812313079832 3.7784728081896901 4.263336361385881 4.8834819840267292 10.386532594449823 5.4129191907122713 4.8686715299263597 2.0037108762189746 1.6007004082202909 2.306335261091589 14.103903991170226
leaf_count=32171 319 1217 176 109 258 104 146 396 255 197 140 116 103 709
internal_value=-9.36265e-05 0.0807412 0.0871373 0.0581658 0.107417 0.102412 0.0951788 0.101935 0.11061 0.152836 0.0751824 0.0420364 0.094409 0.102543
internal_weight=378.056 80.1042 75.4954 26.0629 9.1367 49.4325 45.1692 41.9618 37.0784 10.2816 7.38288 5.37917 26.7968 24.4904
internal_count=36416 4245 3926 1840 623 2086 1982 1806 1660 452 514 374 1208 1105
is_linear=0
shrinkage=0.03


Tree=6
num_leaves=15
num_cat=0
split_feature=0 6 0 18 17 6 18 19 17 7 6 19 19 0
split_gain=686.071 55.5345 44.4628 27.9232 24.3129 37.632 40.7004 130.376 33.3122 23.3128 23.0201 22.7482 34.7398 26.5849
threshold=0.01742196257521245 0.0026282859224379986 0.047449236363436571 43.220000000000006 17.050000000000004 0.01358493351205447 166.81999999999996 5.8305616882310112 11005.000000000002 0.0034281007018386726 0.017606469134868932 8.1294255463464964 7.3724319131086853 0.088575158346709801
decision_type=2 2 2 2 2 2 2 2 2 2 2 2 2 2
left_child=9 -2 4 -4 5 6 -3 -8 -6 -1 11 12 13 -5
right_child=1 2 3 10 8 -7 7 -9 -10 -11 -12 -13 -14 -15
leaf_value=0.10151313184733382 -0.024550132673373873 0.03400544234743428 0.0017756227700699478 0.111634793728652 0.020135377773674221 -0.01799965603512662 0.34813980196375127 0.040590642019944723 0.15613227940715413 -0.022725930453743708 0.16222808922530024 0.16692947257111929 -0.019286572914951974 0.060584773116611527
leaf_weight=1.3658093698322762 5.037466741167008 3.2573657063767296 2.7730122432112685 26.492349514737725 19.567050866782669 2.3986388053745022 2.1392664685845375 2.9528847383335233 1.7674414459615935 286.07003205642104 4.7771529946476212 3.4742340613156548 2.5947053842246524 14.049893473275004
leaf_count=151 372 229 147 1089 1407 165 139 188 103 31654 99 107 118 524
internal_value=0.00061901 0.0722709 0.0779261 0.0945046 0.0499386 0.0867327 0.11682 0.169795 0.0314019 -0.0221356 0.0995085 0.0930804 0.0871326 0.0939434
internal_weight=378.717 91.2815 86.244 54.1613 32.0826 10.7482 8.34952 5.09215 21.3345 287.436 51.3883 46.6112 43.1369 40.5422
internal_count=36492 4687 4315 2084 2231 721 556 327 1510 31805 1937 1838 1731 1613
is_linear=0
shrinkage=0.03


Tree=7
num_leaves=15
num_cat=0
split_feature=0 6 0 9 6 17 15 3 4 18 0 1 2 0
split_gain=600.932 45.6648 38.1396 47.3008 26.9484 21.8605 33.4533 29.6797 21.5519 22.5367 21.4294 19.9299 46.2742 20.7797
threshold=0.015806379029920825 0.0026282859224379986 0.047449236363436571 36.500000000000007 0.018416764603899575 17.050000000000004 13546.500000000002 0.0079082750769299253 0.0070402110172252839 717171.09999999998 0.060999558182053409 0.019549313162205453 0.013676097477023655 0.018157205818467827
decision_type=2 2 2 2 2 2 2 2 2 2 2 2 2 2
left_child=-1 -2 3 -3 8 6 7 -5 -4 10 -10 12 13 -7
right_child=1 2 4 5 -6 11 -8 -9 9 -11 -12 -13 -14 -15
leaf_value=-0.022864730890022018 -0.024538547162692537 0.207327776641826 0.097188592884698125 0.15356235237687577 0.15326549879683574 0.1063677777579531 0.19786888890999946 0.022937795868766479 0.089127771109856216 0.13051911064458624 0.030246975950685998 -0.0040687650064444572 0.14902544052099728 -0.030423811960043779
leaf_weight=279.52626563422382 5.058418206870555 1.5124158468097437 25.220493500120938 1.9550534831359963 4.508901657536625 1.3165454957634226 1.5760328285396088 7.8567004650831223 8.2395495278760844 3.5062371743842951 17.124870382249355 13.620434773154555 3.0082269441336393 4.1497193099930882
leaf_count=31644 393 74 929 120 78 116 97 511 330 85 660 911 217 312
internal_value=-0.000398522 0.0632575 0.0680025 0.043221 0.0828017 0.0358083 0.0695733 0.0489656 0.076928 0.059229 0.0493742 0.0184057 0.0545272 0.00252233
internal_weight=378.18 98.6536 93.5952 34.9951 58.6001 33.4827 11.3878 9.81175 54.0912 28.8707 25.3644 22.0949 8.47449 5.46626
internal_count=36477 4833 4440 2358 2082 2284 728 631 2004 1075 990 1556 645 428
is_linear=0
shrinkage=0.03


Tree=8
num_leaves=15
num_cat=0
split_feature=0 6 4 8 19 18 19 18 14 18 18 14 19 1
split_gain=567.42 34.5643 29.1254 30.3846 29.0488 45.8366 47.9764 121.079 46.6194 20.8627 34.4955 17.3237 23.9234 40.726
threshold=0.022441672417506688 0.0026282859224379986 0.029573227539139924 69.500000000000014 6.0724681651605019 134683.29000000004 4.7828977861650346 1389.9500000000003 360.50000000000006 5520.5500000000002 3156.860000000001 507.00000000000006 8.1294255463464964 0.066249439247527978
decision_type=2 2 2 2 2 2 2 2 2 2 2 2 2 2
left_child=-1 -2 3 11 5 6 8 -8 -5 10 -10 -3 13 -13
right_child=1 2 -4 4 -6 -7 7 -9 9 -11 -12 12 -14 -15
leaf_value=-0.021763095678796494 -0.02319069940739216 0.043761761676602957 -0.015474039431198044 0.15635412040041227 0.0059545649060665983 0.14347106544651284 0.2483319995656578 0.03611535968506286 0.023095949273686699 -0.019126644196802583 0.13986460855786123 0.11007742520333014 0.17876787083467613 0.017823897220670088
leaf_weight=278.70101444236934 4.1071453513577572 5.8445405298843971 3.8161992123350492 2.5546827865764525 8.9992588851600868 5.834469497203826 3.6482421429827792 7.1850225683301687 16.724022976122804 7.7971369558945289 2.6358052846044293 20.792820635251708 3.1260703876614562 5.4318129839375606
leaf_count=32049 309 118 167 86 481 195 121 366 868 424 121 772 68 161
internal_value=0.000111062 0.0620047 0.0657117 0.0691324 0.0552802 0.0648512 0.0535377 0.107582 0.0338324 0.0223066 0.0389938 0.0909283 0.10032 0.0909693
internal_weight=377.198 98.4972 94.3901 90.5739 55.3786 46.3794 40.5449 10.8333 29.7116 27.157 19.3598 35.1952 29.3507 26.2246
internal_count=36306 4257 3948 3781 2662 2181 1986 487 1499 1413 989 1119 1001 933
is_linear=0
shrinkage=0.03


Tree=9
num_leaves=15
num_cat=0
split_feature=0 6 4 14 0 9 18 2 16 5 15 6 17 18
split_gain=530.082 39.1122 25.3526 23.8812 20.8702 15.871 14.3552 13.5065 19.1509 12.6441 13.7384 12.3673 12.3592 11.2494
threshold=0.01742196257521245 0.0026282859224379986 0.0036708348564242171 18597.000000000004 0.047449236363436571 285.00000000000006 211.35000000000002 0.02019728511750973 7.2500000000000009 0.0081359094342683628 11120.500000000002 0.017606469134868932 189.15000000000003 4156.3500000000013
decision_type=2 2 2 2 2 2 2 2 2 2 2 2 2 2
left_child=-1 -2 6 4 9 -5 -3 8 -8 10 -4 -6 -9 -7
right_child=1 2 3 5 11 13 7 12 -10 -11 -12 -13 -14 -15
leaf_value=-0.022757791441591135 -0.030454347870074776 0.1479025517962399 0.097913935731473778 0.13739422359531661 0.052427679614771829 0.11292157699567704 0.067750194791906748 0.0048024868869557171 0.15295845675555222 0.011810680041720834 0.010852839811766256 0.10181674772287026 0.083630214632882616 0.03125501111350739
leaf_weight=267.95334356091917 4.5566897010430685 3.1835648156702545 3.7350968345999744 4.428135463036595 42.942460991442204 2.5044722640886903 6.0514792073518056 3.3245314219966522 3.9063473539426923 19.10612465813756 2.8961724760010839 5.1055826470255843 3.8784352391958237 3.8542239740490913
leaf_count=31629 367 138 226 155 1420 119 279 125 153 1161 175 81 90 162
internal_value=-3.29477e-05 0.0555897 0.0593267 0.0520937 0.0459984 0.0937878 0.0893946 0.0785406 0.101176 0.0241985 0.0598905 0.0576758 0.0472473 0.0634207
internal_weight=377.427 109.473 104.917 84.5723 73.7854 10.7868 20.3444 17.1608 9.95783 25.7374 6.63127 48.048 7.20297 6.3587
internal_count=36280 4651 4284 3499 3063 436 785 647 432 1562 401 1501 215 281
is_linear=0
shrinkage=0.03


Tree=10
num_leaves=15
num_cat=0
split_feature=1 6 14 17 9 19 17 2 18 18 16 18 18 16
split_gain=341.326 69.0631 22.9078 24.4713 20.973 18.3123 24.7944 56.5999 14.0978 47.0687 54.5796 49.2795 34.375 36.1581
threshold=0.010328151746837655 0.010542381000828206 170.00000000000003 11005.000000000002 26.500000000000004 4.9026732347518687 189.15000000000003 0.01885281513951027 7244.3000000000011 3156.860000000001 1.2500000000000002 4156.3500000000013 45231.500000000007 6.3500000000000005
decision_type=2 2 2 2 2 2 2 2 2 2 2 2 2 2
left_child=-1 4 -3 8 -2 -6 -7 -8 9 -4 -11 -12 -10 -14
right_child=1 2 3 -5 5 6 7 -9 12 10 11 -13 13 -15
leaf_value=-0.022790752783461116 0.092521590048048025 0.13290378970424072 0.039849376732594595 0.11157221875297998 -0.028500324820350122 -0.0029631254175627271 -0.030700636551100939 0.17438769101352466 -0.0022644609271019931 0.20969111540505403 0.17868040130008589 -0.0062514320429630484 0.034140211587222129 0.11159487672465283
leaf_weight=236.94015208166093 2.1816627066582432 2.8777415119111529 34.332194950431585 5.0149953421205273 15.086317045614122 16.276040078140799 2.3647720636799923 2.482446538284421 16.816811456345022 3.4917286671698076 2.0034561445936561 3.6768903881311417 25.538329272530973 6.8873033523559561
leaf_count=28501 116 77 1835 175 1181 1224 207 107 938 162 102 214 1173 314
internal_value=-0.000894743 0.0364211 0.0494804 0.0470247 0.00218712 -0.00325562 0.0147742 0.074333 0.0435345 0.0559783 0.116351 0.058974 0.0325408 0.0505918
internal_weight=375.971 139.031 100.639 97.7617 38.3912 36.2096 21.1233 4.84722 92.7467 43.5043 9.17208 5.68035 49.2424 32.4256
internal_count=36326 7825 4990 4913 2835 2719 1538 314 4738 2313 478 316 2425 1487
is_linear=0
shrinkage=0.03


Tree=11
num_leaves=15
num_cat=0
split_feature=0 6 6 8 4 4 4 14 7 7 8 17 2 10
split_gain=391.743 29.4771 18.8331 17.1293 16.9453 15.6648 19.3709 15.9193 14.7446 14.2155 15.5784 38.4694 26.3321 19.3237
threshold=0.015806379029920825 0.0026282859224379986 0.031812932008753916 9.5000000000000018 0.029573227539139924 0.021203536960837845 0.013016034717759572 357.50000000000006 0.0034281007018386726 0.0099381630482470625 72.500000000000014 98.250000000000014 0.019061479201689772 1656.5000000000002
decision_type=2 2 2 2 2 2 2 2 2 2 2 2 2 2
left_child=8 -2 3 -3 5 6 7 -5 -1 10 11 12 -9 -13
right_child=1 2 -4 4 -6 -7 -8 9 -10 -11 -12 13 -14 -15
leaf_value=0.073551072402853176 -0.030430999272305762 0.1072259955288441 0.12297233328386764 -0.0028720588925784689 -0.016576693894065304 0.091596459076400336 0.012430847234877931 0.17355406436274623 -0.022563441268085929 0.033883109090494419 0.048175979138285897 0.0023713708328407068 0.069191018048043618 0.088549603008710676
leaf_weight=1.4446551539003838 4.6362889567390075 3.82036736793816 2.843238065019249 5.1739152530208221 4.1878973720595232 6.1050282604992381 16.509656256064773 4.981576790101828 253.74273690395057 26.795658180490136 31.44702670071274 5.2294163601472956 3.8633251711726189 4.2407408971339464
leaf_count=158 393 51 36 167 200 244 666 177 31240 1142 1383 148 118 123
internal_value=-0.00100795 0.0437359 0.0467208 0.0447912 0.0425935 0.0449683 0.0420707 0.0480579 -0.0220193 0.0514998 0.060986 0.0829807 0.12797 0.040962
internal_weight=375.022 119.834 115.198 112.355 108.534 104.346 98.2413 81.7317 255.187 76.5577 49.7621 18.3151 8.8449 9.47016
internal_count=36246 4848 4455 4419 4368 4168 3924 3258 31398 3091 1949 566 295 271
is_linear=0
shrinkage=0.03


Tree=12
num_leaves=15
num_cat=0
split_feature=0 17 8 7 1 6 16 14 19 8 16 10 18 9
split_gain=384.919 30.727 23.8731 22.51 17.9206 25.7243 16.9681 61.8047 22.4592 17.2486 13.1667 26.964 62.6841 26.1304
threshold=0.015806379029920825 11005.000000000002 35.500000000000007 0.0034281007018386726 0.051434439299783231 0.016129801848526644 4.9500000000000011 3546.5000000000005 6.9059529344359722 18.500000000000004 7.9000000000000012 2772.5000000000005 225.50000000000003 227.50000000000003
decision_type=2 2 2 2 2 2 2 2 2 2 2 2 2 2
left_child=3 2 6 -1 10 -6 8 -8 9 -2 -4 -12 -13 -14
right_child=1 -3 4 -5 5 -7 7 -9 -10 -11 11 12 13 -15
leaf_value=0.099093428364785449 -0.032523641141753809 0.11043101086576503 0.010573730430155876 -0.021921824084208522 0.041701061568764283 0.13410578575988047 0.018305548657237498 0.15840026687136455 0.083441307253629332 0.044698514907973524 0.010316622314654134 -0.030707175605837751 0.051404505999818093 0.16565891471469699
leaf_weight=1.3911063373088826 3.8820159854367393 5.8844151748344293 34.128093482926488 248.76891167648137 24.269585154950622 3.0524461157619944 5.4015366425737756 5.9627093374729156 8.4083396047353727 7.9026073357090354 13.128387736156585 3.5356227802112681 2.912270569242537 4.7235053814947605
leaf_count=142 88 175 1813 31319 862 45 162 142 138 275 655 177 124 166
internal_value=0.000127231 0.0435348 0.0401791 -0.0212489 0.0319691 0.0520246 0.0624882 0.0918119 0.0459853 0.0192605 0.0225907 0.0394681 0.0737263 0.122082
internal_weight=373.352 123.192 117.307 250.16 85.7499 27.322 31.5572 11.3642 20.193 11.7846 58.4279 24.2998 11.1714 7.63578
internal_count=36283 4822 4647 31461 3842 907 805 304 501 363 2935 1122 467 290
is_linear=0
shrinkage=0.03


Tree=13
num_leaves=15
num_cat=0
split_feature=0 6 7 16 8 1 17 1 8 19 17 17 4 4
split_gain=317.432 24.9881 15.0439 15.5935 14.4359 30.1518 23.4082 17.0633 16.7601 19.5406 23.3228 24.2958 18.4245 16.0104
threshold=0.015806379029920825 0.0026282859224379986 0.0059811209134019395 7.9000000000000012 26.500000000000004 0.048261544223370027 11005.000000000002 0.024687338279132224 300.00000000000006 6.0724681651605019 1953.7500000000002 542.70000000000016 0.016298586436782763 0.0033723517967967748
decision_type=2 2 2 2 2 2 2 2 2 2 2 2 2 2
left_child=2 -2 3 -1 5 7 8 -3 13 10 11 12 -10 -6
right_child=1 4 -4 -5 6 -7 -8 -9 9 -11 -12 -13 -14 -15
leaf_value=-0.0033332451434982544 -0.030469160931871749 0.054358562012463231 -0.022211292436417285 0.13527263854728319 0.054893395434480831 0.02712305472537049 0.10300345373503378 0.12395101017293644 0.044207618260362749 -0.0067254478735645331 0.12010948307230623 -0.030892281739244576 0.11720732056556622 0.014771987153212224
leaf_weight=2.2264026417396958 4.8321706820279351 5.8847240870818514 242.95188171276823 1.0872422759421168 10.820292258635162 13.147929770871995 4.2232886338606468 6.8758489228785038 16.67045158147813 4.9804689036682239 4.5285732951015225 3.2130505135282865 3.8258101185783735 51.826241090893745
leaf_count=248 398 176 31250 121 433 190 109 121 574 241 88 134 121 2289
internal_value=-0.00128348 0.03648 -0.0213453 0.0421448 0.0390476 0.0590063 0.0338811 0.0918574 0.0308359 0.0480621 0.0577253 0.0458097 0.0578337 0.0217017
internal_weight=377.094 130.829 246.266 3.31364 125.997 25.9085 100.088 12.7606 95.8649 33.2184 28.2379 23.7093 20.4963 62.6465
internal_count=36493 4874 31619 369 4476 487 3989 297 3880 1158 917 829 695 2722
is_linear=0
shrinkage=0.03


Tree=14
num_leaves=15
num_cat=0
split_feature=0 6 16 19 19 19 17 4 17 16 8 17 17 19
split_gain=348.927 20.6947 23.8099 22.2328 17.7564 22.5843 18.8984 22.5086 15.2893 22.1642 46.7389 37.5671 31.0531 30.3506
threshold=0.015806379029920825 0.0079015944006199986 8.2500000000000018 4.9026732347518687 6.0622724303375985 5.5844356993904496 10.950000000000001 0.0061456543911834081 11005.000000000002 6.3500000000000005 44.500000000000007 5.0500000000000007 104.05000000000001 3.8887538546699645
decision_type=2 2 2 2 2 2 2 2 2 2 2 2 2 2
left_child=-1 3 8 -2 5 -5 -6 -8 9 11 -11 -3 -12 -14
right_child=1 2 -4 4 6 -7 7 -9 -10 10 12 -13 13 -15
leaf_value=-0.021532559282230152 -0.013900150824528673 0.090685710497700578 -0.018822098720906785 0.030368401101302331 -0.030937602937023391 0.14244672948241305 0.1214474453832876 -0.0018633416544384638 0.091606784004335487 0.12071506020429543 0.017990198433380494 0.024520021298951571 0.14873764386172911 0.027935310537360775
leaf_weight=241.35596633795649 12.556815908290448 9.0492363097146136 5.0506545715033999 3.8977128695696619 4.6093810452148301 2.7666511414572597 2.3548722406849265 3.0679283691570163 6.7304653804749242 9.5252895615994913 15.812741884961726 52.694820698350668 3.9893771903589359 3.5263512255623937
leaf_count=31635 770 263 253 139 195 118 80 128 128 165 583 1837 117 93
internal_value=0.000103439 0.0386044 0.0447495 0.0162579 0.0389387 0.0768967 0.0137232 0.0516848 0.0479182 0.0448099 0.0647171 0.0342173 0.0418525 0.0920576
internal_weight=376.988 135.632 106.379 29.2534 16.6965 6.66436 10.0322 5.4228 101.328 94.5978 32.8538 61.7441 23.3285 7.51573
internal_count=36504 4869 3439 1430 660 257 403 208 3186 3058 958 2100 793 210
is_linear=0
shrinkage=0.03


Tree=15
num_leaves=15
num_cat=0
split_feature=0 7 6 14 11 7 7 7 8 18 17 19 8 18
split_gain=335.949 19.7202 19.531 17.4864 11.8423 11.0138 9.61256 12.5335 8.61263 13.4112 30.9107 20.5428 12.3418 20.8204
threshold=0.015806379029920825 0.0072789395474655372 0.0026282859224379986 18573.500000000004 24.500000000000004 0.015186995425959617 0.012758946851414441 0.011919504036559916 9.5000000000000018 896787.70000000007 6130.5000000000009 6.9059529344359722 35.500000000000007 5732.9000000000005
decision_type=2 2 2 2 2 2 2 2 2 2 2 2 2 2
left_child=1 3 -2 -1 5 6 7 8 -4 10 12 -11 -10 -14
right_child=2 -3 4 -5 -6 -7 -8 -9 9 11 -12 -13 13 -15
leaf_value=0.0093332032774413841 -0.023874273589655989 -0.022697377466808718 0.080916050025624589 0.14704941367641894 0.0075600332701652589 0.00061227947208974064 0.083519344396709716 -0.0097722914221465979 0.060990404050507326 -0.032777756740938267 0.1124555326734429 0.051052411208560251 0.047601059393190488 0.013450703909488554
leaf_weight=4.5451877252198747 4.5658982368186107 231.07384664099663 5.3242395035922518 1.0151265510357914 9.8734348341822606 5.6178770614787927 5.1912805316969743 4.092587952502071 21.26162367593497 5.1953530590981227 5.8033215198665848 5.3298979746177793 42.971108772791922 25.662716116756201
leaf_count=536 389 31028 47 119 318 203 164 143 517 115 129 116 1610 1117
internal_value=0.000482698 -0.021354 0.037159 0.0344756 0.0392032 0.0416739 0.043583 0.0417902 0.043682 0.0418157 0.0453509 0.00967313 0.0410188 0.034832
internal_weight=377.524 236.634 140.889 5.56031 136.323 126.45 120.832 115.641 111.548 106.224 95.6988 10.5253 89.8954 68.6338
internal_count=36551 31683 4868 655 4479 4161 3958 3794 3651 3604 3373 231 3244 2727
is_linear=0
shrinkage=0.03


Tree=16
num_leaves=15
num_cat=0
split_feature=2 8 6 18 14 8 15 19 19 17 6 9 12 4
split_gain=85.2869 50.3859 32.1371 23.1801 31.8818 16.5049 20.7624 17.7952 17.2602 13.4236 12.3792 13.1968 11.9499 11.3213
threshold=0.0066089565738046453 480.00000000000006 0.01246738537560607 414756.00000000006 3490.0000000000005 203.50000000000003 1859.5000000000002 6.4887487153658023 6.5673754076530182 32.650000000000013 0.021817304566955621 97.500000000000014 323.00000000000006 0.0025138611456594867
decision_type=2 2 2 2 2 2 2 2 2 2 2 2 2 2
left_child=-1 2 -2 4 -3 7 -7 13 -9 -6 11 -10 -13 -4
right_child=1 3 5 -5 9 6 -8 8 10 -11 -12 12 -14 -15
leaf_value=-0.017920341330294978 -0.0097724271843497232 0.11065613982725903 0.033835640665613974 0.12072069376586747 -0.030959688726178349 0.095503519511320203 0.024457293133916543 0.12105511599027483 -0.008855291801080252 0.035590622491169885 0.078105444255209391 0.022569960782881714 0.093874046622719282 -0.0015978696290215374
leaf_weight=149.64648488117382 70.562802756670862 4.3842539396137061 9.2028322624973935 3.8832936175167552 3.7112907217815509 4.4910080437548485 21.072033241391182 1.7583619169890905 10.423088036943232 10.293623315170406 3.3654354112222782 11.535354829393325 2.5903371935710302 68.680055738426745
leaf_count=19469 7024 128 655 43 149 191 994 95 919 286 63 651 96 5785
internal_value=-0.00035421 0.0112796 0.00659501 0.0541204 0.0400562 0.015271 0.036939 0.0101211 0.0298908 0.0179548 0.0241482 0.0167511 0.0356455 0.00258904
internal_weight=375.6 225.954 203.681 22.2725 18.3892 133.119 25.563 107.555 29.6726 14.0049 27.9142 24.5488 14.1257 77.8829
internal_count=36548 17079 16473 606 563 9449 1185 8264 1824 435 1729 1666 747 6440
is_linear=0
shrinkage=0.03


Tree=17
num_leaves=15
num_cat=0
split_feature=0 6 18 18 0 8 18 18 18 18 16 8 14 15
split_gain=290.172 19.665 16.6616 33.0208 24.1343 32.7264 22.902 30.9558 22.618 42.83 18.3025 15.1852 24.6975 23.2996
threshold=0.010300690231421336 0.0026282859224379986 594.33000000000004 1338.5500000000002 0.062724290341685057 66.500000000000014 3156.860000000001 4156.3500000000013 1031.0700000000004 800.5400000000003 3.1000000000000005 225.50000000000003 355.50000000000006 921.00000000000011
decision_type=2 2 2 2 2 2 2 2 2 2 2 2 2 2
left_child=11 -2 4 8 5 -3 -5 -8 9 -4 -6 -1 -13 -14
right_child=1 2 3 6 10 -7 7 -9 -10 -11 -12 12 13 -15
leaf_value=-0.023835879934992085 -0.024673550772986903 0.071648128251739468 0.11688436641526484 -0.0042159014293508892 0.10243961616037678 -0.023368174098160756 0.11209142244084767 0.035424178600659599 0.14222082001052488 -0.031068593186649774 0.020406108360580995 0.14589972303556925 0.084385220763565361 -0.015325832611681361
leaf_weight=197.32402299530804 5.2117380872368804 4.0889121117070379 4.2445367756299657 12.176231310237197 3.9996711136773211 16.140965559519827 5.0071117756888261 88.800193149596453 4.3184427260421216 3.0094840792007744 6.308600646443665 1.0220119878649736 2.3557456955313709 20.147338361479342
leaf_count=27282 478 156 137 480 101 872 145 2962 173 125 175 141 319 2838
internal_value=0.000892053 0.0326017 0.0346173 0.039746 0.0148744 -0.00416325 0.0344921 0.0395164 0.0878631 0.0555029 0.0522356 -0.0211197 0.00166319 -0.00488754
internal_weight=374.155 153.306 148.094 117.556 30.5381 20.2299 105.984 93.8073 11.5725 7.25402 10.3083 220.849 23.5251 22.5031
internal_count=36384 5804 5326 4022 1304 1028 3587 3107 435 262 276 30580 3298 3157
is_linear=0
shrinkage=0.03


Tree=18
num_leaves=15
num_cat=0
split_feature=0 6 7 9 4 1 10 17 2 17 17 10 1 3
split_gain=226.534 14.8918 11.28 10.8229 15.4717 18.5937 13.3097 11.0074 24.0067 13.7639 23.1246 18.4831 12.2987 29.1051
threshold=0.010300690231421336 0.0026282859224379986 0.014999251303157655 249.50000000000003 0.003266122606398096 0.030602335253689633 1109.5000000000002 49.750000000000007 0.014873257272530365 98.250000000000014 175.05000000000004 318.50000000000006 0.019890913707232168 0.0092867480579205373
decision_type=2 2 2 2 2 2 2 2 2 2 2 2 2 2
left_child=-1 -2 3 4 5 -3 -5 8 -6 -9 -11 -12 13 -13
right_child=1 2 -4 6 7 -7 -8 9 -10 10 11 12 -14 -15
leaf_value=-0.021763203664353584 -0.024635094585472091 0.12026694164285223 -0.010084371279260663 -0.013520665253619155 0.068546641178837631 0.041703209989995056 0.025719201823208446 0.092237904504517632 -0.01020194673801028 -0.032358595530678304 -0.0090842882233297725 0.015886981765623354 0.044654353425278979 0.17774339041528928
leaf_weight=216.4863040051423 5.1763304383493951 4.1204755152575654 7.007627203129231 8.7338467314839345 4.8011503848247257 7.9271669825538993 71.201172381173819 4.0809924453496924 12.700797887984661 4.1524382135830811 5.0028950246050981 1.8749421057291353 19.884683125186712 2.1424210318364203
leaf_count=30606 478 152 279 639 189 144 2442 133 426 150 136 103 448 116
internal_value=-0.00180036 0.0254131 0.0270994 0.0288765 0.0378001 0.0685732 0.0214318 0.0310149 0.0114004 0.0402585 0.0338415 0.0433517 0.054327 0.102203
internal_weight=375.293 158.807 153.631 146.623 66.688 12.0476 79.935 54.6403 17.5019 37.1384 33.0574 28.9049 23.902 4.01736
internal_count=36441 5835 5357 5078 1997 296 3081 1701 615 1086 953 803 667 219
is_linear=0
shrinkage=0.03


Tree=19
num_leaves=15
num_cat=0
split_feature=0 7 6 8 1 18 6 18 14 19 19 18 18 18
split_gain=233.851 18.8093 16.4411 12.8868 15.8533 12.6706 19.5711 26.3121 18.4162 17.6027 19.5074 26.0327 32.0717 16.4773
threshold=0.015806379029920825 0.0034281007018386726 0.0026282859224379986 23.500000000000004 0.048261544223370027 5520.5500000000002 0.010542381000828206 3156.860000000001 1310.5000000000002 5.4674259375277803 4.6220253693552618 726.19500000000005 1140.3500000000001 4156.3500000000013
decision_type=2 2 2 2 2 2 2 2 2 2 2 2 2 2
left_child=1 -1 -2 4 -4 6 -5 8 -8 10 11 -10 -13 -9
right_child=2 -3 3 5 -6 -7 7 13 9 -11 -12 12 -14 -15
leaf_value=0.08049536749214585 -0.030429613558553874 -0.021979610118700321 0.06994635003090266 0.0015221628046670022 0.025456120038551331 0.014642121632104689 0.086734037766855995 0.13422866600772013 -0.0017066690123700471 -0.031620836100893134 0.085176096676311222 0.13484752266861733 0.01783223080449919 0.047714775263388465
leaf_weight=1.6240262938663352 4.3492379155941299 218.64504664717242 13.813650326803328 12.954714014194904 15.074526784941552 59.829544158652425 5.0090362755581728 4.1522010611370197 15.394138725474482 4.2987207649275652 5.3539393395185462 3.4195945262908918 5.496289785951376 3.7896632291376591
leaf_count=148 394 31513 234 566 163 2008 110 97 618 119 120 92 195 112
internal_value=-0.00143639 -0.0212241 0.0270634 0.0287462 0.0467303 0.0244059 0.0341633 0.0431769 0.0330346 0.0251146 0.0333364 0.0219194 0.0627122 0.0929464
internal_weight=373.204 220.269 152.935 148.586 28.8882 119.698 59.8683 46.9136 38.9717 33.9627 29.664 24.31 8.91588 7.94186
internal_count=36489 31661 4828 4434 397 4037 2029 1463 1254 1144 1025 905 287 209
is_linear=0
shrinkage=0.03


Tree=20
num_leaves=15
num_cat=0
split_feature=1 6 7 14 17 10 17 17 17 17 17 17 17 19
split_gain=192.07 32.099 13.5723 11.8289 13.3301 39.0776 10.7178 10.6444 19.3069 11.1706 12.8456 14.8146 10.0224 12.8219
threshold=0.0098420199876976377 0.0097520888232327848 0.0032951610052003011 1537.0000000000002 189.15000000000003 1258.5000000000002 16.250000000000004 19997.000000000004 11005.000000000002 7447.2000000000007 6130.5000000000009 4002.5000000000005 3.9500000000000006 5.7409176684237311
decision_type=2 2 2 2 2 2 2 2 2 2 2 2 2 2
left_child=2 3 -1 -2 6 -6 12 8 9 10 11 -3 -5 -14
right_child=1 7 -4 4 5 -7 -8 -9 -10 -11 -12 -13 13 -15
leaf_value=0.067506568310394671 -0.022778984071125233 0.029534750144425533 -0.022130769608552345 -0.0093698129207434398 -0.030872879055087191 0.124120238779289 -0.030827558193811149 -0.024044398348137642 0.088501521469367406 -0.024854429739078514 0.086479826514167232 -0.031468330380321347 0.080750391677861202 -0.0074328539363148777
leaf_weight=1.5323580484837283 14.992973150685428 117.8996629724279 192.58576386980712 6.9862446915358358 2.7899846956133834 3.0804511425085366 7.0202963892370454 3.3574298373423508 4.8975797127932301 3.5250018993392578 3.4385152319446197 3.6951321493834248 3.4959660326130688 2.5784577983431518
leaf_count=128 1195 4868 28102 465 212 127 466 91 105 89 57 157 237 186
internal_value=-0.000791554 0.021739 -0.0214232 -0.00156447 0.0106918 0.0504582 -0.000933375 0.028713 0.0300403 0.0278131 0.0292979 0.0276809 0.0151352 0.0433186
internal_weight=371.876 177.758 194.118 40.9444 25.9514 5.87044 20.081 136.813 133.456 128.558 125.033 121.595 13.0607 6.07442
internal_count=36485 8255 28230 2888 1693 339 1354 5367 5276 5171 5082 5025 888 423
is_linear=0
shrinkage=0.03


Tree=21
num_leaves=15
num_cat=0
split_feature=0 4 0 4 14 15 8 1 0 2 1 18 19 1
split_gain=212.028 12.3076 13.1964 12.6993 11.1539 10.7337 15.093 16.2159 10.3345 9.24006 13.911 20.9521 26.2571 7.09465
threshold=0.015806379029920825 0.029573227539139924 0.041441439554600695 0.021568400531855356 3010.5000000000005 1854.0000000000002 225.50000000000003 0.0056544323257379956 0.017594931054431485 0.0097095488112485789 0.019549313162205453 1245.4500000000003 3.4610361497884656 0.019890913707232168
decision_type=2 2 2 2 2 2 2 2 2 2 2 2 2 2
left_child=5 2 4 13 -2 6 -1 -8 -6 -10 -11 12 -12 -4
right_child=1 -3 3 -5 8 -7 7 -9 9 10 11 -13 -14 -15
leaf_value=-0.011753791528398368 -0.015297650883527516 -0.016921613974902969 0.063949755435950412 0.075603803286546881 0.07606070280798026 -0.02331256599428063 -0.0008947355146380594 0.12873628410762328 -0.012012007738790567 0.074364633858851614 0.00079762974239720101 -0.0025381883629971035 0.13033508415299466 0.028049249813579896
leaf_weight=25.997048062738035 9.7785418145358545 6.0805880893021813 5.2158615700900546 5.7623673537746063 2.8089935434982172 182.84514248045161 2.0451385276392098 1.5095246187411246 7.9916888969019046 4.2708633793517974 2.8504610303789404 15.884717719629405 2.7835699953138828 98.750885607674718
leaf_count=3752 617 228 110 123 155 27472 276 191 385 160 128 684 82 2178
internal_value=-0.000878396 0.0249517 0.0265828 0.032253 0.0131645 -0.0206013 -0.00382594 0.0541544 0.0207708 0.0161734 0.0249074 0.0150916 0.0647974 0.0298503
internal_weight=374.575 162.179 156.098 109.729 46.3688 212.397 29.5517 3.55466 36.5903 33.7813 25.7896 21.5187 5.63403 103.967
internal_count=36541 4850 4622 2411 2211 31691 4219 467 1594 1439 1054 894 210 2288
is_linear=0
shrinkage=0.03


Tree=22
num_leaves=15
num_cat=0
split_feature=0 6 8 2 4 12 8 0 17 7 13 6 17 17
split_gain=198.711 15.2233 13.6566 17.7771 16.6834 12.4086 10.5398 14.1602 10.9652 9.76839 9.47223 9.45839 8.68851 12.4376
threshold=0.010300690231421336 0.0026282859224379986 225.50000000000003 0.0068770647147807984 0.0018854824318658254 121.50000000000001 3.5000000000000004 0.054617363836358193 11005.000000000002 0.015570201506108336 5.5000000000000009 0.031812932008753916 7447.2000000000007 6130.5000000000009
decision_type=2 2 2 2 2 2 2 2 2 2 2 2 2 2
left_child=2 -2 -1 4 5 -4 7 10 11 -6 -3 12 13 -8
right_child=1 6 3 -5 9 -7 8 -9 -10 -11 -12 -13 -14 -15
leaf_value=-0.023965388153530345 -0.030405617232134412 -0.0039149898449820876 0.18453207098205229 0.1282520035093575 -0.015970511854435616 0.0093196836457069415 0.0195995066662191 0.13708582825190624 0.054275129076955531 0.097996055801741741 0.10449256426830707 0.06489777676011553 -0.025454536241336607 0.080159165736354926
leaf_weight=178.04289299948141 4.7093070270493618 2.2572454316541548 0.69851092156023387 0.94643837492912908 18.968592182733122 0.75911365821957588 141.30208080122247 1.7131724618375299 9.4736869269981963 0.70192572847008605 1.0689042801968751 4.2953894287347785 3.7319877762347451 3.1195892803370944
leaf_count=27328 467 263 105 126 2864 116 4768 12 151 97 78 36 59 36
internal_value=-0.000892122 0.0227876 -0.0212059 0.00105111 -0.00464687 0.0932835 0.024288 0.0670144 0.0229583 -0.0119037 0.0309233 0.0210121 0.0197398 0.0209076
internal_weight=371.789 171.671 200.117 22.0746 21.1281 1.45762 166.962 5.03932 161.923 19.6705 3.32615 152.449 148.154 144.422
internal_count=36506 5870 30636 3308 3182 221 5403 353 5050 2961 341 4899 4863 4804
is_linear=0
shrinkage=0.03


Tree=23
num_leaves=15
num_cat=0
split_feature=1 6 9 19 17 2 15 16 1 2 1 17 14 2
split_gain=161.004 18.5276 17.7961 16.375 14.83 29.9608 9.92552 21.1731 9.88356 23.7586 15.5788 14.228 11.2107 9.79665
threshold=0.0098420199876976377 0.010070468591518963 26.500000000000004 4.562262140174151 189.15000000000003 0.01885281513951027 78.000000000000014 7.9000000000000012 0.012260568431489921 0.0075770573247140828 0.037485429543690933 1.9500000000000002 213.00000000000003 0.0125784279054549
decision_type=2 2 2 2 2 2 2 2 2 2 2 2 2 2
left_child=6 2 -2 -4 -5 -6 7 -1 9 -3 13 -12 -13 -10
right_child=1 8 3 4 5 -7 -8 -9 10 -11 11 12 -14 -15
leaf_value=-0.030242091349424502 0.069394730629584622 0.029833848254736704 -0.02858808138030372 -0.0020072652218597435 -0.031050355796169975 0.10510928562714469 -0.021223692251324571 0.14284126891999235 -0.016496619613005845 0.15259443316418503 0.067607353369644865 0.066659834182362099 0.022949005218028076 0.015951645431165427
leaf_weight=1.6383218835107975 3.2458323277533045 6.7726899990811926 14.848621137905864 18.711775187402967 2.3893000185489646 3.7172936033457518 179.98812854057178 1.0397945339791475 10.508427940309046 1.7949102991260586 8.2795050889253599 5.7061650706455103 70.832011247053742 41.229654994793236
leaf_count=229 159 602 1133 1324 223 112 27815 134 684 115 137 56 1707 2015
internal_value=-0.000311251 0.0191753 0.00185781 -0.00366853 0.0112406 0.0518347 -0.0203707 0.0369585 0.0242961 0.0555522 0.022335 0.030249 0.0262078 0.00936114
internal_weight=370.702 188.036 42.9128 39.667 24.8184 6.10659 182.666 2.67812 145.123 8.5676 136.556 84.8177 76.5382 51.7381
internal_count=36445 8267 2951 2792 1659 335 28178 363 5316 717 4599 1900 1763 2699
is_linear=0
shrinkage=0.03


Tree=24
num_leaves=15
num_cat=0
split_feature=1 6 7 3 6 19 7 1 2 19 4 4 9 8
split_gain=158.721 19.1521 12.6148 10.8149 11.9964 13.919 18.5979 11.7183 30.8437 10.5348 9.70322 9.06773 8.2284 7.98136
threshold=0.0098420199876976377 0.0079015944006199986 0.0049856631165859271 0.023446596993939219 0.013143008260700745 3.2771162522949617 0.0095881753653180527 0.012260568431489921 0.0075770573247140828 3.051614755219402 0.0014503221599221443 0.0090777009625891674 117.50000000000001 38.500000000000007
decision_type=2 2 2 2 2 2 2 2 2 2 2 2 2 2
left_child=2 9 12 4 5 6 -3 8 11 -2 -9 -6 -1 -12
right_child=1 3 -4 -5 7 -7 -8 10 -10 -11 13 -13 -14 -15
leaf_value=-0.0044615859717246449 -0.03054652118609813 0.041823345127734522 -0.021229520759397217 -0.01629446184757033 -0.0032073752120470519 0.02937580781742179 0.13480649456558041 0.068034092088182493 0.18671972340817591 0.0082247491970572351 0.030049510881638368 0.07873842927982283 0.11120367213172452 0.012025577190245334
leaf_weight=1.1596166887320571 7.7273450414650133 5.3035442410036939 176.89469356462359 5.7550180768594137 3.3003741349093607 19.208300824742764 3.0489154332317412 3.5228405008092514 1.3737547378987072 34.323953483719379 31.556662994902581 1.9236764563247559 1.0591110396198926 73.876693651545793
leaf_count=114 628 203 28008 239 299 682 96 86 75 2267 1037 184 90 2494
internal_value=-5.26427e-05 0.018978 -0.0203379 0.024028 0.0256495 0.0434344 0.0757652 0.0214076 0.0602305 0.00110014 0.0190567 0.0269679 0.0507513 0.0174202
internal_weight=370.035 190.921 179.113 148.87 143.115 27.5608 8.35246 115.554 6.59781 42.0513 108.956 5.22405 2.21873 105.433
internal_count=36502 8290 28212 5395 5156 981 299 4175 558 2895 3617 483 204 3531
is_linear=0
shrinkage=0.03


Tree=25
num_leaves=15
num_cat=0
split_feature=0 15 9 16 6 19 17 17 4 2 19 2 17 9
split_gain=169.25 13.0247 19.7295 11.2123 10.4307 11.7896 10.0998 14.3771 18.02 9.58029 16.7142 14.1319 10.6245 8.68486
threshold=0.010300690231421336 78.000000000000014 217.50000000000003 8.2500000000000018 0.0097520888232327848 3.051614755219402 3.9500000000000006 6.5500000000000007 0.0050763243613321579 0.0060342970138931237 5.1503965643432599 0.0074402731091686445 11005.000000000002 89.500000000000014
decision_type=2 2 2 2 2 2 2 2 2 2 2 2 2 2
left_child=1 2 -1 4 5 -2 -7 -8 -9 10 -6 -11 13 -13
right_child=3 -3 -4 -5 9 6 7 8 -10 11 -12 12 -14 -15
leaf_value=-0.014295190267741521 -0.030591143491725994 -0.021559794335513565 0.15097527909221323 -0.015285070941905352 0.025818081900479174 -0.017405785499039112 0.094188150748126614 0.056004130571758147 -0.0040436467781870796 -0.024914084826789432 0.11710255744127566 0.039779983221868848 0.057422758058682563 0.018952461900942425
leaf_weight=1.8825902580283576 6.1475626225583246 187.690176082775 0.99296739324927319 7.7112125316634765 5.222529715858399 6.6230251663364497 2.3973138122819391 6.8272262434475151 13.182637732010333 5.2065994944423428 2.758886800147593 22.490316846873611 8.7405697712674719 90.633453638292849
leaf_count=265 416 30338 114 392 279 340 112 284 647 317 139 435 125 2335
internal_value=-0.000942807 -0.020589 0.0427748 0.0200972 0.0217 0.00714956 0.0151417 0.024762 0.0164442 0.02549 0.0573718 0.0234875 0.0255555 0.0230932
internal_weight=368.507 190.566 2.87556 177.941 170.23 35.1778 29.0302 22.4072 20.0099 135.052 7.98142 127.071 121.864 113.124
internal_count=36538 30717 379 5821 5429 1799 1383 1043 931 3630 418 3212 2895 2770
is_linear=0
shrinkage=0.03


Tree=26
num_leaves=15
num_cat=0
split_feature=2 4 9 18 18 18 18 13 17 17 9 9 18 7
split_gain=55.4948 18.9101 15.3538 14.8927 25.1633 11.9827 24.6065 15.0635 11.2462 11.4042 31.9436 11.6435 18.2761 12.5301
threshold=0.0064932025225957904 0.00092599612480939036 279.00000000000006 896787.70000000007 717171.09999999998 594.33000000000004 896.11000000000013 2.5000000000000004 10.950000000000001 14.950000000000001 64.500000000000014 97.500000000000014 45231.500000000007 0.011304319760254828
decision_type=2 2 2 2 2 2 2 2 2 2 2 2 2 2
left_child=-1 -2 5 4 -4 -3 7 -7 -8 10 -10 -11 -13 -14
right_child=1 2 3 -5 -6 6 8 -9 9 11 -12 12 13 -15
leaf_value=-0.016012592168426824 0.092027564486975411 -0.018074471431997537 0.016762034806805798 -0.031917714713101744 0.1054207224836744 0.13673053165539437 -0.023748315251987399 0.026387911292052778 0.19235064836899679 -0.0052622750930205993 -0.030485307473539714 -0.0062442427968946142 0.023001659274013229 0.079546432973580841
leaf_weight=124.64702171739191 2.4227373958565286 23.677334116306156 91.127760042902082 5.3441466591320923 2.9752322086133054 1.9514964963309456 12.93216304015368 2.5929450718685985 1.0680413884110742 51.693606088869274 1.2643632469698785 19.333993642125279 20.860274720937017 4.2447515837848178
leaf_count=19112 156 2458 4792 219 48 151 1409 215 83 4768 140 1478 1140 212
internal_value=0.000244167 0.00863527 0.00779015 0.0167985 0.0195651 0.00137372 0.00534538 0.0737718 0.00255393 0.0060084 0.0715545 0.0044181 0.0156788 0.0325622
internal_weight=366.136 241.489 239.066 99.4471 94.103 139.619 115.942 4.54444 111.397 98.465 2.3324 96.1326 44.439 25.105
internal_count=36381 17269 17113 5059 4840 12054 9596 366 9230 7821 223 7598 2830 1352
is_linear=0
shrinkage=0.03


Tree=27
num_leaves=15
num_cat=0
split_feature=0 15 1 4 4 4 9 0 5 10 4 12 18 1
split_gain=163.597 10.6493 18.8895 10.6229 9.19459 11.5182 11.4791 7.99546 7.98555 12.9858 8.653 8.87276 6.64602 7.49508
threshold=0.010300690231421336 50.000000000000007 0.0057322798958415475 0.0010371629954532781 0.029573227539139924 0.021203536960837845 422.50000000000006 0.044612784655404226 0.0044604281194021737 1266.0000000000002 0.0090777009625891674 152.50000000000003 1031.0700000000004 0.019549313162205453
decision_type=2 2 2 2 2 2 2 2 2 2 2 2 2 2
left_child=1 2 -1 -2 5 8 7 -7 9 -5 -10 -12 -13 -14
right_child=3 -3 -4 4 -6 6 -8 -9 10 -11 11 12 13 -15
leaf_value=-0.013067281762638916 0.073019576042024845 -0.020818461165478756 0.16564071997257884 0.0068714914637159168 -0.014722617230383131 -0.010012551073495883 0.092861821021990351 0.058715225045246587 0.021780711065972482 0.074942305077324564 -0.0086065460746491095 -0.0071046758373897742 0.064473167452366267 0.017581090206245282
leaf_weight=1.7479062271304422 3.3563638660125426 182.54295764863491 0.76543316850438703 4.5886799558065814 6.9323836211115113 2.8703359141945821 3.7987876846455038 3.246498272754252 102.33433344820514 5.6009161751717329 20.48602567659691 7.3083646125160184 3.7628179141320315 16.607536995317787
leaf_count=242 72 30378 87 161 269 147 82 67 3216 163 721 273 213 414
internal_value=-0.000142437 -0.019974 0.0413579 0.0201456 0.019146 0.0205222 0.0519021 0.0264646 0.0185858 0.044288 0.0168457 0.00636029 0.0174378 0.026243
internal_weight=365.949 185.056 2.51334 180.893 177.537 170.604 9.91562 6.11683 160.689 10.1896 150.499 48.1647 27.6787 20.3704
internal_count=36505 30707 329 5798 5726 5457 296 214 5161 324 4837 1621 900 627
is_linear=0
shrinkage=0.03


Tree=28
num_leaves=15
num_cat=0
split_feature=0 8 15 0 4 8 2 5 17 15 7 18 17 4
split_gain=135.192 13.6464 18.4702 24.1225 11.2399 11.4857 14.4884 14.5169 13.7718 8.84918 8.51865 11.0746 15.9141 8.45025
threshold=0.010300690231421336 186.50000000000003 921.00000000000011 0.0061480153724536154 0.029573227539139924 20.500000000000004 0.022323782003066815 0.0098062518009984136 79.050000000000011 15.500000000000002 0.0097978710607291714 896787.70000000007 6130.5000000000009 0.003266122606398096
decision_type=2 2 2 2 2 2 2 2 2 2 2 2 2 2
left_child=1 9 3 -3 5 6 7 -2 -9 -1 11 12 13 -7
right_child=4 2 -4 -5 -6 10 -8 8 -10 -11 -12 -13 -14 -15
leaf_value=0.0727019571865474 0.025360650886091636 0.0094873668626558223 -0.0088791956455508136 0.17813871603618139 -0.019429018093683154 0.041345596754155965 -0.00073731618840216086 0.11713793468794996 0.046565894745237556 -0.02301723042729804 0.0069608404120701387 -0.0208732603821019 0.073185725760165091 0.015617919634741377
leaf_weight=0.87416049931198259 12.636974507011479 2.2658311245031686 21.124072899110615 1.1510269134305415 7.2311603566631666 14.2396781318821 7.5466641006059936 3.9723713016137463 6.6630977755412459 154.93515709973872 63.600486148148775 5.2100471029989412 5.5677110804244867 59.496329895220697
leaf_count=114 324 320 3579 114 286 409 106 98 155 26382 2185 139 82 2053
internal_value=-0.000693677 -0.0192051 0.00158814 0.0663005 0.0172396 0.0187215 0.0353841 0.0470973 0.0729247 -0.0224802 0.0152544 0.0214957 0.0242792 0.0205864
internal_weight=366.515 180.35 24.5409 3.41686 186.165 178.933 30.8191 23.2724 10.6355 155.809 148.114 84.5138 79.3037 73.736
internal_count=36346 30509 4013 434 5837 5551 683 577 253 26496 4868 2683 2544 2462
is_linear=0
shrinkage=0.03


Tree=29
num_leaves=15
num_cat=0
split_feature=1 7 6 9 16 18 18 6 19 6 1 18 2 9
split_gain=119.482 16.2653 14.2717 12.1274 8.73652 7.07525 21.0161 6.92929 9.03415 8.37443 14.5686 12.1622 8.96608 6.03403
threshold=0.0098420199876976377 0.0049856631165859271 0.011636449344761103 146.50000000000003 12.600000000000001 177.26500000000001 240.60000000000005 0.0064064677379287597 3.7988536803227717 0.0050689436099621921 0.081715582469749914 1447.4900000000002 0.018807057606177666 365.50000000000006
decision_type=2 2 2 2 2 2 2 2 2 2 2 2 2 2
left_child=1 3 5 -1 -4 -2 -7 8 -8 10 -10 -11 -13 -3
right_child=2 13 4 -5 -6 6 7 -9 9 11 -12 12 -14 -15
leaf_value=-0.0059617191921378576 -0.026511146451026861 -0.023802165035713529 0.02073589248187591 0.13051443034703392 -0.023611747947707762 0.09910510216658773 -0.030551849326318173 -0.021949740764501444 -0.020612656209209206 0.099789909437800223 0.059698933321404246 -0.015818786132794669 0.043788047453101255 -0.010233781553627971
leaf_weight=1.231506300158798 7.3170917811803511 122.27826284244657 150.08277612458915 1.1179709723219273 4.1073867273516944 2.0511940601281813 4.5667816903442171 9.3004024662077409 8.9431265620514768 2.0626248503103843 2.6308464603498569 3.8509180895052832 5.5364836095832288 38.87656526081264
leaf_count=126 584 21623 5061 83 191 77 415 465 835 118 111 229 196 6127
internal_value=-0.000354328 -0.0193865 0.01517 0.0589788 0.0195545 0.000555465 0.00564115 0.000444447 0.00799316 0.0156385 -0.00235726 0.0338291 0.019336 -0.020529
internal_weight=363.954 163.504 200.45 2.34948 154.19 46.2595 38.9424 36.8912 27.5908 23.024 11.574 11.45 9.3874 161.155
internal_count=36241 27959 8282 209 5252 3030 2446 2369 1904 1489 946 543 425 27750
is_linear=0
shrinkage=0.03


Tree=30
num_leaves=15
num_cat=0
split_feature=0 8 6 15 6 17 14 17 17 16 17 16 19 17
split_gain=147.568 13.857 31.3804 10.7644 9.52951 13.0295 14.234 13.8963 17.7463 14.0646 11.1335 13.8094 11.1279 10.7513
threshold=0.010300690231421336 186.50000000000003 0.015549006650833223 54.500000000000007 0.0097520888232327848 1.7500000000000002 11048.000000000002 3.3500000000000001 5.0500000000000007 3.9500000000000006 11.950000000000001 9.0500000000000025 3.051614755219402 120.05000000000001
decision_type=2 2 2 2 2 2 2 2 2 2 2 2 2 2
left_child=1 -1 3 -3 12 6 -6 -7 -9 13 -11 -12 -2 -10
right_child=4 2 -4 -5 5 7 -8 8 9 10 11 -13 -14 -15
leaf_value=-0.02274768993350007 -0.030590743833592868 0.1231976228674785 0.21277624119873861 -0.0070602481699221517 0.084699444880461772 -0.031573191560413424 0.022119028602293665 0.071581638085051413 -0.0070934346643240481 -0.013399262664541457 0.037481660533768425 -0.017358814054479386 0.012643963492754593 0.0180828907357953
leaf_weight=149.43242458626628 6.3864645012654355 0.58529635891318932 0.61721839057281513 23.346690924372524 6.0196622889488918 4.6364536643959573 7.1640065656974912 6.0232336339540771 23.173380510415882 5.0448981225490561 51.929044511169195 4.4898038902319959 33.265465712640435 44.736281898804009
leaf_count=26425 440 45 92 3907 104 135 171 149 669 182 1219 236 1467 1074
internal_value=0.000717249 -0.0193161 0.00157248 -0.00387458 0.0187888 0.0221811 0.0506932 0.0194968 0.0212456 0.0189021 0.0292994 0.0331175 0.00568045 0.00949176
internal_weight=366.85 173.982 24.5492 23.932 192.869 153.217 13.1837 140.033 135.397 129.373 61.4637 56.4188 39.6519 67.9097
internal_count=36315 30469 4044 3952 5846 3939 275 3664 3529 3380 1637 1455 1907 1743
is_linear=0
shrinkage=0.03


Tree=31
num_leaves=15
num_cat=0
split_feature=0 8 6 7 6 4 9 18 15 4 9 10 1 12
split_gain=146.204 10.9447 11.702 11.265 9.63642 8.45046 8.13136 28.5233 7.80537 6.83868 9.34868 6.45405 22.537 11.7048
threshold=0.010300690231421336 160.50000000000003 0.016129801848526644 0.0046108531146312791 0.0026282859224379986 0.029573227539139924 30.500000000000004 15434.975000000002 107.50000000000001 0.021203536960837845 422.50000000000006 2245.0000000000005 0.020544304533765007 23.500000000000004
decision_type=2 2 2 2 2 2 2 2 2 2 2 2 2 2
left_child=1 -1 3 -3 -2 6 7 -6 -8 11 -11 -10 -13 -14
right_child=4 2 -4 -5 5 -7 8 -9 9 10 -12 12 13 -15
leaf_value=-0.022683597631250128 -0.023964017199441301 0.12561653047468632 0.10515590304433589 -0.0085252185397657748 0.098063533704534134 -0.013753219659824126 -0.0236531336821263 0.0090665660121288516 0.013115056990987582 0.020743657811301872 0.077542497133648969 0.071434719140216887 0.042880347612142024 0.011244171468944707
leaf_weight=144.21968429721892 4.6473392788320771 0.57576300483197584 0.88599018752574821 26.316551392432302 5.2564632054418317 6.5329896062612525 3.7472240612842134 8.4534283550456149 86.694288442377001 6.639081285800783 4.2954076589085162 8.4117349032312614 13.864947576075791 43.699164848774672
leaf_count=26053 470 32 118 4489 112 247 119 236 2671 188 80 259 332 1067
internal_value=0.000731815 -0.0193623 -0.00211899 -0.00565325 0.0187099 0.0197671 0.0209766 0.0431886 0.0191569 0.0201375 0.043056 0.018496 0.0255667 0.0188641
internal_weight=364.24 171.998 27.7783 26.8923 192.242 187.595 181.062 13.7099 167.352 163.605 10.9345 152.67 65.9758 57.5641
internal_count=36473 30692 4639 4521 5781 5311 5064 348 4716 4597 268 4329 1658 1399
is_linear=0
shrinkage=0.03


Tree=32
num_leaves=15
num_cat=0
split_feature=1 7 6 9 1 17 17 4 4 17 1 9 16 17
split_gain=112.568 11.1431 9.98186 11.6708 8.63486 7.44486 16.6687 7.44347 8.14343 8.17089 7.17148 6.77661 6.49421 14.4478
threshold=0.0098420199876976377 0.0049856631165859271 0.0050689436099621921 26.500000000000004 0.081715582469749914 19997.000000000004 11005.000000000002 0.029573227539139924 0.021203536960837845 7447.2000000000007 0.0038688341857352213 297.50000000000006 6.3500000000000005 104.05000000000001
decision_type=2 2 2 2 2 2 2 2 2 2 2 2 2 2
left_child=1 10 3 -2 -5 6 7 8 9 12 -1 -10 -4 -14
right_child=2 -3 5 4 -6 -7 -8 -9 11 -11 -12 -13 13 -15
leaf_value=-0.0061107756451108594 0.06425667603075344 -0.020758469578939922 0.010787277843396115 -0.026028841115756748 0.026048877987076922 -0.025713687915911262 0.063872687273679604 -0.017290818733948197 0.016292580685042926 -0.033480161376577652 0.097510565615818515 0.064978960615370521 0.01369654415056667 0.045004296668311183
leaf_weight=1.2353999060578638 1.8707854817621434 152.535437497776 95.916109091136605 13.1980973999016 3.6601061741821459 3.7506778468377879 6.5792680135928086 6.1102266390807918 4.8315069195814413 3.1002695076167575 1.1707695182412861 5.5042945560999215 43.702201939653605 19.048207429703325
leaf_count=112 111 27823 3460 1315 168 104 114 298 165 84 88 157 1681 604
internal_value=-0.000404595 -0.019748 0.0140552 -0.00683321 -0.0147222 0.0161301 0.0169794 0.0152482 0.0164035 0.0147539 0.0443082 0.0422203 0.0156964 0.0232002
internal_weight=362.213 154.942 207.272 18.729 16.8582 188.543 184.792 178.213 172.103 161.767 2.40617 10.3358 158.667 62.7504
internal_count=36284 28023 8261 1594 1483 6667 6563 6449 6151 5829 200 322 5745 2285
is_linear=0
shrinkage=0.03


Tree=33
num_leaves=15
num_cat=0
split_feature=0 7 0 0 4 4 1 3 5 10 0 2 2 17
split_gain=110.136 14.5831 13.2953 9.05743 13.7787 9.2083 7.30513 6.27173 6.60682 10.5241 7.09752 7.70754 11.7404 12.0966
threshold=0.0087384270922014427 0.0034281007018386726 0.041441439554600695 0.0089949464737828205 0.0083685960044767634 0.0014973908276345864 0.019549313162205453 0.0086020505193139685 0.0051214207522026454 962.00000000000011 0.01742196257521245 0.0090052687507331929 0.016469121981989042 63.150000000000013
decision_type=2 2 2 2 2 2 2 2 2 2 2 2 2 2
left_child=1 -1 3 4 -2 -5 -4 -7 9 -9 -10 -12 13 -13
right_child=2 -3 6 5 -6 7 -8 8 10 -11 11 12 -14 -15
leaf_value=0.060180022810366149 -0.0014481552251393304 -0.021710259368327465 0.051137832951373904 0.055110992860197987 0.16637878534033859 -0.014110468895025907 0.016953628295334085 -0.015270967263713228 -0.014931180031864909 0.075926285786769465 -0.018215142000893105 0.094045482470726791 0.0045000392294800295 0.016673307914303406
leaf_weight=1.9832124430686224 1.041153541766106 149.00774269085377 5.8792453114874652 2.7851847400888792 0.7628820058889686 21.585477314889431 130.75104003120214 1.9169116662815202 15.663155445363371 2.8057677606120706 7.1446531401015809 3.1047279797494438 19.352471323218197 4.3900933917611837
leaf_count=138 132 27896 107 179 100 1597 2451 160 2277 159 356 95 749 169
internal_value=-0.000955907 -0.0206347 0.0127253 0.00305826 0.0695217 0.00153566 0.0184246 -0.00042867 0.00500238 0.0389098 0.00177745 0.00947663 0.016846 0.0487247
internal_weight=368.174 150.991 217.183 80.5525 1.80404 78.7484 136.63 75.9633 54.3778 4.72268 49.6551 33.9919 26.8473 7.49482
internal_count=36565 28034 8531 5973 232 5741 2558 5562 3965 319 3646 1369 1013 264
is_linear=0
shrinkage=0.03


Tree=34
num_leaves=15
num_cat=0
split_feature=0 7 18 9 1 18 11 0 14 0 19 10 1 17
split_gain=110.778 14.8683 12.0718 19.0486 10.5401 37.4059 10.8951 10.008 10.6802 8.23681 15.8182 9.0615 11.6595 7.98756
threshold=0.010300690231421336 0.0072789395474655372 4515.4500000000016 150.00000000000003 0.0054206962511753973 18337.160000000003 27.500000000000004 0.051212898359563962 18528.500000000004 0.017594931054431485 3.5219379084376894 2538.0000000000005 0.020544304533765007 1.2500000000000002
decision_type=2 2 2 2 2 2 2 2 2 2 2 2 2 2
left_child=1 2 -1 -4 5 -2 7 8 -6 10 -10 -11 -13 -9
right_child=4 -3 3 -5 6 -7 -8 13 9 11 -12 12 -14 -15
leaf_value=-0.01844104330989197 0.1735720669509932 -0.020399544783675325 0.0051527569774796967 0.1589337398098786 -0.0056035448660632526 -0.017099567689913435 -0.014562444582974819 -0.010846952850325569 0.10975249269320711 -0.0056574262561321807 -0.0027420417350018369 0.07743446487024537 0.015091811462843009 0.022796732526920317
leaf_weight=2.5154856364242724 1.6139794168993824 156.7018649908714 1.6947713606059553 1.2668144530616698 34.003227939363569 2.1723574572242796 11.600133373402057 6.744122462347149 2.3419194985181084 14.070300375111399 2.1648718039505184 3.2990567106753614 14.867118751630185 108.98579333443195
leaf_count=285 123 29895 237 120 1803 154 339 137 132 500 173 82 484 1883
internal_value=-0.000238267 -0.0187013 0.0298853 0.0709324 0.0145952 0.0641769 0.0136474 0.0154022 0.00651322 0.0177264 0.0557149 0.0124155 0.0264135 0.0208362
internal_weight=364.042 162.179 5.47707 2.96159 201.863 3.78634 198.077 186.476 70.7465 36.7433 4.50679 32.2365 18.1662 115.73
internal_count=36347 30537 642 357 5810 277 5533 5194 3174 1371 305 1066 566 2020
is_linear=0
shrinkage=0.03


Tree=35
num_leaves=15
num_cat=0
split_feature=0 8 14 15 0 6 7 8 4 0 14 4 6 15
split_gain=110.388 11.6086 14.4837 11.4553 15.9113 10.6958 9.80001 9.377 9.14677 8.81514 8.547 11.2951 7.99093 8.72029
threshold=0.010300690231421336 225.50000000000003 355.50000000000006 921.00000000000011 0.0061480153724536154 0.0026282859224379986 0.0072789395474655372 3.5000000000000004 0.029573227539139924 0.0018600008714027038 18573.500000000004 0.0071590381390911825 0.031812932008753916 625.00000000000011
decision_type=2 2 2 2 2 2 2 2 2 2 2 2 2 2
left_child=1 6 -3 4 -4 -2 9 10 12 -1 11 -7 13 -9
right_child=5 2 3 -5 -6 7 -8 8 -10 -11 -12 -13 -14 -15
leaf_value=0.10713236939955571 -0.030440002122857482 0.11047780466505862 -0.011749676603016936 -0.013237681256254567 0.1285862634436008 0.068484396939617359 -0.023066066666771162 -0.0069820908379205253 -0.021950400316610188 0.0013758717748178161 0.10644682528315026 -0.031377656750135104 0.056340303169175321 0.016766011621714677
leaf_weight=0.87265999335795541 4.6175379534251979 1.065538296476009 1.6206740671768813 15.944479939993469 1.3188362354412673 2.5818426441401234 135.3980278884992 15.164929663296787 5.9753333684056988 3.7903286996297538 1.8375386483967302 1.6844160431064663 4.2664129454642525 168.97944268770516
leaf_count=90 466 141 224 2905 102 139 26738 385 223 487 74 140 32 4357
internal_value=0.000132125 -0.0185438 0.00286685 -0.00320516 0.0512132 0.0147018 -0.0215934 0.0157414 0.0145918 0.0211678 0.0523548 0.0290566 0.0157507 0.0148103
internal_weight=365.118 160.011 19.9495 18.884 2.93951 205.107 140.061 200.49 194.386 4.66299 6.1038 4.26626 188.411 184.144
internal_count=36503 30687 3372 3231 326 5816 27315 5350 4997 577 353 279 4774 4742
is_linear=0
shrinkage=0.03


Tree=36
num_leaves=15
num_cat=0
split_feature=0 6 15 1 3 4 6 14 12 4 13 12 9 0
split_gain=107.331 9.46726 8.48757 14.6533 7.00934 7.03175 7.06985 8.49157 6.59025 11.8535 6.99928 6.79494 8.27628 7.76356
threshold=0.0087384270922014427 0.0026282859224379986 78.000000000000014 0.0061253675483898271 0.045352602047333927 0.037572065501796426 0.031812932008753916 148.50000000000003 248.50000000000003 0.0071590381390911825 32.500000000000007 8.5000000000000018 289.50000000000006 0.016451873577625332
decision_type=2 2 2 2 2 2 2 2 2 2 2 2 2 2
left_child=2 -2 3 -1 5 6 7 -3 11 -10 -11 12 -9 -13
right_child=1 4 -4 -5 -6 -7 -8 8 9 10 -12 13 -14 -15
leaf_value=-0.016136054660604266 -0.025281458102248491 -0.025924357221876294 -0.022378937131220241 0.12503199023354333 -0.025544499768623559 -0.032357856968897619 0.050857482040386544 0.0085778196599157492 0.081783567748319991 0.016157609748114091 0.058693538268696464 -0.0095146969706977752 0.059052597231086357 0.012668312763319719
leaf_weight=2.1182924392633136 5.9153899713419369 4.7411505426280192 138.81420699832961 0.96243712306022633 4.1237660171464077 2.9105516308918586 4.7293232739903024 5.7958074142225069 3.134188317693769 31.247517578303814 3.9182146196253589 15.905892604030667 5.8998067956417799 132.32831213902682
leaf_count=280 761 272 27569 71 155 139 50 239 86 1101 134 2295 196 3037
internal_value=-0.000930872 0.012159 -0.0212859 0.0279656 0.0131904 0.0139488 0.0145977 0.0137528 0.0147018 0.0258795 0.020897 0.012025 0.0340396 0.010288
internal_weight=362.545 220.65 141.895 3.08073 214.735 210.611 207.7 202.971 198.23 38.2999 35.1657 159.93 11.6956 148.234
internal_count=36385 8465 27920 351 7704 7549 7410 7360 7088 1321 1235 5767 435 5332
is_linear=0
shrinkage=0.03


Tree=37
num_leaves=15
num_cat=0
split_feature=0 8 1 7 17 17 17 8 15 7 15 18 18 2
split_gain=101.816 11.5652 18.5018 7.90307 7.54615 15.5178 8.8719 8.8105 6.35524 5.99977 5.86043 5.8362 12.252 47.6037
threshold=0.010300690231421336 160.50000000000003 0.011835946192725528 0.0034281007018386726 19997.000000000004 11005.000000000002 7447.2000000000007 3.5000000000000004 11120.500000000002 0.015374608309934258 12.500000000000002 31.200000000000006 88.099999999999994 0.018807057606177666
decision_type=2 2 2 2 2 2 2 2 2 2 2 2 2 2
left_child=1 10 3 -3 5 6 7 8 -2 11 -1 -9 13 -13
right_child=4 2 -4 -5 -6 -7 -8 9 -10 -11 -12 12 -14 -15
leaf_value=0.072750238481365248 0.020086044522218488 0.093717833504500386 0.16051352666105723 -0.0071108466744094975 -0.022248287740148868 0.057446881856416339 -0.027938488199090245 -0.010282506199254618 0.085190137078902578 -0.014680481687444621 -0.022637025899383729 -0.030838080181248475 0.013566637756536788 0.13154874003751307
leaf_weight=0.58232711628079314 2.7724472647532812 0.72002017125487938 0.62850316241383453 24.709060817956924 5.121957979630678 7.3388698813505462 4.6488087736070147 8.5037550455890578 2.6291660768911242 6.8339262828230849 127.69774726685137 3.0560175189748398 162.01671255612746 3.4690562440082431
leaf_count=77 187 26 67 4555 173 112 72 350 106 209 25981 169 4329 73
internal_value=-7.17488e-05 -0.0185028 -0.000281697 -0.0042559 0.0137108 0.0146259 0.0130055 0.0140111 0.0517746 0.0129017 -0.022204 0.0139664 0.0151899 0.0554949
internal_weight=360.728 154.338 26.0576 25.4291 206.391 201.269 193.93 189.281 5.40161 183.879 128.28 177.046 168.542 6.52507
internal_count=36486 30706 4648 4581 5780 5607 5495 5423 293 5130 26058 4921 4571 242
is_linear=0
shrinkage=0.03


Tree=38
num_leaves=15
num_cat=0
split_feature=0 8 6 4 15 7 0 4 1 0 10 1 6 7
split_gain=93.9337 14.0393 22.931 16.6323 14.6265 10.4968 8.41363 7.77613 8.81192 8.84864 10.7132 11.2387 8.62017 7.88491
threshold=0.010300690231421336 186.50000000000003 0.016129801848526644 0.0018854824318658254 11065.500000000002 0.0072789395474655372 0.0018600008714027038 0.025777538904877498 0.0054206962511753973 0.047449236363436571 2278.0000000000005 0.019549313162205453 0.013831546546760175 0.0096839854699705685
decision_type=2 2 2 2 2 2 2 2 2 2 2 2 2 2
left_child=1 5 3 4 -3 6 -1 8 13 10 -10 -12 -13 -2
right_child=7 2 -4 -5 -6 -7 -8 -9 9 -11 11 12 -14 -15
leaf_value=0.10696443261563025 0.099219523965414655 0.20381256579549062 0.16491030555021313 -0.0085877541037066556 0.009259430028961433 -0.023367804093709626 0.0031432314798210403 -0.010418450356947922 -0.0059741192411350685 0.018352712784877087 0.047810008825252173 0.015845836416610668 -0.030981364834648809 0.015109980026604047
leaf_weight=0.87342617567628522 2.0725980936549595 0.64057982107625011 0.76780250621959467 20.803410872817039 0.76087461458519101 123.91734954249114 3.5900580314919353 11.92110921256244 37.093850038480014 125.7073200144805 8.2837741547264176 19.046503558289263 4.3451876267790785 1.9439638615585861
leaf_count=82 129 96 79 3718 139 26117 472 407 1932 2096 263 653 162 128
internal_value=0.000149597 -0.0178747 0.00372475 -0.00184874 0.0981862 -0.0217397 0.0234592 0.0131147 0.014528 0.0136196 0.0049678 0.0177814 0.00714732 0.0585116
internal_weight=361.768 151.354 22.9727 22.2049 1.40145 128.381 4.46348 210.414 198.493 194.477 68.7693 31.6755 23.3917 4.01656
internal_count=36473 30703 4032 3953 235 26671 554 5770 5363 5106 3010 1078 815 257
is_linear=0
shrinkage=0.03


Tree=39
num_leaves=15
num_cat=0
split_feature=0 4 8 14 7 7 6 4 18 0 18 1 2 19
split_gain=88.5758 18.7825 14.134 28.0993 11.718 12.3391 8.47792 7.68018 7.0935 7.40206 8.20729 23.6811 28.0351 37.5787
threshold=0.0087384270922014427 0.00092599612480939036 289.00000000000006 357.50000000000006 0.016290539789735662 0.0034281007018386726 0.0026282859224379986 0.0017210746676364433 31.200000000000006 0.047449236363436571 10143.945000000002 0.0074070141309092513 0.0068770647147807984 5.5085779636791115
decision_type=2 2 2 2 2 2 2 2 2 2 2 2 2 2
left_child=2 -2 -1 -4 5 -5 -3 -7 -8 10 11 12 13 -10
right_child=1 6 3 4 -6 7 8 -9 9 -11 -12 -13 -14 -15
leaf_value=-0.022558549566409687 0.08628194119857141 -0.025142766439928615 0.17228142578533528 0.13134593565245145 0.13414916729168136 0.071792020230415074 -0.014466051344876789 -0.019970266072832244 0.058210306484831782 0.017526419850053408 -0.0039154469673732747 0.0079997505523653652 -0.030416982269072395 0.29677709557769472
leaf_weight=118.56876193359494 3.0046705082058898 5.7627526512369505 0.88763740379363198 0.55187527835368833 0.54731199005618769 0.88244442269205947 8.9169701230712217 11.768419960513709 1.6934082345105705 123.13041164074093 39.68924601841718 39.088835948612541 1.2596163530834017 0.91550956247374404
leaf_count=25202 78 749 97 15 69 142 437 2253 207 1921 2855 1901 158 118
internal_value=0.000238562 0.0117813 -0.019125 0.00868754 -0.0018733 -0.00751203 0.0107659 -0.0135695 0.0117297 0.0128649 0.00591993 0.015007 0.0858109 0.141927
internal_weight=356.668 223.461 133.206 14.6377 13.7501 13.2027 220.457 12.6509 214.694 205.777 82.6466 42.9574 3.86853 2.60892
internal_count=36202 8424 27778 2576 2479 2410 8346 2395 7597 7160 5239 2384 483 325
is_linear=0
shrinkage=0.03


Tree=40
num_leaves=15
num_cat=0
split_feature=0 6 1 6 2 6 6 9 6 7 9 9 17 17
split_gain=82.086 9.02506 8.70873 9.43477 11.1517 17.9738 16.4456 14.3592 7.59356 6.39389 6.25394 15.342 6.90972 36.9782
threshold=0.0087384270922014427 0.010542381000828206 0.0081359094342683628 0.01246738537560607 0.01885281513951027 0.015778607023792357 0.013665211444897669 124.50000000000001 0.043083169177217821 0.0032951610052003011 15.500000000000002 8.5000000000000018 189.15000000000003 297.50000000000006
decision_type=2 2 2 2 2 2 2 2 2 2 2 2 2 2
left_child=2 10 8 -4 5 -5 7 -6 9 -1 11 -2 -12 -14
right_child=1 -3 3 4 6 -7 -8 -9 -10 -11 12 -13 13 -15
leaf_value=0.031053997552867998 -0.010560680328192658 0.013368384941133514 -0.026072983388608958 -0.017066362344655805 0.23304017461722495 0.11882809129771948 -0.030229315182423621 0.056119469889374239 0.098140380926685963 -0.023933834872394498 -0.01213303756274744 0.10134420727917724 0.14493313837235233 -0.0072569610327384119
leaf_weight=1.9363066218793381 2.9281171648763111 181.30431028082967 7.3319018720649209 6.8546277950517815 0.68377870414406094 1.004286231473088 0.93096352368593205 1.0420977999456225 0.46768858004361291 111.15910207806155 31.55233330372721 1.7686169850639997 1.6834720489568997 9.8086486766114813
leaf_count=113 442 5517 1417 1114 106 121 133 147 103 24677 1671 145 78 640
internal_value=-0.000531303 0.0103126 -0.0194319 4.91265e-05 0.0182623 0.000299514 0.0713959 0.126214 -0.0224935 -0.0229924 -0.00129238 0.0315786 -0.00487904 0.0150373
internal_weight=360.456 229.045 131.411 17.8477 10.5158 7.85891 2.65684 1.72588 113.563 113.095 47.7412 4.69673 43.0445 11.4921
internal_count=36424 8493 27931 3038 1621 1235 386 253 24893 24790 2976 587 2389 718
is_linear=0
shrinkage=0.03


Tree=41
num_leaves=15
num_cat=0
split_feature=0 7 18 9 0 18 9 9 2 4 6 7 17 17
split_gain=72.3069 15.1484 12.8447 11.7977 9.85059 11.6446 17.3223 37.2412 12.0771 15.0259 8.21128 7.93435 8.63815 9.50196
threshold=0.0087384270922014427 0.0072789395474655372 4515.4500000000016 217.50000000000003 0.052525924036817245 18337.160000000003 26.500000000000004 13.500000000000002 0.01845411411159523 0.0014973908276345864 0.0052388599967206012 0.0097978710607291714 175.05000000000004 36.150000000000013
decision_type=2 2 2 2 2 2 2 2 2 2 2 2 2 2
left_child=1 2 -1 -4 5 6 7 -2 9 -8 -11 12 13 -12
right_child=4 -3 3 -5 -6 -7 8 -9 -10 10 11 -13 -14 -15
leaf_value=-0.018620576396738198 -0.030596191822169081 -0.020648265292971587 0.023286359506695907 0.14710253838088816 0.015062743247939899 -0.010165061926503604 0.098223059016000147 0.16050151912213673 -0.016913894764687399 -0.030460389757742394 0.03436345983978642 -0.00087020841365900682 0.076151646365576961 -0.011202774692249208
leaf_weight=2.5172036117874077 1.6828903201967471 123.22221314022318 1.6806753408163788 1.1780976406298576 129.38523017894477 39.444459159392864 1.8526747096329916 2.0188610162585974 14.598727039061485 3.9126349156722418 12.814468194730585 15.932605764828621 2.8034761887975028 6.0696851215325287
leaf_count=264 236 27239 232 77 2138 2885 88 128 596 411 649 838 171 315
internal_value=-0.000474576 -0.0184976 0.0307974 0.0743109 0.00957996 0.00256535 0.0107057 0.0736247 0.00668889 0.014631 0.0109021 0.015204 0.0270127 0.0197177
internal_weight=359.114 128.598 5.37598 2.85877 230.516 101.13 61.686 3.70175 57.9843 43.3855 41.5329 37.6202 21.6876 18.8842
internal_count=36267 27812 573 309 8455 6317 3432 364 3068 2472 2384 1973 1135 964
is_linear=0
shrinkage=0.03


Tree=42
num_leaves=15
num_cat=0
split_feature=0 8 16 4 15 14 4 2 7 1 12 14 8 1
split_gain=71.9154 9.42315 11.3435 10.6564 9.89457 6.609 6.19 5.61467 5.39686 13.2837 19.2681 9.03787 7.25384 5.59973
threshold=0.0087384270922014427 289.00000000000006 1.8500000000000003 0.0017210746676364433 54.500000000000007 509.50000000000006 0.037572065501796426 0.0017327598510931427 0.0096497448556715267 0.006278584347725648 21.500000000000004 18542.500000000004 617.50000000000011 0.016238792247162379
decision_type=2 2 2 2 2 2 2 2 2 2 2 2 2 2
left_child=1 -1 -3 -4 -5 -6 7 -2 9 10 -9 -12 -11 -10
right_child=6 2 3 4 5 -7 -8 8 13 12 11 -13 -14 -15
leaf_value=-0.023180088200396885 -0.030187352760732564 0.08828130445770159 0.087719186442720337 0.09594251605297896 0.084367496146176266 -0.024806243087827834 -0.03218552744718458 0.18239698101601592 -0.0096075649159334409 0.0095621324103688232 0.070302966509036988 -0.03079067797649282 0.041064407140855894 0.0077081820141731948
leaf_weight=112.03983051190153 3.3299857657402745 1.2643705699592818 1.0154742547310878 0.70307926647364993 0.52236862573772569 11.178246423136441 3.4187588836066416 0.98439399572089215 19.874843941535801 84.959106136579067 2.0737128038890664 1.2916476619429884 7.1306264600716522 108.94297243189067
leaf_count=25316 622 172 147 29 57 2239 180 110 1894 2521 210 127 115 2674
internal_value=-0.00204372 -0.0202185 0.00237904 -0.00571478 -0.0133641 -0.0199322 0.00788349 0.00848277 0.00905443 0.0144212 0.0656515 0.0315026 0.0120014 0.0050366
internal_weight=358.729 126.723 14.6835 13.4192 12.4037 11.7006 232.006 228.587 225.257 96.4395 4.34975 3.36536 92.0897 128.818
internal_count=36413 27960 2644 2472 2325 2296 8453 8273 7651 3083 447 337 2636 4568
is_linear=0
shrinkage=0.03


Tree=43
num_leaves=15
num_cat=0
split_feature=0 15 3 18 3 4 3 3 6 15 4 4 16 19
split_gain=67.4856 11.7312 12.6903 18.4995 22.2338 8.64266 7.54997 6.4575 6.0017 5.89437 6.13652 8.25901 7.66121 16.3376
threshold=0.015806379029920825 1854.0000000000002 0.0075438002457488837 5732.9000000000005 0.0063826161170127431 0.0017210746676364433 0.0020094030536633154 0.036688608885933088 0.043083169177217821 131.00000000000003 0.029573227539139924 0.021203536960837845 6.3500000000000005 4.9746540367908585
decision_type=2 2 2 2 2 2 2 2 2 2 2 2 2 2
left_child=1 2 3 4 -1 -4 -3 9 -8 -2 11 12 -11 -14
right_child=7 6 5 -5 -6 -7 8 -9 -10 10 -12 -13 13 -15
leaf_value=0.024122232728627829 -0.014119868195695624 0.10364004020004669 0.10157346774759471 -0.0073628348606682081 0.29267506523440479 -0.0070823844003138191 -0.020133554485501033 -0.021528215097663679 0.079412765787782225 0.0072695524148479844 -0.017279741099295861 0.038396567359822664 0.0076255543416330444 0.037346380383306531
leaf_weight=0.55249109212309411 7.5752826309762886 0.4483469701372077 0.68050783546641724 1.3139821668155489 0.55736206006258726 20.697624845895916 122.790963426698 5.3562050228938451 0.54751836694776912 109.35710984375328 5.8991667605005196 11.529465316794811 39.752966091968119 28.637598423287272
leaf_count=107 177 95 96 251 96 3707 27097 134 108 2545 196 238 1044 493
internal_value=-1.9257e-05 -0.0155361 0.00375228 0.0688078 0.158988 -0.00362366 -0.019245 0.0109852 -0.0196917 0.0118441 0.0128519 0.013791 0.012195 0.0200707
internal_weight=355.697 147.589 23.802 2.42384 1.10985 21.3781 123.787 208.108 123.338 202.752 195.176 189.277 177.748 68.3906
internal_count=36384 31557 4257 454 203 3803 27300 4827 27205 4693 4516 4320 4082 1537
is_linear=0
shrinkage=0.03


Tree=44
num_leaves=15
num_cat=0
split_feature=1 6 17 18 18 17 17 16 17 16 16 18 18 18
split_gain=64.7732 7.64553 7.27328 11.3432 18.8815 9.23473 7.35736 41.8272 10.0064 8.54936 12.8484 16.8133 15.9047 15.7319
threshold=0.0098420199876976377 0.011636449344761103 1.9500000000000002 200.98500000000004 46.850000000000001 3.3500000000000001 5.0500000000000007 1.2500000000000002 11.250000000000002 9.0500000000000025 4.8500000000000005 157784.10000000001 243315.06000000003 896787.70000000007
decision_type=2 2 2 2 2 2 2 2 2 2 2 2 2 2
left_child=-1 -2 3 4 -3 -4 7 -7 -8 10 11 -10 -12 -13
right_child=1 2 5 -5 -6 6 8 -9 9 -11 12 13 -14 -15
leaf_value=-0.016911796957837889 -0.00089837717049527405 0.048252926708531409 -0.031599930877918354 0.061055005532335255 -0.033967160139510656 0.11271114408146056 -0.017605501163730979 -0.03149563816794302 -0.0039394160122395959 -0.025037962003537834 0.032376019712020622 0.041491605737875775 -0.026737898550121503 0.0036214333546666405
leaf_weight=128.38920655264519 48.774245291482657 5.5555929690599459 4.5486408034339538 6.8318055015988639 4.5910874311812222 3.6553538711741558 10.717827551532535 3.5861578546464443 51.703826630022377 5.2747498340904704 42.297475371044129 19.233169871848077 4.5355190504342309 20.285124935675412
leaf_count=28079 3010 170 180 145 109 89 366 136 1777 309 1017 416 146 421
internal_value=0.000179546 0.00965465 0.0124701 0.0311714 0.0110507 0.0105555 0.0117443 0.0412967 0.0103551 0.012446 0.0138781 0.00732052 0.0266512 0.0220525
internal_weight=359.98 231.591 182.816 16.9785 10.1467 165.838 161.289 7.24151 154.048 143.33 138.055 91.2221 46.833 39.5183
internal_count=36370 8291 5281 424 279 4857 4677 225 4452 4086 3777 2614 1163 837
is_linear=0
shrinkage=0.03


Tree=45
num_leaves=15
num_cat=0
split_feature=0 8 7 1 2 2 16 13 0 12 8 12 10 18
split_gain=69.6269 8.98738 11.6955 8.59583 8.03909 11.015 24.6959 27.0542 8.52014 12.4746 8.9994 8.00168 10.8234 35.4531
threshold=0.0081359094342683628 160.50000000000003 0.0034281007018386726 0.011835946192725528 0.0017327598510931427 0.0035217465374473038 3.9500000000000006 2.5000000000000004 0.022441672417506688 1221.5000000000002 72.500000000000014 86.500000000000014 553.50000000000011 7934.800000000002
decision_type=2 2 2 2 2 2 2 2 2 2 2 2 2 2
left_child=1 -1 -3 -4 -2 6 -6 -8 9 11 -10 -7 13 -13
right_child=4 2 3 -5 5 8 7 -9 10 -11 -12 12 -14 -15
leaf_value=-0.023458503111205755 -0.03015801306885893 0.10620495567036825 -0.010148092356714471 0.096121469434720497 -0.030323157270170237 -0.02194053468321434 0.013634449638513074 0.27080093661881693 0.018600279296712246 0.10574642344371624 0.0058600029269530651 0.26333624821085477 -0.0044627088433061299 0.0011392182441556623
leaf_weight=94.352703306125477 4.6900727802421889 0.86551827192306774 19.486338278278712 0.70999404415488143 1.2177367941476398 17.78547835606151 0.6840806216932831 0.79724323935806751 83.990103307180107 0.87871157797053356 122.94042349373922 0.61297312495298628 10.370042199036105 1.9114412104245273
leaf_count=22481 1015 21 4113 66 200 2394 120 131 1285 101 3013 93 1195 338
internal_value=-0.000280704 -0.0195032 -0.00178432 -0.00641223 0.00874228 0.00949873 0.0697634 0.152041 0.00881669 -0.0057032 0.0110311 -0.00889525 0.00909826 0.0648054
internal_weight=361.293 115.415 21.0619 20.1963 245.878 241.188 2.69906 1.48132 238.489 31.5586 206.931 30.6799 12.8945 2.52441
internal_count=36566 26681 4200 4179 9885 8870 451 251 8419 4121 4298 4020 1626 431
is_linear=0
shrinkage=0.03


Tree=46
num_leaves=15
num_cat=0
split_feature=1 18 1 8 8 1 17 1 18 18 18 2 13 4
split_gain=46.7239 9.6645 14.7291 19.5474 9.28741 8.63291 11.2527 8.51621 9.89768 8.07498 18.3671 15.8916 12.6491 17.5885
threshold=0.0098420199876976377 45231.500000000007 0.019890913707232168 47.500000000000007 6.5000000000000009 0.022990778379209435 90.100000000000009 0.081715582469749914 414756.00000000006 7244.3000000000011 3156.860000000001 0.019061479201689772 1.0000000180025095e-35 0.0052835459474540923
decision_type=2 2 2 2 2 2 2 2 2 2 2 2 2 2
left_child=-1 9 3 4 -3 -4 -7 -8 -9 10 -2 12 -12 -14
right_child=1 2 5 -5 -6 6 7 8 -10 -11 11 -13 13 -15
leaf_value=-0.016096450328579745 -0.00026508836623162431 0.047797900046255372 -0.025753938437605751 0.090245640032173807 -0.030688918187331951 0.053555419753792376 -0.00059766705530500924 -0.0014728554337317603 0.037387908152473406 -0.0099886952491883597 0.10040758801926876 0.00023055243600034216 0.090265920921228274 0.0080261315648543791
leaf_weight=125.26328792655841 86.144920159131289 2.7098804223351163 5.5624619447626165 5.1122173282783478 2.7176776393316686 5.6707222503609946 33.481478502973914 9.5434566820040363 15.444915442261843 36.925408192444593 3.3730087974108782 9.9433141928166133 3.4145964975468797 7.4404217400588095
leaf_count=28302 3587 189 322 188 288 144 1004 175 106 1545 106 268 119 250
internal_value=-0.00138272 0.00671933 0.0150955 0.048149 0.00849811 0.0100975 0.0132067 0.00929344 0.0225464 0.00215452 0.00621913 0.0293284 0.0496636 0.0338958
internal_weight=352.748 227.484 80.2428 10.5398 5.42756 69.703 64.1406 58.4699 24.9884 147.242 110.316 24.1713 14.228 10.855
internal_count=36593 8291 2416 665 477 1751 1429 1285 281 5875 4330 743 475 369
is_linear=0
shrinkage=0.03


Tree=47
num_leaves=15
num_cat=0
split_feature=1 8 10 4 11 2 18 14 18 12 19 14 19 18
split_gain=51.6553 6.91464 18.8394 5.13086 4.99087 5.01974 10.9228 13.7393 9.6905 6.59076 6.07589 7.77267 10.0722 10.0143
threshold=0.0098420199876976377 1.0000000180025095e-35 902.50000000000011 0.038837001005805241 24.500000000000004 0.043528859736385005 414756.00000000006 3490.0000000000005 1818.8500000000001 30.500000000000004 8.1294255463464964 18528.500000000004 0.9547712524422195 276339.10000000003
decision_type=2 2 2 2 2 2 2 2 2 2 2 2 2 2
left_child=1 2 -1 4 5 10 7 -7 -9 -10 11 12 -2 -13
right_child=3 -3 -4 -5 -6 6 -8 8 9 -11 -12 13 -14 -15
leaf_value=-0.030257464821826247 0.050786880269913667 -0.017746255629474877 0.14779437426840666 -0.032440164878848848 -0.0090417522354875272 0.048826689409055317 0.054660974773212058 -0.03222111570157405 0.03657352359316076 -0.0011043574711961945 0.026357526472398547 0.016104748251440121 -0.0036282372085011637 -0.01270348896811912
leaf_weight=1.4666501856409007 3.1894767170306286 120.20320315775461 0.84180473070591677 2.88356337416917 14.763387464452533 6.9661252046935287 6.3899909337051204 5.9535843748599317 6.3442542678676572 12.239032835233955 13.300336382351814 70.525044036563486 76.276567980879918 12.836739156395195
leaf_count=188 119 27844 83 147 563 156 49 140 118 228 334 2416 3606 426
internal_value=-0.00100383 -0.0167586 0.0346712 0.00732766 0.00782889 0.00899264 0.018898 0.0116439 0.00108752 0.0117587 0.00686156 0.00526907 -0.00144421 0.0116686
internal_weight=354.18 122.512 2.30845 231.668 228.785 214.021 37.893 31.503 24.5369 18.5833 176.128 162.828 79.466 83.3618
internal_count=36417 28115 271 8302 8155 7592 691 642 486 346 6901 6567 3725 2842
is_linear=0
shrinkage=0.03


Tree=48
num_leaves=15
num_cat=0
split_feature=0 15 1 4 18 18 18 18 18 9 9 8 17 17
split_gain=52.3208 14.5782 16.3399 8.82268 7.83646 8.53341 7.23121 10.0006 22.1912 20.7625 15.1567 11.1522 19.276 9.47152
threshold=0.0081359094342683628 54.500000000000007 0.0061253675483898271 0.00092599612480939036 31.200000000000006 46.850000000000001 156.40000000000003 1338.5500000000002 1031.0700000000004 388.50000000000006 62.500000000000007 120.50000000000001 31.550000000000004 9.0500000000000025
decision_type=2 2 2 2 2 2 2 2 2 2 2 2 2 2
left_child=1 2 -1 -2 -5 -6 -7 8 10 -10 13 -12 -13 -8
right_child=3 -3 -4 4 5 6 7 -9 9 -11 11 12 -14 -15
leaf_value=-0.0099011214580188578 0.054837331268468494 -0.0198194764974579 0.1468042056810534 -0.01960573357922522 0.057491159680906137 -0.016454530190151698 0.090888231553274551 0.0045259310615844775 0.12175718359506608 0.018557712832521597 -0.027819740283402072 0.031843491990874911 -0.02717330532030331 0.015978274329735625
leaf_weight=1.4755148969124996 3.3871215484105042 107.51716256327927 1.0079493843950329 10.235673975199459 2.9994490440003565 11.660288656828923 3.1361040696501723 171.8447703269776 3.4615047469269475 3.55806053429842 7.9560028819832977 15.896938459016384 7.253637201152741 2.9461826207116246
leaf_count=233 80 26357 57 554 139 510 157 7046 100 116 298 366 371 71
internal_value=-0.000978723 -0.0181596 0.0537 0.00675617 0.00608028 0.00721985 0.00655767 0.00779963 0.020525 0.0694477 0.0112906 0.00282174 0.0133521 0.0546028
internal_weight=354.336 110.001 2.48346 244.336 240.949 230.713 227.713 216.053 44.2084 7.01957 37.1889 31.1066 23.1506 6.08229
internal_count=36455 26647 290 9808 9728 9174 9035 8525 1479 216 1263 1035 737 228
is_linear=0
shrinkage=0.03


Tree=49
num_leaves=15
num_cat=0
split_feature=1 6 2 17 17 8 2 17 17 17 1 18 18 18
split_gain=46.5336 8.01888 6.20453 5.04611 9.90985 8.71876 7.14448 6.69976 6.09736 11.365 7.07248 11.6908 26.5594 7.72473
threshold=0.0053441782718864905 0.0026282859224379986 0.0017327598510931427 19997.000000000004 11005.000000000002 37.500000000000007 0.017673459620741183 7447.2000000000007 6130.5000000000009 4002.5000000000005 0.0060124491370396448 2149.5250000000005 684.40000000000009 73749.000000000015
decision_type=2 2 2 2 2 2 2 2 2 2 2 2 2 2
left_child=-1 -2 -3 4 7 6 -6 8 9 10 11 12 -4 -12
right_child=1 2 3 -5 5 -7 -8 -9 -10 -11 13 -13 -14 -15
leaf_value=-0.019549596517499723 -0.023159933809530468 -0.030139414480412789 0.00050105899506855444 -0.015561328565624203 -0.032488518148456297 0.06799216192559919 0.048329109705646668 -0.028188909768809608 0.039409721105541008 -0.032255320746155586 0.0041156684232082508 0.0046864652913336515 0.2341075314023027 0.017560502353411785
leaf_weight=87.475641754223034 8.4266186384484154 4.0776709557976565 0.97782971756532677 8.505055600544436 2.0111849934328334 4.5633361819200218 1.9284173448104409 4.8237122027203432 5.2775489313062272 6.5168861146084955 168.37918023974635 2.5343429029453546 0.79343614750541747 49.846164236078039
leaf_count=21782 1452 996 202 805 154 79 61 174 121 328 7906 453 97 1907
internal_value=-0.000545162 0.00564265 0.0065753 0.00715975 0.00794005 0.0397662 0.00707134 0.00680847 0.00752891 0.00679434 0.00793792 0.0460136 0.105145 0.00718668
internal_weight=356.137 268.661 260.235 256.157 247.652 8.50294 3.9396 239.149 234.325 229.048 222.531 4.30561 1.77127 218.225
internal_count=36517 14735 13283 12287 11482 294 215 11188 11014 10893 10565 752 299 9813
is_linear=0
shrinkage=0.03


Tree=50
num_leaves=15
num_cat=0
split_feature=0 7 18 4 6 18 18 2 19 14 17 17 17 17
split_gain=49.9172 8.72422 12.2178 6.92506 6.69119 5.67998 13.2766 9.94541 7.45471 18.3453 12.3929 10.0028 17.7373 11.5915
threshold=0.0087384270922014427 0.0072789395474655372 4515.4500000000016 0.0071114349605579975 0.0026282859224379986 294201.77500000008 157784.10000000001 0.045024232399861856 4.7828977861650346 864.50000000000011 29.450000000000003 1.7500000000000002 0.95000000000000007 3.0500000000000003
decision_type=2 2 2 2 2 2 2 2 2 2 2 2 2 2
left_child=1 2 -1 -4 -2 6 8 -7 9 10 -6 12 -10 -13
right_child=4 -3 3 -5 5 7 -8 -9 11 -11 -12 13 -14 -15
leaf_value=-0.030489174874572526 -0.02490325353210289 -0.018294797954912182 0.10640822933072096 0.013305858669880634 0.001877750700328285 -0.0078093184821648974 0.041021895777684059 0.02728475526756512 0.0093697851154086638 -0.0011206328230313996 0.069491214241263366 -0.031965208423818579 0.078981212128634223 0.014459972996854205
leaf_weight=2.2638190044090143 5.5046440376900128 106.45998686738312 1.5283820643089714 1.3578020674176512 4.1514661847613734 36.959014431806281 12.269473540363832 9.0466713085770589 7.6995983952656371 88.57177432673052 5.9173318494576961 5.2550969743169835 5.7579458500258625 61.329669679282233
leaf_count=267 746 27334 166 143 118 1488 316 78 198 3068 131 163 133 1972
internal_value=0.000152393 -0.01645 0.0216849 0.0626083 0.00779479 0.00855438 0.0108342 -0.000908333 0.00876133 0.00324148 0.0416135 0.0155637 0.0391537 0.0107959
internal_weight=354.073 111.61 5.15 2.88618 242.463 236.958 190.952 46.0057 178.683 98.6406 10.0688 80.0423 13.4575 66.5848
internal_count=36321 27910 576 309 8411 7665 6099 1566 5783 3317 249 2466 331 2135
is_linear=0
shrinkage=0.03


Tree=51
num_leaves=15
num_cat=0
split_feature=0 10 15 8 11 8 15 12 14 13 2 2 12 6
split_gain=44.8886 8.60468 7.99082 7.42721 14.3711 8.19243 7.91501 6.98259 6.73546 15.0652 6.41764 5.16058 5.1293 5.05235
threshold=0.0087384270922014427 220.50000000000003 8440.5000000000018 309.00000000000006 9.5000000000000018 617.50000000000011 15.500000000000002 42.500000000000007 133.50000000000003 1.5000000000000002 0.045024232399861856 0.050366116811954374 99.500000000000014 0.0026282859224379986
decision_type=2 2 2 2 2 2 2 2 2 2 2 2 2 2
left_child=2 -2 3 6 5 -5 -1 8 9 -8 -10 -4 -7 -3
right_child=1 13 11 4 -6 12 7 -9 10 -11 -12 -13 -14 -15
leaf_value=0.081928173435108401 -0.017131542115813504 -0.023806045001779907 -0.023791107321687866 0.1076008776412605 0.1626067974983777 -0.03056313260668643 0.18017686577868508 -0.028191537321162571 -0.0087943936050714072 -0.03013888159831532 0.10826510313235584 0.060230711111392624 0.044090372801289163 0.0079675840773965178
leaf_weight=0.80067937495186825 13.706682392396031 4.595632654381915 71.100600299891084 0.64840009878389437 0.62239899020642031 2.6911686433013533 0.5705701583065117 15.41898289718665 15.451072744093832 0.66239383118227124 0.43332770699635226 0.66403946490026911 1.1966435317881403 225.99439452518709
leaf_count=96 880 619 18873 51 123 466 141 3897 3769 162 95 169 187 7020
internal_value=-0.00120965 0.00596164 -0.0170986 -0.00607162 0.0274269 0.00887929 -0.0112552 -0.0135483 -0.000358047 0.0671875 -0.005601 -0.0230137 -0.00758526 0.00733434
internal_weight=354.557 244.297 110.26 38.4956 5.15861 4.53621 33.337 32.5363 17.1174 1.23296 15.8844 71.7646 3.88781 230.59
internal_count=36548 8519 28029 8987 827 704 8160 8064 4167 303 3864 19042 653 7639
is_linear=0
shrinkage=0.03


Tree=52
num_leaves=15
num_cat=0
split_feature=1 7 9 5 3 9 6 18 1 8 18 14 18 18
split_gain=38.1194 9.59595 7.88213 11.4781 8.26951 7.29592 7.24141 6.75119 17.9948 16.8156 13.7724 15.2622 10.6653 14.2937
threshold=0.010328151746837655 0.0054315173817244475 313.00000000000006 0.0021946215093425299 0.0022064829785003802 318.50000000000006 0.043083169177217821 45231.500000000007 0.019890913707232168 47.500000000000007 7244.3000000000011 360.50000000000006 3156.860000000001 1338.5500000000002
decision_type=2 2 2 2 2 2 2 2 2 2 2 2 2 2
left_child=1 -1 4 -4 -3 -5 -6 10 9 -9 12 -12 13 -2
right_child=7 2 3 5 6 -7 -8 8 -10 -11 11 -13 -14 -15
leaf_value=0.033373375557058667 0.0095227294467539678 0.11088547797321043 0.13044644623433635 0.08392167390473379 -0.022559627599970468 -0.0083137910628424752 0.093873273701287882 0.0096398104376867865 0.0083589588460155195 0.084091916621107821 0.057410300302500723 -0.017658583090111198 0.02524961880733247 -0.020514023511588982
leaf_weight=3.7317777783609918 68.652400960447267 0.42500408669002254 0.56008000299334426 0.78841907484456797 75.349327610339969 36.702768156537786 0.48383158957585592 5.1064294266980124 76.256388044217601 5.8672660212032497 2.6166299853939554 35.59859014255926 25.823868015781045 17.9965566014871
leaf_count=316 2631 86 116 139 20477 7361 109 394 1754 189 113 1391 734 673
internal_value=-2.92718e-05 -0.013967 -0.0155125 -0.00436026 -0.0210772 -0.00637413 -0.0218168 0.00688581 0.0135279 0.0494468 0.00304085 -0.0125186 0.00832752 0.00328425
internal_weight=355.959 118.041 114.309 38.0513 76.2582 37.4912 75.8332 237.918 87.2301 10.9737 150.688 38.2152 112.473 86.649
internal_count=36483 28604 28288 7616 20672 7500 20586 7879 2337 583 5542 1504 4038 3304
is_linear=0
shrinkage=0.03


Tree=53
num_leaves=15
num_cat=0
split_feature=0 15 3 9 4 6 18 1 9 19 6 15 15 15
split_gain=42.8417 11.9494 10.1205 15.2115 6.93532 6.57713 7.49107 7.51343 8.8565 9.44807 6.24998 5.54151 8.47402 6.36899
threshold=0.0087384270922014427 1838.5000000000002 0.0070320515394228459 292.50000000000006 0.00092599612480939036 0.013225780879673067 1604.55 0.0026760588284347599 28.500000000000004 4.2794390867278116 0.043083169177217821 131.00000000000003 317.00000000000006 625.00000000000011
decision_type=2 2 2 2 2 2 2 2 2 2 2 2 2 2
left_child=1 2 3 -1 -2 -4 -7 -8 -9 -10 -3 -6 -13 -14
right_child=4 10 5 -5 11 6 7 8 9 -11 -12 12 13 -15
leaf_value=0.0075036570418742553 0.049690132950637879 -0.021673781010324272 -0.021777745595303061 0.22187792856491489 -0.018747241926197762 -0.020589512587374344 -0.013513200697945543 -0.030150908032139236 0.17841405067963526 0.05468360880685904 0.080492939056937191 0.049529358372240283 -0.019653570542290014 0.0066405388782666917
leaf_weight=0.7966130946297223 3.2483028830029061 88.80467555182986 7.0877516297623506 0.47584537835791707 8.1554877075832319 3.0963123145047557 1.7978975670412181 0.77849674248136613 0.71880551800131831 2.4438120650593191 0.54218292282894154 4.0311421547085038 8.6145841917023045 220.58262271434069
leaf_count=182 72 24325 1569 79 301 566 412 182 134 314 106 153 289 7687
internal_value=-0.000768482 -0.0166462 0.00625535 0.0876705 0.0061466 -0.000250773 0.0170183 0.0373085 0.0604928 0.0828053 -0.0210538 0.00556063 0.00641063 0.00565225
internal_weight=351.175 106.542 17.1955 1.27246 244.632 15.9231 8.83532 5.73901 3.94111 3.16262 89.3469 241.384 233.228 229.197
internal_count=36371 27869 3438 261 8502 3177 1608 1042 630 448 24431 8430 8129 7976
is_linear=0
shrinkage=0.03


Tree=54
num_leaves=15
num_cat=0
split_feature=1 6 19 1 18 13 9 17 7 17 17 15 16 4
split_gain=41.5356 7.21814 7.43445 7.23448 11.4526 10.609 7.10964 8.72757 12.8151 9.37148 29.3199 9.76699 13.0194 8.64465
threshold=0.0098420199876976377 0.0079015944006199986 3.051614755219402 0.012260568431489921 99083.10000000002 1.0000000180025095e-35 365.50000000000006 72100.000000000015 0.0095307075255696427 219.80000000000004 189.15000000000003 11098.500000000002 1.8500000000000003 0.0033183872048748752
decision_type=2 2 2 2 2 2 2 2 2 2 2 2 2 2
left_child=6 2 -2 4 5 -3 -1 9 -9 10 11 12 -8 -14
right_child=1 3 -4 -5 -6 -7 7 8 -10 -11 -12 -13 13 -15
leaf_value=-0.020130050619594025 -0.030623544187398787 0.069119546558589692 0.0015016559746941327 0.007841133270047684 0.090172487227726653 -0.0039134225367596625 0.10728407773894816 0.18041247536976085 0.00061693659942195576 -0.030467663039269816 0.1758776973666813 -0.023997215396539266 0.069610703888921086 -0.010862768176162857
leaf_weight=80.802967892028391 7.786723712226375 2.4952573073096556 38.733392393449321 180.36614781455137 2.4383518621325484 6.3346116978209466 1.3064357426483306 0.56315223244018742 0.97362361615523696 9.9612147512380016 0.86685135797597368 9.417814750922842 1.4921529497951267 6.1653893862385303
leaf_count=21940 666 139 2270 4670 137 447 236 75 210 2062 88 2034 242 1218
internal_value=-0.000351189 0.00672478 -0.00387559 0.00929806 0.0326186 0.0167252 -0.0154581 -0.00318018 0.0665031 -0.00684632 0.00537777 -0.00266269 0.019752 0.00481834
internal_weight=349.704 238.154 46.5201 191.634 11.2682 8.82987 111.55 30.7466 1.53678 29.2099 19.2486 18.3818 8.96398 7.65754
internal_count=36434 8329 2936 5393 723 586 28105 6165 285 5880 3818 3730 1696 1460
is_linear=0
shrinkage=0.03


Tree=55
num_leaves=15
num_cat=0
split_feature=6 2 9 18 16 8 17 14 17 18 7 18 9 17
split_gain=17.9384 9.04837 10.4254 15.3008 10.8511 9.02795 12.5305 12.717 10.6498 10.0211 10.6531 9.21381 17.0333 9.12476
threshold=0.0095818081573232402 0.0064932025225957904 15.500000000000002 6884.7500000000009 12.600000000000001 215.00000000000003 6130.5000000000009 357.50000000000006 15213.500000000002 19892290.000000004 0.0095307075255696427 3.3550000000000004 113.50000000000001 34.150000000000013
decision_type=2 2 2 2 2 2 2 2 2 2 2 2 2 2
left_child=1 -1 3 -3 -4 11 7 -7 -8 -10 -11 12 -2 -9
right_child=5 2 4 -5 -6 6 8 13 9 10 -12 -13 -14 -15
leaf_value=-0.025853439475606661 0.11925852186102846 0.11336883644103231 -0.010207592146811939 -0.0062112736028693862 0.090426725437820821 0.053771972882062972 0.061369867070885223 0.01852908412687302 -0.032398994070772305 0.15895420182620859 0.00040571884628286861 -0.00077760255967283386 -0.030854617030887956 -0.0041034003073180921
leaf_weight=27.654742068378255 1.5734522340353572 1.6041067400947202 55.498682930367067 2.4096760067623109 0.98137867473997076 4.9560233312658957 7.7386896677780879 25.034534093458205 2.7257361547090113 0.62434903113171436 0.98023687559179962 172.64030609815381 1.1984909905586389 44.585646764375269
leaf_count=7192 93 150 6268 435 151 95 106 1160 268 68 208 17928 191 2005
internal_value=6.92095e-05 -0.0116377 -0.00513898 0.0415789 -0.008459 0.00400708 0.0119298 0.00734027 0.0402893 0.00261632 0.0620974 9.36255e-05 0.0543549 0.00403495
internal_weight=350.206 88.1486 60.4938 4.01378 56.4801 262.057 86.6452 74.5762 12.069 4.33032 1.60459 175.412 2.77194 69.6202
internal_count=36318 14196 7004 585 6419 22122 3910 3260 650 544 276 18212 284 3165
is_linear=0
shrinkage=0.03


Tree=56
num_leaves=15
num_cat=0
split_feature=1 9 15 5 17 6 14 18 18 10 12 4 19 18
split_gain=42.4658 8.89233 8.11939 8.33555 7.3746 7.1576 7.54613 9.68035 13.899 12.7693 7.31873 15.1288 7.63681 6.61338
threshold=0.0098420199876976377 305.00000000000006 11098.500000000002 0.003118761675546066 72100.000000000015 0.010542381000828206 1537.0000000000002 73749.000000000015 126998.25000000001 545.00000000000011 230.50000000000003 0.0071590381390911825 7.7290536041948021 88.099999999999994
decision_type=2 2 2 2 2 2 2 2 2 2 2 2 2 2
left_child=1 -1 3 -3 -5 6 -2 9 -9 -8 13 -12 -13 -7
right_child=5 2 -4 4 -6 10 7 8 -10 -11 11 12 -14 -15
leaf_value=-0.021726048899504299 -0.020304213142187322 0.120363673381221 -0.01770275294205156 0.0018754249491800907 0.084779966015804842 0.029217703363078225 0.057731938135564903 0.084220334823799578 0.0028000646307128419 -0.011972252602879679 0.075751189007059169 0.010382168160084686 0.055551775720776499 0.0047971424797722236
leaf_weight=71.400817174464464 15.820327863795681 0.59649976389482873 18.972041711211205 17.566988843958828 1.0218304418958712 10.738224192988126 2.6528598868753788 3.0316782745067012 4.9973904022481292 21.824180833995342 4.0514888036996117 34.53696404537186 3.7327898796647778 141.4530103483703
leaf_count=20449 1243 107 4240 3189 127 418 120 76 188 1368 69 963 73 3799
internal_value=2.66298e-05 -0.015478 -0.00378653 0.00997498 0.0064327 0.00702163 -0.00331138 0.00495883 0.0335434 -0.0044176 0.00958886 0.0206241 0.014788 0.00652019
internal_weight=352.397 109.558 38.1574 19.1853 18.5888 242.839 48.3264 32.5061 8.02907 24.477 194.512 42.3212 38.2698 152.191
internal_count=36429 28112 7663 3423 3316 8317 2995 1752 264 1488 5322 1105 1036 4217
is_linear=0
shrinkage=0.03


Tree=57
num_leaves=15
num_cat=0
split_feature=0 9 14 3 16 19 17 15 5 6 6 14 1 14
split_gain=40.309 9.27499 9.32624 15.4733 7.25159 11.9198 23.3301 8.53145 7.40078 7.09498 5.74579 5.74533 5.4784 15.0263
threshold=0.0090385958233210086 365.50000000000006 355.50000000000006 0.0086020505193139685 7.9000000000000012 2.5533362411465998 19.050000000000004 119.00000000000001 0.0030276930909583174 0.0026282859224379986 0.031812932008753916 18597.000000000004 0.034348397376990976 18542.500000000004
decision_type=2 2 2 2 2 2 2 2 2 2 2 2 2 2
left_child=1 12 3 -3 8 6 -6 -7 -4 -2 -11 -9 -1 -14
right_child=9 2 4 -5 5 7 -8 11 -10 10 -12 -13 13 -15
leaf_value=-0.022954722998111798 -0.030346667122799889 0.16700565440758441 0.098783136118280268 0.004310074251629931 -0.030193701197760534 0.075930826727305292 0.18119642505566014 -0.025299786972708148 -0.022597253278015879 0.0061342340091547903 0.037785792242998079 0.047431026429040173 -0.030185768940601612 0.10774229895601171
leaf_weight=75.353374732192606 4.7091693275142452 0.75874045398086609 0.46534952847287669 1.7158967384602872 0.89180525508709141 1.094168757321311 0.9931786903180182 6.2067009909078479 15.86379229952581 230.71714802132919 5.2799426298588505 1.1602367812301961 2.0576222105883057 1.0860957792028783
leaf_count=21854 645 120 102 301 174 48 183 1585 3797 6710 42 277 393 144
internal_value=-0.000709677 -0.0159697 -0.00151912 0.0541936 -0.00668754 0.0129631 0.0811856 -0.00223562 -0.0191381 0.00611481 0.00684237 -0.0138452 -0.0213359 0.0174658
internal_weight=348.353 107.647 29.1499 2.47464 26.6752 10.3461 1.88498 8.46111 16.3291 240.706 235.997 7.36694 78.4971 3.14372
internal_count=36375 28978 6587 421 6166 2267 357 1910 3899 7397 6752 1862 22391 537
is_linear=0
shrinkage=0.03


Tree=58
num_leaves=15
num_cat=0
split_feature=1 8 9 11 18 1 18 17 17 15 19 18 17 17
split_gain=30.5732 8.95327 6.26523 13.2732 25.042 7.81022 7.26939 5.54977 16.1603 6.59541 5.82118 25.0005 14.1546 21.5184
threshold=0.005487600383825327 1.0000000180025095e-35 390.50000000000006 10.500000000000002 31.200000000000006 0.0030725526900835303 4981919.2000000011 14615.600000000002 12318.950000000003 115.50000000000001 4.7828977861650346 52.100000000000009 1.0500000000000003 1.7500000000000002
decision_type=2 2 2 2 2 2 2 2 2 2 2 2 2 2
left_child=1 -1 -3 6 -5 -6 -4 8 10 -9 -2 -12 -13 -14
right_child=7 2 3 4 5 -7 -8 9 -10 -11 11 12 13 -15
leaf_value=0.059550347251741138 -0.00089818081981912735 -0.023518298909675241 -0.01790030805914861 0.23588918869174952 0.089819555758217304 -0.030418766344585655 0.10561799828229754 0.061675671741621044 0.076401931427205083 -0.021118217945038816 0.11346158099355361 -0.029040218739648009 0.063888346628369383 0.0064769853711096562
leaf_weight=1.3343580989167083 116.83765099360608 59.035971025237814 14.464951625326648 0.56366231874562744 0.74374387785792384 1.4041129900142548 0.44192361179739315 0.93237494095228513 2.8066912726499131 12.152953886659814 2.0018216744065276 9.3058615839108807 6.1804202874191096 119.16229900810868
leaf_count=144 6043 18126 3260 111 147 287 94 42 97 1360 45 625 173 5851
internal_value=-0.000950738 -0.0174918 -0.0188329 -0.00313302 0.0579207 0.0112165 -0.0142385 0.0038381 0.00481106 -0.0152189 0.00401839 0.00822211 0.00665752 0.00930783
internal_weight=347.369 77.9887 76.6544 17.6184 2.71152 2.14786 14.9069 269.38 256.295 13.0853 253.488 136.65 134.649 125.343
internal_count=36405 22169 22025 3899 545 434 3354 14236 12834 1402 12737 6694 6649 6024
is_linear=0
shrinkage=0.03


Tree=59
num_leaves=15
num_cat=0
split_feature=0 15 9 3 17 18 4 1 13 7 1 18 17 9
split_gain=38.6626 10.0707 10.9489 10.9161 21.1152 8.27389 6.55523 6.02684 10.7866 8.42472 5.40314 16.6886 29.7298 9.97864
threshold=0.0087384270922014427 1854.0000000000002 5.5000000000000009 0.0075438002457488837 47.050000000000004 22633.200000000004 0.00092599612480939036 0.0061829496384059428 1.0000000180025095e-35 0.0068277349385238405 0.006278584347725648 18337.160000000003 28.200000000000006 1096.5000000000002
decision_type=2 2 2 2 2 2 2 2 2 2 2 2 2 2
left_child=1 3 -3 4 -1 -5 -2 9 -9 -7 11 12 -8 -13
right_child=6 2 -4 5 -6 7 10 8 -10 -11 -12 13 -14 -15
leaf_value=0.15923193416259279 0.046306457967294677 0.097578526805049595 -0.021174320414312959 -0.023399755010042923 -0.03019497801755618 0.061382160342473638 0.019239535738115102 0.1432143501485201 0.015045963054043354 -0.03010209005260784 0.0049134353541456675 -0.024680634691832536 0.16971310029256331 0.095987398035662752
leaf_weight=1.1070119189098506 3.6695001986809066 0.70487570203840633 80.509449435397983 8.7119370745494944 1.0153726642020044 1.3075907360762347 4.1883590305224043 0.85798165365122292 1.8989198789931832 2.9494556118734181 233.07166121969931 5.1123975841328502 1.6461750243324784 0.70139774004928757
leaf_count=181 72 211 23941 1908 226 173 424 96 236 898 6949 847 184 33
internal_value=0.000186901 -0.0156595 -0.0201436 0.00474442 0.068608 -0.00387469 0.00650676 0.0203772 0.0549335 -0.00200187 0.00590998 0.0258499 0.0616947 -0.0101228
internal_weight=347.452 99.0626 81.2143 17.8483 2.12238 15.7259 248.389 7.01395 2.7569 4.25705 244.72 11.6483 5.83453 5.8138
internal_count=36379 27870 24152 3718 407 3311 8509 1403 332 1071 8437 1488 608 880
is_linear=0
shrinkage=0.03


Tree=60
num_leaves=15
num_cat=0
split_feature=1 3 18 1 0 18 18 18 17 16 10 6 17 17
split_gain=30.7865 7.73057 7.05936 11.0042 13.186 11.4343 9.83219 21.091 9.74872 8.17575 7.81129 12.1112 10.8772 18.93
threshold=0.0098420199876976377 0.0018689484346756907 45231.500000000007 0.019890913707232168 0.043113886334574407 276339.10000000003 5732.9000000000005 5269.0800000000008 3000.1000000000004 6.3500000000000005 553.50000000000011 0.010070468591518963 240.50000000000003 135.05000000000004
decision_type=2 2 2 2 2 2 2 2 2 2 2 2 2 2
left_child=1 -1 6 5 -5 8 7 10 9 -4 -2 -12 13 -13
right_child=2 -3 3 4 -6 -7 -8 -9 -10 -11 11 12 -14 -15
leaf_value=0.11418106277349392 0.024904013586364404 -0.015527244089752694 -0.0055153439988011831 -0.01666143715974561 0.013600811606506037 -0.0027810476756892186 -0.010968516544306776 0.08294145021279084 0.10788904392350121 0.069371263293119642 -0.020507170923875686 0.0039413788642143118 -0.032238887318791272 0.056057301691615324
leaf_weight=0.41519690304994483 13.20831068838015 103.68997220718302 2.3538512405939382 16.531754038762301 59.951311578508466 4.0605782438069582 46.363096857676283 3.0745987768750629 2.5171561592724174 2.9646299791056663 19.953042532783002 63.014694123528898 6.229676258750259 6.9660747549496582
leaf_count=87 496 28139 150 1073 685 323 1796 84 53 140 1418 1753 197 140
internal_value=-0.00132495 -0.0150099 0.00443857 0.0112346 0.00705965 0.0380759 0.000656529 0.00544969 0.0592487 0.036228 0.00327128 0.000299967 0.00574759 0.00912914
internal_weight=351.294 104.105 247.189 88.3793 76.4831 11.8962 158.809 112.446 7.83564 5.31848 109.372 96.1635 76.2104 69.9808
internal_count=36534 28226 8308 2424 1758 666 5884 4088 343 290 4004 3508 2090 1893
is_linear=0
shrinkage=0.03


Tree=61
num_leaves=15
num_cat=0
split_feature=1 8 6 6 19 18 10 17 17 5 9 8 18 18
split_gain=32.4156 9.04798 7.12432 6.23503 7.51074 12.0707 25.5334 9.71262 20.195 7.55192 6.12482 7.75477 11.6769 8.58028
threshold=0.0056544323257379956 1.0000000180025095e-35 0.043083169177217821 0.0079015944006199986 3.051614755219402 1338.5500000000002 545.00000000000011 4.0500000000000007 6.5500000000000007 0.032311576231124399 389.50000000000006 31.500000000000004 18337.160000000003 10.630000000000001
decision_type=2 2 2 2 2 2 2 2 2 2 2 2 2 2
left_child=1 -1 10 4 -2 6 -6 -8 -9 -7 -3 12 -12 -13
right_child=3 2 -4 -5 5 9 7 8 -10 -11 11 13 -14 -15
leaf_value=0.059321855460068414 -0.030533546117207704 -0.025232064140397588 0.096611438688102763 0.0063387768980732563 0.1184104344042381 -0.01220560018173427 -0.014040448622366032 0.1270555174978838 -0.030764171633341435 0.062901315557452306 0.089325031147092615 0.044215197526205827 -0.031089736328420121 -0.021878659091766568
leaf_weight=1.3368571843020607 8.7165814321488124 55.30758225149475 0.47327818535268207 217.84706229483709 2.1833780154120168 32.336711260490119 7.013629134744404 1.5152679844759407 1.4076244984753428 1.2515012377407391 1.7312219040468364 2.0165465590544072 1.246745533775538 14.328282730188219
leaf_count=138 1044 18037 99 8781 173 2921 623 123 134 91 165 481 123 3396
internal_value=-0.000776829 -0.0180393 -0.0194164 0.00406964 -0.00501311 -0.000146339 0.0255183 0.00510684 0.0510517 -0.00940711 -0.0201522 -0.00561208 0.0389126 -0.0137243
internal_weight=348.712 76.4405 75.1037 272.272 54.4247 45.7081 12.1199 9.93652 2.92289 33.5882 74.6304 19.3228 2.97797 16.3448
internal_count=36329 22439 22301 13890 5109 4065 1053 880 257 3012 22202 4165 288 3877
is_linear=0
shrinkage=0.03


Tree=62
num_leaves=15
num_cat=0
split_feature=0 8 6 15 3 15 4 18 7 12 7 7 6 14
split_gain=29.3644 10.5716 16.3239 7.74779 7.31817 12.7061 6.28898 5.21916 12.6246 5.74071 10.6244 5.19933 6.32437 5.29324
threshold=0.0081359094342683628 186.50000000000003 0.016129801848526644 15.500000000000002 0.0068013664151115446 5804.5000000000009 0.00092599612480939036 19892290.000000004 0.009516718230435782 10.500000000000002 0.01002811329121484 0.014443935252547299 0.031812932008753916 119.50000000000001
decision_type=2 2 2 2 2 2 2 2 2 2 2 2 2 2
left_child=1 3 4 -1 5 -3 -2 9 -9 10 -6 12 13 -8
right_child=6 2 -4 -5 7 -7 11 8 -10 -11 -12 -13 -14 -15
leaf_value=0.066083714206083319 0.045359471135413186 0.16843602746546438 0.12823879772661201 -0.02111740410206123 -0.030628146741946399 -0.0028538152390971019 -0.026128508633656778 0.1403714066327455 -0.030185847639051602 -0.0217876275327443 0.1553568389447518 -0.013865844299049926 0.038646146226389788 0.0050608983206535995
leaf_weight=0.92861717916093667 3.3653222112916401 0.60373536543920714 0.93808768503367979 73.390558587852865 0.64266166789457091 1.0996783194132147 5.0035201446153215 0.68266015732660779 0.91292968951165676 10.715245719300581 0.48508702148683369 13.746995421592144 4.9548985769506535 230.51053733704612
leaf_count=97 74 90 67 22973 122 273 455 50 204 2656 113 560 51 8603
internal_value=-0.000545243 -0.0152558 0.00679962 -0.0200278 -0.000723868 0.0578559 0.00461749 -0.00814917 0.0427857 -0.0150116 0.049371 0.00407815 0.00510396 0.00439828
internal_weight=347.981 90.3993 16.0801 74.3192 15.142 1.70341 257.581 13.4386 1.59559 11.843 1.12775 254.216 240.469 235.514
internal_count=36388 26645 3575 23070 3508 363 9743 3145 254 2891 235 9669 9109 9058
is_linear=0
shrinkage=0.03


Tree=63
num_leaves=15
num_cat=0
split_feature=0 15 6 14 4 10 3 17 17 17 10 17 7 17
split_gain=32.3633 9.49431 7.05756 12.2947 5.84616 5.82592 5.7497 5.43806 5.52525 7.17078 5.93814 7.49526 5.37469 5.42188
threshold=0.0081359094342683628 8440.5000000000018 0.0095818081573232402 107.00000000000001 0.00092599612480939036 4361.0000000000009 0.0040272908099271499 19997.000000000004 11005.000000000002 7447.2000000000007 2538.0000000000005 14615.600000000002 0.014443935252547299 219.80000000000004
decision_type=2 2 2 2 2 2 2 2 2 2 2 2 2 2
left_child=1 2 -1 -4 -2 6 -5 8 9 12 11 -10 13 -6
right_child=4 -3 3 5 7 -7 -8 -9 10 -11 -12 -13 -14 -15
leaf_value=-0.022294089274105856 0.038944123479975772 -0.023722591542879697 0.15722986908521991 0.10995123888408964 0.0092332627790847506 0.11501250224225644 -0.0011679149491638017 -0.023706702257679398 0.035301943679867692 -0.029520516447421284 0.064155669965016621 -0.033545171302659327 -0.014201561008076404 -0.00081731397183200751
leaf_weight=11.409119652584193 4.4205074780620626 56.37817485188134 0.47933578165248292 0.42827123287134483 144.87592401821166 0.41325697978027065 19.554841911653057 6.1560990673024198 4.1411448472645116 5.6214440625626585 2.7970339334569871 2.1683698187116534 12.692955292761324 72.471788527444005
leaf_count=3296 88 18116 86 107 5371 95 4912 571 121 199 56 175 538 2686
internal_value=-0.000678178 -0.0162937 -0.00332075 0.00704868 0.00474396 0.00351927 0.00121355 0.00414146 0.00484186 0.00395582 0.027771 0.0116415 0.00477388 0.00588203
internal_weight=344.008 88.663 32.2848 20.8757 255.345 20.3964 19.9831 250.925 244.769 235.662 9.10655 6.30951 230.041 217.348
internal_count=36417 26612 8496 5200 9805 5114 5019 9717 9146 8794 352 296 8595 8057
is_linear=0
shrinkage=0.03


Tree=64
num_leaves=15
num_cat=0
split_feature=0 8 7 12 19 13 4 13 12 2 14 6 14 15
split_gain=26.5589 9.27274 6.60848 7.3022 11.0291 21.2378 7.33145 15.0905 6.48458 13.6463 22.0925 6.38646 6.41289 7.01937
threshold=0.0087384270922014427 160.50000000000003 0.0034281007018386726 19.500000000000004 2.4335748805437505 5.5000000000000009 0.0018854824318658254 4.5000000000000009 47.500000000000007 0.045024232399861856 18542.500000000004 0.031812932008753916 148.50000000000003 625.00000000000011
decision_type=2 2 2 2 2 2 2 2 2 2 2 2 2 2
left_child=1 8 -3 4 5 -4 7 -5 9 -1 -11 12 -2 -14
right_child=11 2 3 6 -6 -7 -8 -9 -10 10 -12 -13 13 -15
leaf_value=-0.012482416841880275 -0.0273067255716712 0.07784949851979435 0.021638676909755895 -0.030193328058467268 -0.013378379576831138 0.25018934510953555 -0.017492785915890225 0.16807323820731143 -0.02717703478429127 -0.030119074519737294 0.27377493345507559 0.034597603637106657 -0.012939720324755537 0.0058416629216794715
leaf_weight=32.3089297960978 5.910317691974341 1.0532378731295491 1.1574194445274799 0.80526136443950125 1.7590381680056451 0.53509218362160016 11.814603697741402 0.60513063613325357 40.905061862431467 0.47360079153440793 0.39475773251615465 6.1169690382666877 19.484537115786225 221.56761065148748
leaf_count=10053 460 20 255 161 404 137 3119 109 13419 136 88 56 694 7187
internal_value=-0.000697665 -0.0145194 0.0049692 0.000366306 0.0392248 0.0938956 -0.00977525 0.0548732 -0.0191835 -0.00932816 0.108032 0.00431659 0.00356656 0.00432354
internal_weight=344.892 91.8121 17.7298 16.6765 3.45155 1.69251 13.225 1.41039 74.0824 33.1773 0.868359 253.079 246.962 241.052
internal_count=36298 27901 4205 4185 796 392 3389 270 23696 10277 224 8397 8341 7881
is_linear=0
shrinkage=0.03


Tree=65
num_leaves=15
num_cat=0
split_feature=0 15 9 1 10 17 17 1 1 0 0 9 7 7
split_gain=29.4962 9.58137 8.06178 7.42644 7.3148 6.46189 12.5073 8.21375 15.8005 23.3908 8.18809 8.26961 5.82828 24.7842
threshold=0.0088479780105094104 280.00000000000006 5.5000000000000009 0.0086084892406880793 742.00000000000011 14615.600000000002 11005.000000000002 0.006278584347725648 0.0056544323257379956 0.010300690231421336 0.010300690231421336 395.50000000000006 0.016290539789735662 0.019090313478407252
decision_type=2 2 2 2 2 2 2 2 2 2 2 2 2 2
left_child=1 4 3 -3 -1 6 7 8 10 -10 -2 -12 -6 -14
right_child=5 2 -4 -5 12 -7 -8 -9 9 -11 11 -13 13 -15
leaf_value=-0.030186522447284678 -0.030135154346514113 0.14943160625138049 -0.0174333711766624 -0.030111201214218966 0.019972866222871356 -0.017278527035075125 0.050002358912067807 0.0050192886981096137 0.21120967609241467 0.016682137037078455 0.079727442467799003 0.00661643598226936 0.24274174834759329 -0.030288355285345091
leaf_weight=2.0840275140944859 2.7018594411201757 0.50127790332771738 82.735784836113453 0.35360095789656043 4.6224318407475948 10.006053746445103 6.0261540927458546 228.19819583394565 0.99369409214705173 1.263938369695097 2.1619492874015123 3.9117108604405075 0.5493103463668374 0.65723824128508568
leaf_count=479 654 143 26503 99 528 593 130 6426 153 88 143 177 120 112
internal_value=0.00111417 -0.0134995 -0.0164863 0.0751679 0.0180522 0.00635271 0.00731682 0.00624159 0.0315223 0.102303 0.0133129 0.0326407 0.035299 0.0940152
internal_weight=346.767 91.5037 83.5907 0.854879 7.91301 255.264 245.258 239.231 11.0332 2.25763 8.77552 6.07366 5.82898 1.20655
internal_count=36348 27984 26745 242 1239 8364 7771 7641 1215 241 974 320 760 232
is_linear=0
shrinkage=0.03


Tree=66
num_leaves=15
num_cat=0
split_feature=0 15 6 14 10 4 19 19 3 17 4 17 5 10
split_gain=25.5159 8.65631 10.1676 13.9752 12.6621 8.88319 10.5702 11.9058 17.7739 6.28971 5.18174 4.92871 4.88923 8.81715
threshold=0.0087384270922014427 8440.5000000000018 0.0099685348556698989 101.00000000000001 4361.0000000000009 0.0061456543911834081 4.1994525141022052 3.6686734929332685 0.0075438002457488837 2778.0000000000005 0.00092599612480939036 19997.000000000004 0.0033183872048748752 1266.0000000000002
decision_type=2 2 2 2 2 2 2 2 2 2 2 2 2 2
left_child=1 2 -1 -4 5 6 7 8 -5 -10 -2 12 13 -12
right_child=10 -3 3 4 -6 -7 -8 -9 9 -11 11 -13 -14 -15
leaf_value=-0.024949377778277701 0.037532626794957488 -0.021561467690477284 0.17966251523140858 0.19668000250815842 0.15988745378515606 -0.014710546072792598 -0.0055932505572076144 0.16631299310561559 -0.0080741900440477604 0.1191792056467052 -0.0065674024101226511 -0.023425493298399484 0.0035315576111793275 0.053959730843250189
leaf_weight=11.547662588069214 4.1403871970251194 56.199699224438518 0.4279196909628834 0.5286698855925408 0.47348631569184263 11.427737321006132 4.8698558742180467 0.76308179204352189 2.6915311496704821 0.40174868656322349 3.9780058469623309 5.8890323769301167 235.67333845631219 4.755441872170195
leaf_count=3561 72 19049 67 107 97 2953 1268 193 629 107 136 438 7716 109
internal_value=-0.000597384 -0.0143911 -0.0022284 0.00992754 0.00649436 0.00298273 0.02483 0.058617 0.0359273 0.00845321 0.00424553 0.0036949 0.00434837 0.0263902
internal_weight=343.768 89.3314 33.1317 21.584 21.1561 20.6826 9.25489 4.38503 3.62195 3.09328 254.436 250.296 244.407 8.73345
internal_count=36502 28031 8982 5421 5354 5257 2304 1036 843 736 8471 8399 7961 245
is_linear=0
shrinkage=0.03


Tree=67
num_leaves=15
num_cat=0
split_feature=0 15 14 14 2 19 2 4 6 6 7 6 7 4
split_gain=31.7675 5.72194 8.4363 12.5049 15.6791 6.31221 6.04348 4.94792 4.75909 6.29396 5.08374 5.40197 5.29588 5.18121
threshold=0.0088479780105094104 8440.5000000000018 178.50000000000003 69.500000000000014 0.0035450438852888907 6.0813048333394155 0.050366116811954374 0.038837001005805241 0.0026282859224379986 0.0027838291069029884 0.014443935252547299 0.031812932008753916 0.012758946851414441 0.00092599612480939036
decision_type=2 2 2 2 2 2 2 2 2 2 2 2 2 2
left_child=1 2 3 -1 -5 -6 -3 8 -2 -10 11 12 13 -11
right_child=7 6 -4 4 5 -7 -8 -9 9 10 -12 -13 -14 -15
leaf_value=-0.030358074608144103 -0.023991389601824085 -0.022427873787831766 -0.010283046459267765 0.21969313738902801 -0.030164437766614871 0.12208136154006076 0.076292054874624954 -0.032683348592689225 0.046796367075901076 0.039407804502661424 -0.012479587054737579 0.036791629072434932 0.032219243555880621 0.0046887657561082768
leaf_weight=1.185568900778889 4.7424613893963388 54.770724503789097 30.097200385062024 0.59986577252857376 0.65024577616713919 0.39336282829754055 0.56385608809068699 3.0460640098899594 3.4144819290377191 3.9385439371690145 12.992791530909015 5.2830746960826209 6.7822556870523831 217.40525708603673
leaf_count=311 731 18918 8210 146 164 97 164 149 165 63 471 52 200 6608
internal_value=3.20743e-06 -0.0155297 -0.00562737 0.0439027 0.097473 0.0272209 -0.0214219 0.00532509 0.00577991 0.00634508 0.00578453 0.00680121 0.00610667 0.00530655
internal_weight=345.866 88.2608 32.9262 2.82904 1.64347 1.04361 55.3346 257.605 254.559 249.816 246.402 233.409 228.126 221.344
internal_count=36449 28010 8928 718 407 261 19082 8439 8290 7559 7394 6923 6871 6671
is_linear=0
shrinkage=0.03


Tree=68
num_leaves=15
num_cat=0
split_feature=0 7 8 14 5 15 15 4 4 1 10 4 2 12
split_gain=27.9979 10.1227 8.47488 9.32812 7.72644 5.99544 5.79746 5.10091 8.70983 20.3023 11.8516 6.89257 6.76254 5.69799
threshold=0.0081359094342683628 0.0072789395474655372 165.00000000000003 355.50000000000006 0.002488035184499185 131.00000000000003 317.00000000000006 0.011917762104268583 0.011128217214832726 0.022758549874997574 982.50000000000011 0.016519542948587759 0.020211168884964725 111.50000000000001
decision_type=2 2 2 2 2 2 2 2 2 2 2 2 2 2
left_child=1 -1 -3 -4 -5 -2 -7 8 -8 10 -10 -9 -13 -14
right_child=5 2 3 4 -6 6 7 11 9 -11 -12 12 13 -15
leaf_value=0.023997473622583889 -0.02013697223734013 -0.02340294190076898 0.074975004234888801 0.12721274786265321 -0.0097755312704831641 0.040332359109242773 0.0055951013404774994 -0.014629493505758118 0.16843060349103789 0.0058717131732325262 0.040372723295660953 -0.0053326928530054857 0.0084380114225912177 0.047127143377457076
leaf_weight=5.3790983923245212 8.8037642363924515 62.772396394284442 1.4151306767016638 0.38121430831961234 13.255021313903852 4.12276806263253 172.51970893284306 26.208825164241716 1.3440685113891944 5.8902518549002707 1.2603854113258419 22.778996124863625 11.536293306620793 4.8732152681332073
leaf_count=560 353 22212 198 81 3670 168 6269 1122 134 110 78 1139 303 88
internal_value=-0.000661897 -0.0158042 -0.0185552 0.0016623 -0.00594589 0.00419617 0.00505123 0.00446094 0.00705534 0.0367115 0.106459 -0.00272016 0.00524467 0.0199277
internal_weight=342.541 83.2029 77.8238 15.0514 13.6362 259.338 250.535 246.412 181.014 8.49471 2.60445 65.3973 39.1885 16.4095
internal_count=36485 26721 26161 3949 3751 9764 9411 9243 6591 322 212 2652 1530 391
is_linear=0
shrinkage=0.03


Tree=69
num_leaves=15
num_cat=0
split_feature=0 3 11 8 13 7 11 2 12 0 17 4 7 1
split_gain=23.5766 8.99118 16.4814 9.6815 7.88171 6.63358 6.60585 6.60419 15.2124 6.46446 6.48407 6.05673 8.64648 5.79991
threshold=0.010694356123737264 0.0040272908099271499 35.500000000000007 186.50000000000003 29.500000000000004 0.0072789395474655372 27.500000000000004 0.045024232399861856 30.500000000000004 0.0059219353287570447 350.10000000000008 0.0018854824318658254 0.0095881753653180527 0.011835946192725528
decision_type=2 2 2 2 2 2 2 2 2 2 2 2 2 2
left_child=1 2 -1 5 -4 9 -2 -7 -9 10 -3 12 -5 -13
right_child=6 3 4 11 -6 7 -8 8 -10 -11 -12 13 -14 -15
leaf_value=0.18613001955581099 0.0059122208653360027 0.0064890584172093025 -0.016260570481878265 0.13944798308587661 0.13478203972645691 -0.021825180605046415 -0.015283570753295521 0.15026546282782746 -0.030121484671721942 -0.030329260586400234 0.099627268213208733 -0.0038040178408758596 0.0010852135160174439 0.077903474784344437
leaf_weight=0.5548400913830841 223.76220222283155 1.6153927117120468 2.1564926053397362 0.70674338494427746 0.36331482138484705 76.00567972031422 14.065239412244408 0.66512115998193522 1.1452280641533432 1.6096795948687939 1.152793586021289 16.840329085709531 0.95677117607556283 0.81994975917041202
leaf_count=160 5019 198 579 100 94 25222 339 170 334 222 134 3682 152 58
internal_value=-0.000561678 -0.012432 0.03811 -0.0139628 0.00551729 -0.0184549 0.00465869 -0.0204764 0.0361526 0.0174769 0.0452759 0.00514435 0.0598686 -1.04176e-05
internal_weight=342.42 104.592 3.07465 101.518 2.51981 82.1939 237.827 77.816 1.81035 4.37787 2.76819 19.3238 1.66351 17.6603
internal_count=36463 31105 833 30272 673 26280 5358 25726 504 554 332 3992 252 3740
is_linear=0
shrinkage=0.03


Tree=70
num_leaves=15
num_cat=0
split_feature=0 15 3 8 15 3 10 15 2 12 8 11 17 17
split_gain=25.9465 10.6879 13.2993 19.338 9.76621 7.30003 5.53278 10.2535 4.82052 12.5066 4.84152 4.80557 5.49162 17.369
threshold=0.010694356123737264 1854.0000000000002 0.0075438002457488837 225.50000000000003 110.50000000000001 0.0018689484346756907 122.50000000000001 280.00000000000006 0.047146788873765534 30.500000000000004 165.00000000000003 27.500000000000004 3.3500000000000001 5.0500000000000007
decision_type=2 2 2 2 2 2 2 2 2 2 2 2 2 2
left_child=1 2 3 4 -1 -3 7 -4 10 -10 -7 12 -2 -14
right_child=11 5 6 -5 -6 8 -8 -9 9 -11 -12 -13 13 -15
leaf_value=0.13705666775995615 -0.0052485918270870442 0.1037933133093127 -0.030283660083964763 0.21921920649965096 -0.011226974856725927 -0.022292469760473305 -0.0061590800411568877 0.17282858396965017 0.16496473589230318 -0.030121011493747327 -0.0038362531232848085 -0.01119700648639114 0.043478892205010312 0.0062386668411677886
leaf_weight=0.53494717436842965 30.23931170720607 0.44706840510480006 0.45140799647197383 0.59985160222277034 1.5816331033129243 65.248717471491545 17.095416944706813 0.44341854355297983 0.46125927777029463 0.82426681346260011 15.911463262513278 14.396577726118265 11.989054216537623 188.40272179222666
leaf_count=62 719 89 89 46 351 22494 3569 129 112 246 3934 343 252 4097
internal_value=0.000297006 -0.0122896 0.00698969 0.0688624 0.0262504 -0.0171056 -0.00235277 0.0703657 -0.0177612 0.0398777 -0.0186741 0.00561871 0.00666839 0.00846668
internal_weight=348.627 103.599 20.7067 2.71643 2.11658 82.8928 17.9902 0.894827 82.4457 1.28553 81.1602 245.028 230.631 200.392
internal_count=36532 31121 4246 459 413 26875 3787 218 26786 358 26428 5411 5068 4349
is_linear=0
shrinkage=0.03


Tree=71
num_leaves=15
num_cat=0
split_feature=1 0 2 2 13 4 4 8 12 10 2 16 7 0
split_gain=19.8036 6.55525 5.20337 7.74099 23.7325 5.51441 7.73065 8.44673 6.12147 9.34179 8.33214 17.2894 7.9486 5.92191
threshold=0.0047148338967843611 0.010694356123737264 0.0017327598510931427 0.0024130987982411375 10.500000000000002 0.029573227539139924 0.021203536960837845 312.00000000000006 20.500000000000004 1260.0000000000002 0.0064932025225957904 5.1000000000000005 0.0020565516546236511 0.054617363836358193
decision_type=2 2 2 2 2 2 2 2 2 2 2 2 2 2
left_child=1 -1 -2 4 -4 6 8 -8 9 -5 11 -11 -10 -12
right_child=2 -3 3 5 -6 -7 7 -9 12 10 13 -13 -14 -15
leaf_value=-0.018495174339966666 -0.030121170186336817 0.043146962245500714 0.0026890569796585617 -0.0045869559770258129 0.22119033470793362 -0.019603587601655641 0.0083877119047046107 0.053622569618371967 0.062479618201291449 0.16704029120420624 0.0019553434521122617 0.0084604959909254044 -0.00055943496100543998 0.029508545557656942
leaf_weight=54.233532857848331 4.2579750143922857 1.598421815317123 1.8001909030135714 19.516867811325938 0.59533439320512105 9.5246334441471827 11.242599803721534 5.5489099195692679 1.8163582677952934 1.0525687658228009 12.648621265776457 1.5013617998920379 201.99957081140019 15.777179986238478
leaf_count=19640 1350 62 362 1360 103 732 616 126 39 113 874 177 10652 240
internal_value=-0.000381563 -0.0167304 0.00279576 0.00329098 0.0569909 0.00283258 0.00362083 0.023336 0.00231909 0.01167 0.0219117 0.0738171 2.35384e-06 0.0172482
internal_weight=343.114 55.832 287.282 283.024 2.39553 280.629 271.104 16.7915 254.313 50.4966 30.9797 2.55393 203.816 28.4258
internal_count=36446 19702 16744 15394 465 14929 14197 742 13455 2764 1404 290 10691 1114
is_linear=0
shrinkage=0.03


Tree=72
num_leaves=15
num_cat=0
split_feature=6 7 19 18 10 14 10 18 4 8 3 14 7 3
split_gain=10.1241 11.9544 6.76075 8.32908 19.8017 25.4402 14.1494 8.18264 6.4665 6.06097 4.4043 5.10193 8.1835 4.24123
threshold=0.0095818081573232402 0.0018684933335958184 2.9548967154817123 1338.5500000000002 548.50000000000011 3010.5000000000005 416.50000000000006 1245.4500000000003 0.00076574566998797837 28.500000000000004 0.0030725526900835303 3480.0000000000005 0.0095403729200865626 0.036688608885933088
decision_type=2 2 2 2 2 2 2 2 2 2 2 2 2 2
left_child=1 -1 -3 4 5 -4 9 10 -2 -7 -6 -12 -13 -10
right_child=8 2 3 -5 7 6 -8 -9 13 -11 11 12 -14 -15
leaf_value=0.12622948010897009 0.056209394843192345 -0.030351576013846082 -0.031271636487540513 -0.013801629016382336 0.066503693548522064 -0.030242717355815907 0.18828834540155043 0.091143368665298638 0.0020730753677650053 0.12839307190222055 -0.024806937894152382 0.12106310240395697 -0.010559739250668736 -0.021147862041701878
leaf_weight=0.57218068605288763 1.9538335266988713 13.92809077259153 1.3671182261314272 47.366610118420795 0.61291024927049598 0.51333177858032319 1.4749773773364721 0.73257420980371613 255.43143545859493 0.37519101658836007 10.043269356712697 0.5926380250602955 1.5040639205835757 7.2808247117791316
leaf_count=39 85 3169 236 8121 46 164 49 97 21641 63 1742 117 308 654
internal_value=-0.000980376 -0.010399 -0.0113947 -0.00730643 0.0105638 0.0717351 0.131317 -0.0063586 0.00183393 0.0367434 -0.0119595 -0.0159209 0.0266438 0.00142953
internal_weight=343.749 79.083 78.5108 64.5827 17.2161 3.73062 2.3635 13.4855 264.666 0.888523 12.7529 12.14 2.0967 262.712
internal_count=36531 14151 14112 10943 2822 512 276 2310 22380 227 2213 2167 425 22295
is_linear=0
shrinkage=0.03


Tree=73
num_leaves=15
num_cat=0
split_feature=1 4 7 15 15 14 14 2 10 6 2 1 4 13
split_gain=20.4344 7.69514 8.07973 9.70833 7.38899 5.07979 9.36109 12.8715 18.0698 5.0696 4.6257 11.9729 4.57034 5.8704
threshold=0.0047148338967843611 0.011917762104268583 0.0065853394080741898 278.50000000000006 317.00000000000006 507.00000000000006 1202.5000000000002 0.019061479201689772 1361.0000000000002 0.011636449344761103 0.0046731110729824974 0.0048359339970445126 0.016146971918723583 78.500000000000014
decision_type=2 2 2 2 2 2 2 2 2 2 2 2 2 2
left_child=-1 2 -2 -4 -5 -6 7 8 9 -7 11 -8 13 -3
right_child=1 12 3 4 5 6 10 -9 -10 -11 -12 -13 -14 -15
leaf_value=-0.017398406031273593 0.038710632142220903 -0.018775067087141686 -0.032281482711395339 0.065873244983201809 -0.0082196716801417012 0.058934712733855768 0.11030545029348987 -0.017325402112886999 0.15372810050844338 -0.033437134717277189 0.0068176030794988053 -0.024060248773976917 1.5799358488446325e-05 0.041197813845460507
leaf_weight=54.125183378113434 6.4380256079602978 25.715396165382121 6.2353258444927624 1.8218114881310601 22.565569841070101 1.3111714716069398 0.64066493418067594 1.9970247021410612 1.5940547594800589 0.90300438506528724 160.26341415243223 8.7270376230590028 48.240034646121785 1.5579206144902844
leaf_count=19606 205 1718 397 110 1541 212 161 117 84 53 7487 1606 2933 81
internal_value=-0.000485935 0.00269239 0.0056156 0.0045816 0.00573188 0.00517852 0.00690186 0.0443618 0.0767103 0.0212628 0.00561988 -0.0148709 -0.00553363 -0.0153493
internal_weight=342.136 288.01 212.497 206.059 199.824 198.002 175.436 5.80526 3.80823 2.21418 169.631 9.3677 75.5134 27.2733
internal_count=36311 16705 11973 11768 11371 11261 9720 466 349 265 9254 1767 4732 1799
is_linear=0
shrinkage=0.03


Tree=74
num_leaves=15
num_cat=0
split_feature=0 8 2 3 7 17 2 12 6 18 18 12 5 3
split_gain=20.7871 8.33731 8.10737 16.535 7.81287 7.77159 11.175 24.2657 6.31457 5.63045 15.0701 17.4975 7.35492 7.00235
threshold=0.0088479780105094104 160.50000000000003 0.018807057606177666 0.0040272908099271499 0.014999251303157655 147.05000000000004 0.020211168884964725 49.500000000000007 0.0026282859224379986 22633.200000000004 105784.37500000001 40.500000000000007 0.002860631600038026 0.0068013664151115446
decision_type=2 2 2 2 2 2 2 2 2 2 2 2 2 2
left_child=1 2 -1 -4 8 -5 7 -7 -2 12 11 -11 -3 -14
right_child=4 9 3 5 -6 6 -8 -9 -10 10 -12 -13 13 -15
leaf_value=-0.023735619947720599 -0.030327481435740402 0.12077865751994833 0.19131167433313279 -0.02214569540182211 -0.022691834879203711 0.2594284443228041 0.0024182934243950753 -0.03011184363086538 0.0055213883028040235 0.25497258940695411 0.0042493573084994062 0.018015450290183008 0.050708606422941005 -0.018922859767552081
leaf_weight=51.825044031953439 4.5036062253639093 0.39733354654163378 0.40638387086801131 7.5211286286357772 9.6112997622694802 0.51751740369945742 3.6868059427943081 0.52455172222107649 244.55539824836887 0.52332668495364376 4.1324869326781482 0.60435949289239943 1.4811675236560393 10.614729834953321
leaf_count=19578 699 70 113 2476 410 135 1178 184 7262 78 834 129 308 2833
internal_value=-0.000327986 -0.0134665 -0.0184787 0.00304705 0.00384893 -0.00319847 0.0269365 0.113681 0.00487315 0.00473816 0.0307751 0.12798 -0.00622447 -0.0103963
internal_weight=340.905 82.2348 64.4814 12.6564 258.67 12.25 4.72888 1.04207 249.059 17.7534 5.26017 1.12769 12.4932 12.0959
internal_count=36287 27916 23664 4086 8371 3973 1497 319 7961 4252 1041 207 3211 3141
is_linear=0
shrinkage=0.03


Tree=75
num_leaves=15
num_cat=0
split_feature=1 6 1 18 18 14 8 4 2 1 18 10 19 18
split_gain=21.5215 6.42751 5.534 8.09544 26.6737 9.19111 5.25094 5.20414 4.53161 5.91196 13.9045 19.7434 4.73738 4.66168
threshold=0.005487600383825327 0.043083169177217821 0.0021622816212865307 10.630000000000001 7.2000000000000002 438.00000000000006 1.0000000180025095e-35 0.037572065501796426 0.0017327598510931427 0.0060124491370396448 2149.5250000000005 1035.5000000000002 0.50031594015395309 3.3550000000000004
decision_type=2 2 2 2 2 2 2 2 2 2 2 2 2 2
left_child=1 2 -1 4 5 -4 -5 8 -2 10 11 -10 -11 -14
right_child=7 -3 3 6 -6 -7 -8 -9 9 12 -12 -13 13 -15
leaf_value=-0.027536571467685862 -0.030118234365569204 0.09356569168975272 0.1377838362974986 0.052278479897781047 0.26633911056599535 -0.030145010584940679 -0.014668382052589494 -0.032204841126613939 0.22739389818932315 -0.031853747338567918 -0.014723748411129776 0.023601300705674497 0.04091622945821851 0.0046490537672952675
leaf_weight=23.49310743319802 3.3152654892764977 0.48492270545102556 0.35615689982660104 1.0875791353173543 0.40465401508845378 1.6629179979208855 34.597343553323299 3.4733542378526172 0.69706781068816726 3.1613542663399121 1.850273016374558 1.1077827841509131 3.2287486467976114 264.11484405049123
leaf_count=9642 1081 101 66 105 100 505 11618 285 76 233 455 186 148 11811
internal_value=0.000756585 -0.015228 -0.0160845 -0.00902448 0.044031 -0.00052302 -0.012628 0.00428902 0.00474584 0.00516743 0.0430659 0.10231 0.00465534 0.00508706
internal_weight=343.035 62.0867 61.6018 38.1087 2.42373 2.01907 35.6849 280.949 277.475 274.16 3.65512 1.80485 270.505 267.344
internal_count=36412 22137 22036 12394 671 571 11723 14275 13990 12909 717 262 12192 11959
is_linear=0
shrinkage=0.03


Tree=76
num_leaves=15
num_cat=0
split_feature=0 15 8 0 11 7 4 2 7 18 4 12 11 2
split_gain=13.71 10.4796 7.84748 6.78691 12.0483 6.33734 6.08606 5.98512 7.07804 13.9028 24.0501 23.8543 11.3669 8.70776
threshold=0.0087384270922014427 78.000000000000014 289.00000000000006 0.0035381693360077601 4.5000000000000009 0.016569603304263322 0.0018854824318658254 0.018079556932702665 0.0097978710607291714 73749.000000000015 0.0051944489265945033 36.500000000000007 29.500000000000004 0.050366116811954374
decision_type=2 2 2 2 2 2 2 2 2 2 2 2 2 2
left_child=1 -1 7 4 -4 6 -5 -3 13 12 11 -11 -10 -9
right_child=-2 2 3 5 -6 -7 -8 8 9 10 -12 -13 -14 -15
leaf_value=0.040806596711923673 0.0026778891895214148 -0.022853025031567057 -0.0084377640157674676 0.061472491010091383 0.12363298957306024 0.10954217780272386 -0.018061297741765663 -0.026494983440794713 -0.017471790836877651 0.40865771166935017 0.01354514517111793 0.055954645695936112 0.17539888831219694 0.11426511601271676
leaf_weight=3.3038884128909549 259.80826334049925 49.754959861980751 1.3376503905747079 0.98019820731132856 1.1614248983096329 0.4280807676259436 7.426861047046259 8.2998730333056265 4.74832540587522 0.34182460745796595 1.3739139540120957 0.34856204688549042 0.29191896296106268 0.415332594187931
leaf_count=348 8451 19747 280 147 154 49 1976 2873 1631 95 434 110 84 103
internal_value=-0.000669323 -0.0115109 -0.0137584 0.0092916 0.052941 -0.00305492 -0.00878827 -0.0177424 -0.00166903 0.0205563 0.0861322 0.230585 -0.00630118 -0.0197869
internal_weight=340.021 80.2128 76.9089 11.3342 2.49908 8.83514 8.40706 65.5747 15.8198 7.10454 2.0643 0.690387 5.04024 8.71521
internal_count=36482 28031 27683 2606 434 2172 2123 25077 5330 2354 639 205 1715 2976
is_linear=0
shrinkage=0.03


Tree=77
num_leaves=15
num_cat=0
split_feature=0 15 6 14 1 17 1 10 10 3 13 19 6 5
split_gain=15.5059 7.78923 8.55062 15.9089 5.8319 18.4864 5.8182 8.26031 7.52863 9.64107 7.27358 6.84244 4.46456 4.32158
threshold=0.0081359094342683628 8440.5000000000018 0.0095818081573232402 107.00000000000001 0.034348397376990976 147.05000000000004 0.0051530966212879978 122.50000000000001 890.00000000000011 0.0086636549851926287 2.5000000000000004 2.7440554690903469 0.0026282859224379986 0.0060124491370396448
decision_type=2 2 2 2 2 2 2 2 2 2 2 2 2 2
left_child=1 2 -1 -4 -3 -6 7 -5 -8 10 -10 -11 -2 -9
right_child=12 4 3 6 5 -7 8 13 9 11 -12 -13 -14 -15
leaf_value=-0.023870820641012695 -0.024505943619766778 -0.022495943854164605 0.15859465982335971 0.13206667645070053 -0.030134923658021673 0.1686105805977709 -0.011827195023880454 0.039934682682433491 0.1827228589244895 0.10968086078031426 0.048666353008278269 0.00082973648341305945 0.0036077312279773326 -0.018445820345065908
leaf_weight=9.5695686679100636 5.1846517969388506 43.394847670686431 0.63262395234778779 0.36998141300864773 1.3936437712982286 0.6036612323950975 2.9718621880747369 1.2842308662366111 0.70350936520844676 0.63932799128815565 0.75538638094440103 2.7786368632223457 261.25868439325131 10.243787277722729
leaf_count=3328 917 17660 81 129 350 130 572 414 116 94 144 439 8847 3281
internal_value=-0.000337194 -0.0123537 -0.000478222 0.0105063 -0.020189 0.0299335 0.00576199 -0.00746407 0.0258116 0.0487479 0.113311 0.0211903 0.00306067 -0.0119422
internal_weight=341.784 75.3411 29.9489 20.3793 45.3922 1.99731 19.7467 11.898 7.84872 4.87686 1.4589 3.41796 266.443 11.528
internal_count=36502 26738 8598 5270 18140 480 5189 3824 1365 793 260 533 9764 3695
is_linear=0
shrinkage=0.03


Tree=78
num_leaves=15
num_cat=0
split_feature=0 8 0 16 5 11 2 17 17 1 9 15 2 2
split_gain=13.6727 9.57559 7.90496 9.41252 8.60117 10.5932 5.62189 9.48273 15.0515 22.0513 8.00552 5.07124 4.30135 10.6332
threshold=0.0081359094342683628 289.00000000000006 0.0035381693360077601 1.8500000000000003 0.0098062518009984136 4.5000000000000009 0.01885281513951027 147.05000000000004 414.50000000000006 0.024687338279132224 150.00000000000003 115.50000000000001 0.0017327598510931427 0.0036069845095166248
decision_type=2 2 2 2 2 2 2 2 2 2 2 2 2 2
left_child=1 6 4 -4 5 -3 -1 -8 9 10 -9 -5 -2 -14
right_child=12 2 3 11 -6 -7 7 8 -10 -11 -12 -13 13 -15
leaf_value=-0.021225874557070912 -0.030139392159535948 0.025005285730846646 0.084536176370557339 0.036444373843758898 -0.030228027197428804 0.16445233708025803 -0.020891419646354398 -0.030103792686499094 -0.0013807337055285755 0.28192700118739744 0.15278378559058073 -0.021766701062696511 0.052897991127789298 0.0021223496731914955
leaf_weight=50.714891818584874 3.6063036437844849 1.0546875442378216 1.0417576225008804 1.6589963992591927 0.73821735987439741 0.91620062082074571 6.5022082228679192 0.62778397742658831 3.1284555632155389 0.47968603670597076 0.32793031795881689 7.1605620512273163 3.7656915148254475 259.87647474743426
leaf_count=20374 1034 166 151 65 170 86 2229 234 990 56 89 1969 450 8368
internal_value=-0.000763286 -0.0121422 0.0117255 -0.000743767 0.0571145 0.0898296 -0.0169986 0.00237485 0.0355227 0.115954 0.0326497 -0.010817 0.00240246 0.0028476
internal_weight=341.6 74.3514 12.5704 9.86132 2.70911 1.97089 61.781 11.0661 4.56386 1.4354 0.955714 8.81956 267.248 263.642
internal_count=36431 26579 2607 2185 422 252 23972 3598 1369 379 323 2034 9852 8818
is_linear=0
shrinkage=0.03


Tree=79
num_leaves=15
num_cat=0
split_feature=1 3 8 9 10 5 12 7 3 3 4 4 8 5
split_gain=14.4322 6.03061 13.3253 7.94314 10.6446 5.84088 10.5204 5.38586 4.79562 5.35598 4.61651 4.36814 7.70374 4.65278
threshold=0.0053441782718864905 0.010257698281316086 1.0000000180025095e-35 397.50000000000006 1387.5000000000002 0.0088289298528310047 42.500000000000007 0.0054315173817244475 0.030571630837728517 0.021959730810705135 0.038837001005805241 0.021203536960837845 312.00000000000006 0.0033183872048748752
decision_type=2 2 2 2 2 2 2 2 2 2 2 2 2 2
left_child=1 -1 -3 7 -5 6 -6 -4 9 10 11 13 -13 -2
right_child=8 2 3 4 5 -7 -8 -9 -10 -11 -12 12 -14 -15
leaf_value=-0.017876343397645642 0.024173667568425265 0.1644096995076107 0.072531241586351616 0.18116347952847126 0.19252097646823921 -0.012726364521330755 -0.030268876414567276 -0.022123215996281503 -0.01741153942620105 0.052207515430568029 -0.032287131555113008 0.0040629578726248672 0.041449566725978819 0.0022513920755146367
leaf_weight=46.272735976148397 9.0428714533336443 0.46120327059179445 0.58280399371869673 0.42569832154549603 0.4038309833267707 1.6777612529695032 0.36154013220220804 7.5466074015712366 9.6299500465393049 2.0694267333019516 3.1602075372356913 14.303893057396637 7.5937151792459181 239.0919050850207
leaf_count=17611 434 37 76 82 99 433 116 3349 573 113 252 898 192 12220
internal_value=0.000626405 -0.0130512 0.00643262 -0.000192032 0.0427253 0.0186035 0.0872812 -0.0153374 0.00339811 0.00412613 0.00376191 0.0041838 0.017028 0.00305031
internal_weight=342.624 57.7322 11.4594 10.9982 2.86883 2.44313 0.765371 8.12941 284.892 275.262 273.193 270.032 21.8976 248.135
internal_count=36485 21803 4192 4155 730 648 215 3425 14682 14109 13996 13744 1090 12654
is_linear=0
shrinkage=0.03


Tree=80
num_leaves=15
num_cat=0
split_feature=0 8 6 6 2 6 4 13 16 6 14 4 4 2
split_gain=13.9482 12.14 6.26767 5.96512 5.61736 11.6225 6.6053 8.84247 4.88128 8.82429 4.63893 3.99923 4.12161 4.54954
threshold=0.0081359094342683628 160.50000000000003 0.031812932008753916 0.043083169177217821 0.0062258527763346802 0.013552463211115537 0.0018854824318658254 4.5000000000000009 1.0500000000000003 0.0099685348556698989 119.50000000000001 0.012299719998102445 0.016146971918723583 0.020444185889020198
decision_type=2 2 2 2 2 2 2 2 2 2 2 2 2 2
left_child=1 3 10 -1 6 -6 7 -3 9 -8 -2 -12 -13 -14
right_child=2 4 -4 -5 5 -7 8 -9 -10 -11 11 12 13 -15
leaf_value=-0.020293947974115469 -0.026622013489513218 -0.0010495624460148474 0.033314170097179831 0.079062917863220769 -0.030247608344009105 0.11511258012668621 -0.030326107385576395 0.1407712425187283 -0.010287700395226798 0.11259023232200875 0.0043276489941365785 -0.014885563077109877 -0.0066121459124016861 0.013764745260154499
leaf_weight=55.004655139753595 5.1309752330416805 0.90914326161146408 5.7394177075475445 0.54926405078731377 0.83251838479191009 1.2212750886101273 0.72669846634380408 0.70057267183437943 11.755531694507225 0.83630300220102072 193.89090190199204 21.884272957104258 25.759423209819943 15.978054485982282
leaf_count=22366 488 140 58 108 172 198 184 90 3227 121 6676 889 1235 370
internal_value=-0.000853676 -0.012526 0.00230099 -0.0193116 0.00967215 0.0561899 0.00327235 0.060673 -0.00366525 0.046143 0.00162328 0.00218607 -0.00434051 0.00118859
internal_weight=340.919 72.536 268.383 55.5539 16.982 2.05379 14.9282 1.60972 13.3185 1.563 262.644 257.513 63.6218 41.7375
internal_count=36322 26606 9716 22474 4132 370 3762 230 3532 305 9658 9170 2494 1605
is_linear=0
shrinkage=0.03


Tree=81
num_leaves=15
num_cat=0
split_feature=0 4 0 11 7 7 10 13 11 18 17 3 11 16
split_gain=14.9519 5.96923 10.0332 5.48435 5.37356 5.87413 11.4078 5.93656 5.11252 5.09871 13.3584 5.59511 4.04089 7.12082
threshold=0.01742196257521245 0.0010371629954532781 0.0090692509486651387 24.500000000000004 0.0059811209134019395 0.010390078433480878 4361.0000000000009 165.00000000000003 1.0000000180025095e-35 69.450000000000017 14.950000000000001 0.0075438002457488837 10.500000000000002 7.2500000000000009
decision_type=2 2 2 2 2 2 2 2 2 2 2 2 2 2
left_child=1 2 -1 12 8 7 9 -6 -3 10 11 -7 -2 -14
right_child=3 4 -4 -5 5 6 -8 -9 -10 -11 -12 -13 13 -15
leaf_value=-0.0014997616671650342 0.0038937357444921755 0.065460667356794511 0.16738828534356948 -0.013892848299861879 -0.017372143992201713 0.078680982813198685 0.13660638196262681 0.083715593684590514 -0.0017965724454324194 -0.008140804741883426 0.12645928525299915 -0.030181680823604 0.0026502328576754833 0.040198279865049112
leaf_weight=1.045479752938262 203.58108431799337 1.551544711459427 0.45407893462106574 14.551936186850069 70.147356506786309 0.54747895197943552 0.53970186726655711 0.52678020345047016 2.95345214381814 21.721267062006518 0.95581246318761248 1.897870711633004 10.776987882796677 7.8616718635894349
leaf_count=328 3990 124 33 328 23491 97 149 172 250 6375 207 554 218 115
internal_value=-0.00019208 -0.00977368 0.049641 0.00394942 -0.0106572 -0.0121548 0.000138911 -0.0166187 0.0213672 -0.0027928 0.0313618 -0.00580888 0.00511781 0.0184878
internal_weight=339.113 102.341 1.49956 236.772 100.841 96.3363 25.6621 70.6741 4.505 25.1224 3.40116 2.44535 222.22 18.6387
internal_count=36431 31780 361 4651 31419 31045 7382 23663 374 7233 858 651 4323 333
is_linear=0
shrinkage=0.03


Tree=82
num_leaves=15
num_cat=0
split_feature=0 15 6 3 15 12 19 1 13 3 3 18 9 19
split_gain=18.3969 8.22763 7.24508 6.22121 5.31404 9.64081 10.1842 7.31014 10.6206 4.75497 4.73961 4.98244 5.53347 8.9679
threshold=0.0081359094342683628 8440.5000000000018 0.0095818081573232402 0.036688608885933088 5769.0000000000009 107.00000000000001 0.50031594015395309 0.011835946192725528 1.0000000180025095e-35 0.0277596658635729 0.0040272908099271499 367.94000000000005 115.50000000000001 5.9688352246924987
decision_type=2 2 2 2 2 2 2 2 2 2 2 2 2 2
left_child=1 2 -1 9 10 6 -6 8 -8 -2 -4 -12 -13 -14
right_child=3 -3 4 -5 5 -7 7 -9 -10 -11 11 12 13 -15
leaf_value=-0.023620082932394367 0.0036602167917963698 -0.022280938060875274 0.094815243872878749 -0.024554475380821394 0.22948207923388217 -0.030232632698953689 0.17448871051363268 0.15030494942989525 -0.030081541212409506 0.040366139156047087 -0.030239577298579626 -0.017159209081440974 0.010742122011981136 0.10262517903993011
leaf_weight=9.0986532347742486 259.32130967045669 42.021647838526405 0.4793204136658521 6.9961096292827269 0.34575211326591659 1.0588067815406246 0.29326476983260352 0.49459052039310325 1.0327537059783933 3.2156628898810586 3.9360506399534669 4.627676844946107 6.3438909286633134 1.1256413112860171
leaf_count=3307 9433 18071 85 294 65 337 109 63 417 115 965 1601 1345 213
internal_value=-0.000210181 -0.0138126 -0.00147218 0.00336578 0.00873749 0.0439597 0.0802211 0.0518749 0.0151616 0.00410981 0.00185804 -0.000920948 0.00861841 0.0245887
internal_weight=340.391 70.858 28.8364 269.533 19.7377 3.22517 2.16636 1.82061 1.32602 262.537 16.5126 16.0333 12.0972 7.46953
internal_count=36420 26578 8507 9842 5200 991 654 589 526 9548 4209 4124 3159 1558
is_linear=0
shrinkage=0.03


Tree=83
num_leaves=15
num_cat=0
split_feature=1 9 5 11 4 12 19 14 11 7 6 7 12 4
split_gain=11.5206 4.808 9.68528 7.04565 7.35739 6.54763 7.62644 5.03829 4.81046 4.48223 4.15135 3.8139 6.90108 4.03
threshold=0.010200098118053438 365.50000000000006 0.0021716399128491942 7.5000000000000009 0.025572253067271518 21.500000000000004 3.5638789513718909 290.50000000000006 8.5000000000000018 0.0015781973014117833 0.043083169177217821 0.0068277349385238405 12.500000000000002 0.0010371629954532781
decision_type=2 2 2 2 2 2 2 2 2 2 2 2 2 2
left_child=1 10 -3 9 5 6 -5 -7 -9 -4 11 12 -1 -13
right_child=-2 2 3 4 -6 7 -8 8 -10 -11 -12 13 -14 -15
leaf_value=0.10122123005160434 0.0035346556372103815 0.12009697816219589 0.075724294805610742 0.1437264014099161 0.12804896324676024 0.090062530531642038 0.0065089300928522246 0.068057527563273448 -0.022928820424583191 -0.012459846298739365 0.060115567286185806 0.053192549391968394 -0.0064836836384874006 -0.018302559446831766
leaf_weight=0.68068567430600468 257.13201016094536 0.59764672606252389 0.53164923377335682 0.68768036877736338 0.56401246075984079 0.49275768361985672 0.77578560018446296 0.60254327266011376 3.9600286810891703 21.375708997133188 0.66433050250634451 0.71962520643137295 2.5087082779500633 50.782171441591345
leaf_count=86 8091 88 15 105 89 57 114 120 838 4890 116 243 385 21156
internal_value=0.000370303 -0.00920851 0.000554035 -0.0019104 0.0241001 0.0151063 0.0709872 -0.00107059 -0.010913 -0.0103198 -0.0144266 -0.0153321 0.0165029 -0.0173036
internal_weight=342.075 84.9433 29.5878 28.9902 7.08281 6.5188 1.46347 5.05533 4.56257 21.9074 55.3555 54.6912 3.18939 51.5018
internal_count=36393 28302 6316 6228 1323 1234 219 1015 958 4905 21986 21870 471 21399
is_linear=0
shrinkage=0.03


Tree=84
num_leaves=15
num_cat=0
split_feature=1 6 19 19 1 4 16 6 15 19 9 17 6 14
split_gain=15.8099 7.50082 7.20561 12.5878 13.9906 21.2578 13.9373 6.15889 8.76888 6.36506 8.21805 8.34162 5.73939 5.9899
threshold=0.0047148338967843611 0.010070468591518963 5.5844356993904496 6.0061067934967243 0.010328151746837655 0.0050763243613321579 7.9000000000000012 0.0058224287118868413 910.00000000000011 8.2111562950909498 15.500000000000002 15.050000000000002 0.011975898245995672 69.500000000000014
decision_type=2 2 2 2 2 2 2 2 2 2 2 2 2 2
left_child=-1 2 -2 4 5 -4 -6 8 -5 10 11 -10 -3 -14
right_child=1 12 3 7 6 -7 -8 -9 9 -11 -12 -13 13 -15
leaf_value=-0.016922984759186601 -0.01826798880921654 0.042647166690252751 0.28482177201423969 0.074050612640860228 -0.031484943425189239 0.036141600266582995 0.056541266995002476 -0.028524008862566438 0.10996755257138451 0.037677359890953235 -0.031333866817910429 -0.010134637392792255 0.038563277932217137 0.0029274480947929162
leaf_weight=47.480743516702205 29.557390358182602 3.4389304375508791 0.47380529961083329 1.4284091091249163 2.9476050660014153 0.89142569608520716 3.5909736000467092 8.7812470452627149 0.82871308620087658 2.5325950112892306 7.2551430580206215 1.3992454501567406 4.3268758186604819 224.63240500900429
leaf_count=19766 3358 165 94 163 192 206 101 737 109 217 764 343 67 10139
internal_value=-0.000867614 0.00174232 -0.00774403 0.0025802 0.0350971 0.122446 0.0168589 -0.00898349 0.00377973 -0.00457397 -0.0158578 0.0345387 0.00417868 0.00360089
internal_weight=339.566 292.085 59.6866 30.1292 7.90381 1.36523 6.53858 22.2254 13.4441 12.0157 9.4831 2.22796 232.398 228.959
internal_count=36421 16655 6284 2926 593 300 293 2333 1596 1433 1216 452 10371 10206
is_linear=0
shrinkage=0.03


Tree=85
num_leaves=15
num_cat=0
split_feature=0 14 12 5 18 2 17 12 18 17 13 18 18 18
split_gain=19.5601 7.41974 13.2155 21.3156 51.3309 19.5563 7.99105 6.45398 8.56259 7.45696 6.99771 5.29943 19.3285 6.34139
threshold=0.0081359094342683628 18542.500000000004 19.500000000000004 0.0072789395474655372 2059.6700000000005 0.023804244052689116 72100.000000000015 248.50000000000003 503.65000000000003 12.050000000000002 32.500000000000007 157784.10000000001 276339.10000000003 834250.00000000012
decision_type=2 2 2 2 2 2 2 2 2 2 2 2 2 2
left_child=1 -1 3 4 -3 -5 -4 -2 -9 -10 11 -11 -13 -14
right_child=7 2 6 5 -6 -7 -8 8 9 10 -12 12 13 -15
leaf_value=-0.021260006165199966 0.0012470217838694059 0.43562756921444551 -0.017198838366299162 -0.0057785463496557348 -0.030125856861690708 0.23033385004537565 0.078504374403184404 -0.01180124291868021 0.04780852128544337 -0.00070942138710795551 0.047622141912169839 0.098774423220294408 -0.033869134923306128 0.023078163787955335
leaf_weight=46.415305302594788 220.36378578504082 0.38632905867416667 16.216568852891218 3.6872277422808111 0.47457977174781263 0.34527629730291653 0.82517992367502202 10.074691856279967 6.7795534291071808 20.192909105913717 4.6657532944809637 2.4729997245594841 2.7800864917226136 4.7956394479842857
leaf_count=18692 8108 107 6170 1218 161 57 181 352 198 625 134 56 118 267
internal_value=-0.000117535 -0.0144651 -8.68671e-05 0.0433686 0.178879 0.0144382 -0.0125648 0.00348618 0.0130189 0.0190173 0.0134256 0.00814967 0.025952 0.00218005
internal_weight=340.476 68.3505 21.9352 4.89341 0.860909 4.0325 17.0417 272.125 51.7616 41.6869 34.9074 30.2416 10.0487 7.57573
internal_count=36444 26586 7894 1543 268 1275 6351 9858 1750 1398 1200 1066 441 385
is_linear=0
shrinkage=0.03


Tree=86
num_leaves=15
num_cat=0
split_feature=1 18 18 18 0 5 18 7 7 8 1 17 17 18
split_gain=12.5027 5.33119 23.3039 10.7182 10.5969 11.9888 9.90585 6.16063 11.2841 5.71745 5.55008 8.34612 24.7115 18.5677
threshold=0.0051530966212879978 594.33000000000004 800.5400000000003 240.60000000000005 0.066504568162131059 0.0088289298528310047 177.26500000000001 0.011222964852273131 0.01335518334776957 322.50000000000006 0.093329695934087853 250.05000000000004 189.15000000000003 2245.7200000000007
decision_type=2 2 2 2 2 2 2 2 2 2 2 2 2 2
left_child=-1 3 4 6 5 -3 7 -2 -9 -8 11 12 -4 -14
right_child=1 2 10 -5 -6 -7 9 8 -10 -11 -12 -13 13 -15
leaf_value=-0.014326720059386268 -0.010084349178902781 0.019256604037108691 0.0016665274954813171 -0.026367076761634124 0.0033630595574002053 0.10524039577776663 0.011454375777863986 0.067700912938708932 -0.02071199255074474 0.063888491770216368 0.019789706033670768 -0.0057413394423912814 0.12192033593815721 0.028026116163247294
leaf_weight=50.940412384690717 30.575892784516327 2.3380452061537635 99.685940125840716 16.974431473761797 2.8844251949340105 3.8836397337727249 4.6973801242420441 2.7041652513435102 2.5006377006648108 3.1112617310136557 14.625379051547496 97.197129193809815 2.4633093259762964 8.2231018712045607
leaf_count=21136 1938 134 5021 1063 36 192 196 199 170 56 194 5766 29 371
internal_value=-0.000612898 0.00178063 0.00385536 -0.006143 0.0508932 0.0729286 0.00173259 -0.00494839 0.0252231 0.0323461 0.00192763 0.000669062 0.00631425 0.0496695
internal_weight=342.805 291.865 231.301 60.5638 9.10611 6.22168 43.5893 35.7807 5.2048 7.80864 222.195 207.569 110.372 10.6864
internal_count=36501 15365 11743 3622 362 326 2559 2307 369 252 11381 11187 5421 400
is_linear=0
shrinkage=0.03


Tree=87
num_leaves=15
num_cat=0
split_feature=0 6 1 18 18 14 1 17 6 6 3 4 2 2
split_gain=14.0167 5.55194 7.98281 8.11626 20.0391 8.99059 7.49805 7.20934 4.92512 4.46826 4.29905 4.22707 4.05709 6.93952
threshold=0.0081359094342683628 0.0095818081573232402 0.034348397376990976 10.630000000000001 7.2000000000000002 178.50000000000003 0.061522974418342626 26.550000000000004 0.043083169177217821 0.0026282859224379986 0.002370202271569719 0.036629592102248788 0.0017327598510931427 0.0037388005834158885
decision_type=2 2 2 2 2 2 2 2 2 2 2 2 2 2
left_child=1 10 3 4 5 -3 7 -4 -5 -2 -1 12 -11 -14
right_child=9 2 6 8 -6 -7 -8 -9 -10 11 -12 -13 13 -15
leaf_value=0.11048072255103755 -0.024291115330520526 0.1381498695019614 0.013783340981132616 -0.012751225453691034 0.21837592834093106 -0.030182392165525453 -0.030304668465708187 0.14518645159973076 0.076776842844802962 -0.030144622575705139 -0.024807844539108472 -0.031079177819804862 0.042509873580634266 0.0044668101373992837
leaf_weight=0.21338879910763608 5.0089279853273174 0.35161006590351407 0.67050876049324803 39.074387379805557 0.48188958922401059 1.520119526539929 0.71512480778619636 0.85486939083784819 0.56095933611504634 2.9720601784065357 22.613954291678965 3.0040275549981734 4.3890024223364881 257.33873978920747
leaf_count=70 909 22 101 14856 110 524 100 134 107 872 10601 207 481 7344
internal_value=0.000760632 -0.0115274 -0.00532597 -0.00827004 0.0458558 0.00143933 0.0498485 0.0874257 -0.0114841 0.00378212 -0.0235432 0.00430739 0.00470899 0.00510477
internal_weight=339.77 67.0568 44.2295 41.989 2.35362 1.87173 2.2405 1.52538 39.6353 272.713 22.8273 267.704 264.7 261.728
internal_count=36438 26625 15954 15619 656 546 335 235 14963 9813 10671 8904 8697 7825
is_linear=0
shrinkage=0.03


Tree=88
num_leaves=15
num_cat=0
split_feature=3 1 11 17 17 9 17 5 0 14 5 2 12 2
split_gain=11.8759 12.1835 5.968 6.40995 7.69648 11.6835 6.6677 6.10577 5.70117 8.10201 11.0367 15.0872 26.8401 12.4095
threshold=0.0021495963407025254 0.0021622816212865307 43.500000000000007 19997.000000000004 11005.000000000002 56.500000000000007 7447.2000000000007 0.002044451395271932 0.047449236363436571 18542.500000000004 0.0081359094342683628 0.0023850547243052535 19.500000000000004 0.017673459620741183
decision_type=2 2 2 2 2 2 2 2 2 2 2 2 2 2
left_child=-1 -2 3 4 6 -6 7 -3 9 -9 11 12 -11 -13
right_child=1 2 -4 -5 5 -7 -8 8 -10 10 -12 13 -14 -15
leaf_value=0.083194900902055363 -0.023829788302874206 0.048404315143896509 -0.021406781114064691 -0.022597351865878954 -0.022170597847035831 0.04793796106948256 -0.029906356137713495 -0.0087774242799605138 0.0057487789784624313 0.3228885007384788 -0.0017515880610816002 -0.0057829560871764845 0.034630823370766568 0.056882742455967208
leaf_weight=1.5289804992498819 19.167719684774056 2.5388807527488089 10.528527507558463 9.5725009482121077 3.0086358707630989 7.4038021643646061 5.9859867891063905 80.638882607570849 146.07581822667271 0.42382370517589041 37.745611581020057 7.1068280964391288 0.92563626146875322 4.741525431512855
leaf_count=133 9641 198 947 1990 652 264 458 13639 2094 66 4850 830 306 332
internal_value=-0.000224675 -0.000604432 0.000801258 0.00156495 0.00234478 0.0276803 0.00142297 0.00209228 0.0016688 -0.00286057 0.00650528 0.0301198 0.125164 0.0192949
internal_weight=337.393 335.864 316.696 306.168 296.595 10.4124 286.183 280.197 277.658 131.582 50.9434 13.1978 1.34946 11.8484
internal_count=36400 36267 26626 25679 23689 916 22773 22315 22117 20023 6384 1534 372 1162
is_linear=0
shrinkage=0.03


Tree=89
num_leaves=15
num_cat=0
split_feature=1 3 18 18 2 5 18 18 2 10 18 18 19 2
split_gain=13.1217 9.83657 4.10284 18.7431 13.5033 9.06968 8.58776 14.339 6.5036 7.95577 5.98099 16.5419 12.3071 6.11877
threshold=0.005487600383825327 0.0018689484346756907 594.33000000000004 800.5400000000003 0.01845411411159523 0.0098062518009984136 240.60000000000005 177.26500000000001 0.021006921749523153 1656.5000000000002 88.099999999999994 75.600000000000023 5.2430680197910631 0.0050307453121195408
decision_type=2 2 2 2 2 2 2 2 2 2 2 2 2 2
left_child=1 -1 6 4 5 -4 7 10 9 -9 11 12 13 -2
right_child=2 -3 3 -5 -6 -7 -8 8 -10 -11 -12 -13 -14 -15
leaf_value=0.14681609849346725 0.020638933580258766 -0.015793639014660802 0.041811022955101057 0.0016524231826262109 0.0059027700789465246 0.12218599581486894 -0.02409171474694554 -0.031744127700046212 0.060000794898907306 0.049337236747580365 -0.023875912216741214 0.083107296941506037 0.072378870148027241 -0.021503654890431833
leaf_weight=0.33697833609767158 3.8978601248236471 51.930395076051354 2.8156668506562692 216.35599742655177 4.3381056266371161 2.2921881624497473 16.121332783717662 2.1693754178704676 4.6404830836690962 2.1872497121803463 12.441992809297515 2.0580528646241865 1.655948448460548 15.162190810427999
leaf_count=48 329 21973 160 10533 84 103 1004 155 45 53 647 108 51 1095
internal_value=-0.000923312 -0.0147453 0.00160149 0.00345842 0.044824 0.0778799 -0.00534808 0.00148636 0.035287 0.00896288 -0.00714912 0.00198911 -0.00606966 -0.0128853
internal_weight=338.404 52.2674 286.136 225.802 9.44596 5.10786 60.3345 44.2132 8.99711 4.35663 35.216 22.7741 20.716 19.0601
internal_count=36388 22021 14367 10880 347 263 3487 2483 253 208 2230 1583 1475 1424
is_linear=0
shrinkage=0.03


Tree=90
num_leaves=15
num_cat=0
split_feature=3 11 4 15 12 19 8 17 14 10 5 5 10 19
split_gain=5.61535 5.28464 4.17903 4.34251 7.07858 9.52538 10.1063 10.3304 6.09681 5.87493 5.74975 5.74962 8.19471 6.42325
threshold=0.0021495963407025254 60.500000000000007 0.038837001005805241 11065.500000000002 8.5000000000000018 3.2619279743942671 15.500000000000002 28.200000000000006 3070.0000000000005 1275.0000000000002 0.044000037141233524 0.0038055666694257174 1510.5000000000002 1.1785366391390582
decision_type=2 2 2 2 2 2 2 2 2 2 2 2 2 2
left_child=-1 2 3 8 5 -5 -7 -8 10 -9 -2 12 -10 -13
right_child=1 -3 -4 4 -6 6 7 9 11 -11 -12 13 -14 -15
leaf_value=0.053236612895361766 -0.0086298838531372584 -0.025939970124113029 -0.031932513280459839 -0.031077462125236013 -0.0043756715946447053 -0.034669209434660155 -0.0066648071306098467 0.05277120006017208 -0.0046644753312374918 0.13824527852406485 0.048638889026912824 -0.022095723023122987 0.078734987611898899 0.0086043221692272236
leaf_weight=1.7062994530424465 37.121946315746754 7.6702994650695464 3.8230441377963862 1.9040287217358116 185.66132516181096 1.0684438922908155 1.1617936191614715 1.3345563485054301 1.9014191245660175 1.5812335551017893 1.6478532839100797 6.6264200509758657 2.397153947269544 82.481688964297064
leaf_count=131 4765 899 656 257 20454 216 146 128 228 93 103 943 167 7199
internal_value=-0.00104881 -0.00132417 -0.000749777 -0.000382841 -0.00325526 0.0262504 0.0474617 0.0689823 0.00380511 0.0991238 -0.00619576 0.00795611 0.0418443 0.00632135
internal_weight=338.088 336.381 328.711 324.888 192.711 7.05006 5.14603 4.07758 132.176 2.91579 38.7698 93.4067 4.29857 89.1081
internal_count=36385 36254 35355 34699 21294 840 583 367 13405 221 4868 8537 395 8142
is_linear=0
shrinkage=0.03


Tree=91
num_leaves=15
num_cat=0
split_feature=1 3 11 6 6 2 2 5 0 11 5 14 14 18
split_gain=8.38132 8.8235 6.22648 4.54103 6.11807 5.44868 7.68231 15.0022 15.4518 10.8251 11.8903 5.34983 5.12189 4.01735
threshold=0.0018112653404688021 0.0021495963407025254 60.500000000000007 0.021817304566955621 0.053429016930196464 0.0014352139088228831 0.0022498776552620074 0.025678170244746341 0.010300690231421336 5.5000000000000009 0.0084682586758642927 80.500000000000014 119.50000000000001 19892290.000000004
decision_type=2 2 2 2 2 2 2 2 2 2 2 2 2 2
left_child=-1 -2 3 5 11 -3 7 8 9 -7 -11 -5 -8 -14
right_child=1 2 -4 4 -6 6 12 -9 -10 10 -12 -13 13 -15
leaf_value=-0.022128557733386796 0.067947914966744266 -0.025803320908736896 -0.028345451478737016 0.071406677608245886 -0.011222618776070628 -0.022270221195456769 -0.026860741415511116 0.22296584467998526 0.16526548601856095 0.15143568723862705 -0.0016066673972627123 0.015245008077367141 0.00031393951149794459 0.026025531298723949
leaf_weight=15.092052994295953 1.7489561170805235 7.0057357049081466 6.6495225502876556 2.6292275673476961 3.3908350975252688 3.8048580755712456 6.1461425838060668 0.35382966278120864 0.61288717482238997 0.82007827481720585 1.0316626760177312 3.6397451600059867 276.62001866637729 5.5795227881753808
leaf_count=7913 106 3326 690 73 70 1316 1134 75 52 146 291 273 20328 588
internal_value=-0.000281282 0.000748988 0.000379733 0.000992659 0.0212404 0.000344957 0.000965999 0.0329106 0.0221845 0.00668185 0.066171 0.0387994 0.000232228 0.000822298
internal_weight=335.125 320.033 318.284 311.635 9.65981 301.975 294.969 6.62332 6.26949 5.6566 1.85174 6.26897 288.346 282.2
internal_count=36381 28468 28362 27672 416 27256 23930 1880 1805 1753 437 346 22050 20916
is_linear=0
shrinkage=0.03


Tree=92
num_leaves=15
num_cat=0
split_feature=0 15 16 4 8 17 17 4 8 6 12 7 13 2
split_gain=11.904 11.1437 7.63643 6.32295 5.43304 5.20879 17.7997 5.73222 7.42983 9.23158 13.3794 5.19461 5.0665 4.75276
threshold=0.0081359094342683628 78.000000000000014 7.9000000000000012 0.00092599612480939036 165.00000000000003 10.950000000000001 15.050000000000002 0.0017210746676364433 617.50000000000011 0.013276053736176938 48.500000000000007 0.014443935252547299 1.0000000180025095e-35 0.0022180947325180661
decision_type=2 2 2 2 2 2 2 2 2 2 2 2 2 2
left_child=1 2 -1 -2 -3 -6 -7 -8 9 -9 -11 13 -13 -5
right_child=3 4 -4 11 5 6 7 8 -10 10 -12 12 -14 -15
leaf_value=-0.0089585220982598621 0.037400050576512772 -0.018688609187116133 0.08527517847190369 -0.030177305147863678 -0.030192772892540371 0.17320290607560285 0.064340570798990082 -0.030205870434567302 -0.025080252355854225 0.15025450589588624 -0.0032598061501275233 0.013658590526219254 -0.027310817897131186 0.0041628786336109303
leaf_weight=1.374283671146258 4.8133049104362717 47.363424338866025 1.7717957337154073 3.6806769472314036 3.4020385273033744 0.5856588704045852 1.2228928712429468 1.353199044708161 5.907373062800616 0.98707455350086126 1.059282957576215 3.8072167620994142 9.4837858182145265 250.09920871583745
leaf_count=209 79 22335 130 1066 1070 115 161 436 1731 203 262 161 412 8125
internal_value=0.000563709 -0.010967 0.0441116 0.00332152 -0.0137672 0.00228888 0.0122303 0.00327717 -0.00474632 0.0305878 0.0707889 0.00270734 -0.0155751 0.00366483
internal_weight=336.911 65.027 3.14608 271.884 61.8809 14.5175 11.1155 10.5298 9.30693 3.39956 2.04636 267.071 13.291 253.78
internal_count=36495 26652 339 9843 26313 3978 2908 2793 2632 901 465 9764 573 9191
is_linear=0
shrinkage=0.03


Tree=93
num_leaves=15
num_cat=0
split_feature=0 15 6 6 6 4 17 17 17 17 17 1 2 2
split_gain=9.46588 7.87617 7.42781 6.37703 5.88863 5.48359 5.30906 7.79964 6.99121 7.76608 9.43707 6.93938 9.4923 11.2062
threshold=0.0081359094342683628 8440.5000000000018 0.027293256238608815 0.0095818081573232402 0.010876197648821351 0.029573227539139924 14615.600000000002 11005.000000000002 7447.2000000000007 6130.5000000000009 4002.5000000000005 0.006278584347725648 0.0073913353339691039 0.0059567562146647752
decision_type=2 2 2 2 2 2 2 2 2 2 2 2 2 2
left_child=1 2 3 -1 -5 6 7 8 9 10 11 12 13 -2
right_child=5 -3 -4 4 -6 -7 -8 -9 -10 -11 -12 -13 -14 -15
leaf_value=-0.022364166422216322 0.029784317463275752 -0.01876361793766379 0.13893751865949586 0.12821979690191213 0.0076909654603080834 -0.021295334183656908 -0.018600333290161461 0.038472248789702755 -0.029818903346560968 0.03788612875317101 -0.032892268606832913 0.0034463303177348099 -0.020204145282409582 0.13243784543974635
leaf_weight=7.6666237489553231 7.874759510625152 37.006408879882656 0.35462829133029927 0.37210931326262908 18.61603510810528 8.0828827519435418 9.2001842436147836 5.9737111066933712 5.4504515192238605 6.1261073971400029 6.1861564920982337 219.73072684381623 2.897089146426878 1.0895071876002473
leaf_count=3276 986 18100 56 45 5132 482 733 146 203 105 219 6242 592 86
internal_value=0.000607655 -0.00977374 0.00254358 0.000728928 0.010053 0.00304546 0.00378921 0.00459597 0.0037844 0.00453533 0.00367608 0.00465287 0.0270039 0.0422607
internal_weight=336.627 64.0158 27.0094 26.6548 18.9881 272.612 264.529 255.329 249.355 243.904 237.778 231.592 11.8614 8.96427
internal_count=36403 26609 8509 8453 5177 9794 9312 8579 8433 8230 8125 7906 1664 1072
is_linear=0
shrinkage=0.03


Tree=94
num_leaves=15
num_cat=0
split_feature=1 15 3 18 15 7 18 11 15 19 4 17 13 17
split_gain=9.57406 6.07065 8.15611 12.1893 5.04137 4.14676 6.48526 4.02563 8.1395 9.14699 6.41399 6.32388 6.54672 6.77206
threshold=0.005487600383825327 1854.0000000000002 0.0075438002457488837 52.100000000000009 758.00000000000011 0.0068277349385238405 230925.00000000003 2.5000000000000004 319.00000000000006 5.8305616882310112 0.029573227539139924 3.0500000000000003 83.500000000000014 5.0500000000000007
decision_type=2 2 2 2 2 2 2 2 2 2 2 2 2 2
left_child=1 2 3 -1 -5 6 -4 10 9 -9 11 -2 13 -13
right_child=7 -3 5 4 -6 -7 -8 8 -10 -11 -12 12 -14 -15
leaf_value=0.18136015544193113 -0.012223768285545847 -0.018180531997456294 -0.00071731275018969867 -0.030284158483334083 0.091015297466836231 -0.019554380539511539 0.10828110342821287 0.0048749571914109089 -0.0033860928896936059 0.076678057594785173 -0.032544627034559057 0.035486570023485695 0.048528646290839882 0.0055215814422788796
leaf_weight=0.56053436850197513 14.335539692081509 39.887806655257009 2.0176879749633359 0.83588198269717373 0.48863732418976724 5.6569103362271562 0.64940071222372342 4.6499235613737246 149.08762457233388 2.4317980483174324 3.9061412815935901 7.29491458099801 3.6400538294110438 97.663456054520793
leaf_count=32 888 19151 302 179 106 2212 103 206 7690 103 317 301 150 4573
internal_value=-0.000808704 -0.0128972 0.00774521 0.0640927 0.0144652 -0.00501524 0.0258224 0.00133114 -0.0018934 0.0295315 0.0053013 0.00650382 0.00897596 0.00760424
internal_weight=333.106 50.0969 10.2091 1.88505 1.32452 8.324 2.66709 283.009 156.169 7.08172 126.84 122.934 108.598 104.958
internal_count=36313 22085 2934 317 285 2617 405 14228 7999 309 6229 5912 5024 4874
is_linear=0
shrinkage=0.03


Tree=95
num_leaves=15
num_cat=0
split_feature=1 6 7 11 2 2 13 6 0 15 11 18 2 4
split_gain=7.26624 15.9059 5.301 4.75822 4.58139 8.68045 17.4586 14.6338 12.7633 12.6896 9.74449 6.84077 9.63658 10.9645
threshold=0.0021622816212865307 0.043083169177217821 0.002664275982113351 60.500000000000007 0.0014352139088228831 0.0022498776552620074 2.5000000000000004 0.0095818081573232402 0.0089536680803003806 11065.500000000002 3.5000000000000004 594.33000000000004 0.019061479201689772 0.0044504450231294722
decision_type=2 2 2 2 2 2 2 2 2 2 2 2 2 2
left_child=1 2 -1 4 -2 6 -6 -8 9 10 -9 12 -7 -14
right_child=3 -3 -4 -5 5 11 7 8 -10 -11 -12 -13 13 -15
leaf_value=0.060277098820348853 -0.02510969504588037 0.22572461875508384 -0.026424077440407385 -0.022382897784986679 -0.030204390375922104 -0.016817809255771244 -0.030170438795613978 0.018240719209050137 0.19440701002856808 -0.030090253922473238 0.16850127137762816 0.0029043133573334852 0.035466078311698339 -0.0080804897236716623
leaf_weight=0.660100068897015 6.027354766149073 0.23440688010305066 16.476462225313298 8.1841705333208647 2.4220019797794512 41.17382138594985 1.0159594920696688 0.61933711543679315 0.92914149933494616 0.84905066352803249 1.0418352908454833 234.39841809670907 8.1202002585632744 14.48950852639973
leaf_count=55 2918 38 9505 745 798 4758 346 170 76 365 104 15747 191 577
internal_value=-0.000831326 -0.0197269 -0.0230843 0.000196748 0.000790781 0.00130252 0.0346245 0.0698668 0.099417 0.0642571 0.112479 0.000533977 -0.00817678 0.00755911
internal_weight=336.642 17.371 17.1366 319.271 311.087 305.059 6.87733 4.45532 3.43936 2.51022 1.66117 298.182 63.7835 22.6097
internal_count=36393 9598 9560 26795 26050 23132 1859 1061 715 639 274 21273 5526 768
is_linear=0
shrinkage=0.03


Tree=96
num_leaves=15
num_cat=0
split_feature=3 1 12 17 18 19 3 14 14 8 14 6 2 18
split_gain=8.27273 7.99173 5.97754 7.23339 8.37848 8.5874 7.82823 6.15436 12.5086 9.92744 15.0462 15.0109 9.13995 8.97939
threshold=0.0021495963407025254 0.0021622816212865307 21.500000000000004 1384.2500000000002 684.40000000000009 7.2679440397878237 0.0075438002457488837 522.00000000000011 174.50000000000003 23.500000000000004 18542.500000000004 0.013225780879673067 0.01885281513951027 1084.6000000000001
decision_type=2 2 2 2 2 2 2 2 2 2 2 2 2 2
left_child=-1 -2 3 4 6 7 -3 8 -6 10 12 -12 -9 -11
right_child=1 2 -4 -5 5 -7 -8 9 -10 13 11 -13 -14 -15
leaf_value=0.065358809894488015 -0.019411766495870977 0.045622991944681744 -0.00042832806212534454 -0.0098333370918754215 -0.010003010370147744 -0.0091687722996308153 -0.014814935839456658 -0.019644137939129301 0.10526301070316925 0.064993517364137499 0.012368283605748329 0.15862283142523423 0.072115501471428839 0.0072563135249764906
leaf_weight=1.7911297169048328 16.855959232198074 2.2902745832689098 243.11058423051145 13.907807389507068 1.3200504615670063 6.9656303338706484 12.220692779985255 2.3926304765045669 2.3660646728239954 2.7371983610792112 0.96282074227929149 1.8358493032865224 1.6512044850969685 21.203756879665889
leaf_count=128 9583 212 20655 1431 172 555 1369 424 169 124 94 202 136 1119
internal_value=0.00105953 0.000710347 0.0017941 0.00952876 0.014342 0.0212124 -0.00527598 0.0273519 0.0639846 0.0229654 0.0548326 0.108307 0.0178237 0.0138575
internal_weight=331.612 329.821 312.965 69.854 55.9462 41.4352 14.511 34.4696 3.68612 30.7835 6.84251 2.79867 4.04383 23.941
internal_count=36373 36245 26662 6007 4576 2995 1581 2440 341 2099 856 296 560 1243
is_linear=0
shrinkage=0.03


Tree=97
num_leaves=15
num_cat=0
split_feature=0 7 10 6 0 18 18 0 19 18 18 0 18 9
split_gain=7.61447 11.6979 5.41032 4.41775 11.0629 7.18596 11.3686 10.191 13.6551 7.70305 7.09586 7.75133 10.4833 12.1845
threshold=0.0023434186054511782 0.0065853394080741898 311.00000000000006 0.0095818081573232402 0.027721309448672224 17687.560000000001 1338.5500000000002 0.064022149029650754 3.8887538546699645 87051.240000000005 10143.945000000002 0.096565471544660705 8713.9500000000025 295.50000000000006
decision_type=2 2 2 2 2 2 2 2 2 2 2 2 2 2
left_child=1 -1 -2 4 -4 6 7 8 -6 -7 11 12 -5 -14
right_child=2 -3 3 10 5 9 -8 -9 -10 -11 -12 -13 13 -15
leaf_value=0.067299218338639194 -0.011029928138619917 -0.030075672777664528 -0.020400394530826486 0.0098216611039276275 -0.0068164927201721636 0.051488146567073081 -0.02836575417521351 -0.023626936490395923 0.07506268428749828 0.0052875481249733524 -0.0010869865594263528 -0.024787019339109762 0.0023203340348957086 0.15576817954899305
leaf_weight=1.21778617450036 29.315606368938461 12.585198116372338 24.289010409731418 115.68805968493689 3.4714201914612222 5.230664290720596 9.9544688649475557 3.8884226884692907 3.8842062898911536 8.5685634654946607 113.9119172571227 5.7255175523459902 0.90230817184783407 0.96253137057647109
leaf_count=104 5690 6563 7890 7734 165 120 348 148 85 175 7211 72 136 68
internal_value=0.000339848 -0.0214846 0.00126449 0.00248017 -0.00484464 0.00595131 -0.00501646 0.0156549 0.0364206 0.0228001 0.00431103 0.00929892 0.0109591 0.081522
internal_weight=339.596 13.803 325.793 296.477 59.2868 34.9977 21.1985 11.244 7.35563 13.7992 237.19 123.278 117.553 1.86484
internal_count=36509 6667 29842 24152 8931 1041 746 398 250 295 15221 8010 7938 204
is_linear=0
shrinkage=0.03


Tree=98
num_leaves=15
num_cat=0
split_feature=0 15 6 19 9 6 3 3 7 13 3 3 12 18
split_gain=9.13996 6.97298 6.3214 6.16169 5.3946 7.51216 4.90097 4.82507 4.51563 6.017 4.86965 5.77165 9.22265 4.85285
threshold=0.0053875561269234942 15.500000000000002 0.031812932008753916 0.89587973461402781 397.50000000000006 0.016129801848526644 0.0022064829785003802 0.0020094030536633154 0.0060682578574170068 2.5000000000000004 0.036688608885933088 0.0277596658635729 58.500000000000007 5732.9000000000005
decision_type=2 2 2 2 2 2 2 2 2 2 2 2 2 2
left_child=1 -1 3 -2 7 -6 -5 -3 9 -8 11 13 -13 -10
right_child=2 4 -4 6 5 -7 8 -9 10 -11 -12 12 -14 -15
leaf_value=0.070479028901483998 -0.031785257336214012 0.12711635820624173 0.032029766771203623 0.052613208591824216 -0.0079217551177562292 0.06128473760850095 -0.0014186117805624811 -0.024316496350765729 0.0055103325803664465 0.05472568582417843 -0.02433413470161612 0.090771517405546648 -0.00482490072855406 -0.0026450261007412543
leaf_weight=0.87748821522109111 5.0332859900081521 0.19075991446152585 6.0788926269160575 1.6914590845117334 13.392608655965885 1.5779227192979295 3.5973141894210121 25.949915058794431 116.55245279346127 3.2883610757999122 6.7684521884657434 1.6720803312491619 1.9883196101291103 150.41431914421264
leaf_count=79 334 43 92 67 4407 131 136 13566 6153 115 530 98 113 10628
internal_value=-9.98806e-05 -0.0132014 0.00175183 0.00111934 -0.0149875 -0.000627258 0.00169848 -0.0232114 0.00139554 0.025394 0.000799841 0.00142845 0.0388438 0.000915443
internal_weight=339.074 41.9887 297.085 291.006 41.1112 14.9705 285.973 26.1407 284.281 6.88568 277.396 270.627 3.6604 266.967
internal_count=36492 18226 18266 18174 18147 4538 17840 13609 17773 251 17522 16992 211 16781
is_linear=0
shrinkage=0.03


Tree=99
num_leaves=15
num_cat=0
split_feature=18 19 6 10 19 18 10 10 9 18 6 17 17 19
split_gain=5.98189 8.49215 11.5059 17.4161 10.5518 7.86474 10.7869 8.46928 9.18534 6.89755 6.80615 8.30602 16.6424 7.70299
threshold=1679390.5000000002 7.1895826890082004 0.0064064677379287597 2781.0000000000005 7.3724319131086853 717171.09999999998 2224.5000000000005 962.00000000000011 5.5000000000000009 447811.25000000006 0.0079015944006199986 14048.000000000002 19363.000000000004 4.562262140174151
decision_type=2 2 2 2 2 2 2 2 2 2 2 2 2 2
left_child=5 -2 3 -3 -4 9 7 8 -7 10 13 -12 -13 -1
right_child=1 2 4 -5 -6 6 -8 -9 -10 -11 11 12 -14 -15
leaf_value=-0.022439408938964255 -0.026254043742687361 -0.030322409803026803 0.043854888046986784 0.14918071961950991 -0.021017891873079095 0.15529362211168268 -0.022679303973860584 0.061993678777756731 -0.012597145767508948 -0.02875029585497732 0.0024810346290955218 0.086960128198801098 -0.031746974302747817 -1.864894733205255e-05
leaf_weight=21.51462673174683 17.843281023320742 0.85540136159397562 2.939040351775474 1.1278927149251101 9.7175872907973808 0.32351254404056673 3.276074643013998 6.0127594576915726 3.1384641084587201 7.2354063037782899 219.33183958940208 2.8921616913285098 1.6805804051691664 38.41698529117275
leaf_count=5166 3888 339 78 44 627 74 370 205 979 990 17385 90 206 6006
internal_value=-0.000123469 -0.0123599 0.00457449 0.0717604 -0.00595355 0.00118479 0.0242461 0.0404715 0.0030918 0.000174553 0.00091189 0.00331534 0.0433327 -0.00806739
internal_weight=336.306 32.4832 14.6399 1.98329 12.6566 303.822 12.7508 9.47474 3.46198 291.072 283.836 223.905 4.57274 59.9316
internal_count=36447 4976 1088 383 705 31471 1628 1258 1053 29843 28853 17681 296 11172
is_linear=0
shrinkage=0.03


Tree=100
num_leaves=15
num_cat=0
split_feature=0 4 15 16 11 1 18 10 18 18 16 18 9 1
split_gain=9.21435 8.91794 6.61018 6.49088 4.12359 4.48357 4.26002 12.0993 11.0992 9.42482 8.80618 8.10948 4.70636 11.6887
threshold=0.015806379029920825 0.00076574566998797837 78.000000000000014 7.9000000000000012 24.500000000000004 0.0069662749229344734 5520.5500000000002 568.50000000000011 34237.200000000004 3156.860000000001 2.3500000000000001 1884.7500000000002 291.50000000000006 0.081715582469749914
decision_type=2 2 2 2 2 2 2 2 2 2 2 2 2 2
left_child=1 -1 3 -3 5 -2 7 -7 -8 11 -11 -9 -10 -14
right_child=4 2 -4 -5 -6 6 8 9 12 10 -12 -13 13 -15
leaf_value=0.098598823979513472 0.031427583996600679 -0.01395096070328785 -0.011139328103034786 0.063277305760189168 -0.012573423080163425 0.034600077283728235 -0.014195484388109539 0.0031677161491015507 0.010841239756365964 0.051331858508791371 0.0050730020921839637 -0.026542863931204346 -0.0240221615291678 0.011420335662719666
leaf_weight=0.69443986541591485 5.1658774265088132 1.780090942163951 83.128104437026195 2.1777695385972038 14.733930518617852 13.112957457313312 37.588970762677491 66.070969451451674 53.570648748893291 6.623850437346845 8.4013979416340572 9.4509530649520439 14.374654988991095 20.063108628615737
leaf_count=123 142 265 31081 147 327 205 921 1469 793 94 133 197 343 214
internal_value=-0.000123694 -0.00848197 -0.00933585 0.0285431 0.002821 0.00378857 0.00316578 0.0076672 -0.000549408 0.00376681 0.0254661 -0.000550321 0.00527892 -0.0033737
internal_weight=336.938 87.7804 87.086 3.95786 249.157 234.423 229.258 103.66 125.597 90.5472 15.0252 75.5219 88.0084 34.4378
internal_count=36454 31616 31493 412 4838 4511 4369 2098 2271 1893 227 1666 1350 557
is_linear=0
shrinkage=0.03


Tree=101
num_leaves=15
num_cat=0
split_feature=1 7 3 6 19 19 18 8 6 7 1 18 18 2
split_gain=6.47694 6.35639 5.65973 5.9604 7.53772 10.1745 12.4778 12.6859 8.32683 8.82122 6.40803 6.19429 7.8513 8.32433
threshold=0.0018112653404688021 0.002664275982113351 0.0021495963407025254 0.0095818081573232402 5.5610643247603404 5.6965899899845729 18337.160000000003 303.50000000000006 0.0058017577709879387 0.0059811209134019395 0.093329695934087853 896787.70000000007 717171.09999999998 0.0025744228933693943
decision_type=2 2 2 2 2 2 2 2 2 2 2 2 2 2
left_child=1 -1 -2 4 -4 6 7 -6 9 -7 -11 12 13 -5
right_child=2 -3 3 11 5 8 -8 -9 -10 10 -12 -13 -14 -15
leaf_value=0.079467410159991689 0.056383877640490077 -0.025263298927284194 -0.018992763375850798 0.029436347653795193 0.11469636880054213 0.12156205254666139 -0.0315171386949612 0.011426756195033728 -0.026440776638312149 -0.0028053811202776637 0.061309509704047999 -0.010100987622189403 0.040312055961766562 0.0019907794689049555
leaf_weight=0.54427247121930022 1.632757375249638 12.49910091946367 29.345160140190274 10.441148112528024 2.2040234036976463 0.58488441398367896 1.7000780374510212 2.0817761388607323 10.846622682060113 15.347553425235676 1.5441266773268569 31.209045139024965 5.2797264778055242 209.71741038095206
leaf_count=41 103 7864 5425 3073 151 31 228 103 1454 3096 28 3168 237 11372
internal_value=-0.000168477 -0.0208931 0.000671195 0.000387196 -0.0078302 0.00171734 0.0372543 0.0645344 -0.00579311 0.00702161 0.00305558 0.00242529 0.0041594 0.0032924
internal_weight=334.978 13.0434 321.934 320.302 63.6542 34.3091 5.98588 4.2858 28.3232 17.4766 16.8917 256.647 225.438 220.159
internal_count=36374 7905 28469 28366 10516 5091 482 254 4609 3155 3124 17850 14682 14445
is_linear=0
shrinkage=0.03


Tree=102
num_leaves=15
num_cat=0
split_feature=0 7 3 11 0 13 14 17 17 16 17 17 18 19
split_gain=8.42006 6.69498 5.99113 4.80451 4.64261 8.33081 5.92967 7.04713 25.3818 23.2935 7.88715 26.4488 7.38794 16.6395
threshold=0.0023434186054511782 0.0059811209134019395 0.0021495963407025254 60.500000000000007 0.054617363836358193 175.00000000000003 3034.5000000000005 219.80000000000004 175.05000000000004 7.9000000000000012 14048.000000000002 15213.500000000002 10143.945000000002 5.3831175462396574
decision_type=2 2 2 2 2 2 2 2 2 2 2 2 2 2
left_child=1 -1 -2 4 5 6 -4 8 12 -10 -9 -12 13 -8
right_child=2 -3 3 -5 -6 -7 7 10 9 -11 11 -13 -14 -15
leaf_value=0.044867853099042204 0.059037257222510235 -0.030072686604087736 -0.011096727201483872 -0.023975851062938938 0.0058071001591114722 0.10675999182216406 -0.0019232114763759339 -0.014099479725650056 0.010364513741570507 0.13431259534361345 0.1391567133173475 -0.0037529518046892233 -0.016685816146719937 0.036206831662821695
leaf_weight=1.1821201315615315 1.6298759761266399 11.612007421674205 45.870329750003293 6.5908576599322251 146.75955391954631 0.63746084063313802 42.753242237260565 36.41819521621801 2.865020796773023 2.6055814730934799 1.3577591916546214 8.2325659390771744 14.597394448122939 13.569500843295826
leaf_count=79 98 6519 9676 724 2004 69 5601 5530 300 107 111 1919 2169 1577
internal_value=0.000721955 -0.0231485 0.00166488 0.00137471 0.00190401 -0.0014873 -0.00189738 0.00155017 0.00713663 0.0693995 -0.00772537 0.0164796 0.00233383 0.00726323
internal_weight=336.681 12.7941 323.887 322.257 315.667 168.907 168.27 122.399 76.3907 5.4706 46.0085 9.59033 70.9201 56.3227
internal_count=36483 6598 29885 29787 29063 27059 26990 17314 9754 407 7560 2030 9347 7178
is_linear=0
shrinkage=0.03


Tree=103
num_leaves=15
num_cat=0
split_feature=0 6 10 6 17 17 1 8 17 0 2 7 16 16
split_gain=6.46625 5.60267 6.61919 12.0436 8.62187 21.7889 8.37051 15.0292 8.99929 7.61347 8.4657 7.47357 7.02317 23.2331
threshold=0.01742196257521245 0.0095818081573232402 621.50000000000011 0.011636449344761103 14.050000000000002 15.050000000000002 0.005487600383825327 21.500000000000004 708.50000000000011 0.0079511938875498345 0.01885281513951027 0.0097978710607291714 4.1000000000000005 6.8000000000000016
decision_type=2 2 2 2 2 2 2 2 2 2 2 2 2 2
left_child=1 -1 -3 -4 -5 -6 9 -8 12 -7 11 -11 -9 -14
right_child=-2 2 3 4 5 6 7 8 -10 10 -12 -13 13 -15
leaf_value=-0.017372732037045705 0.0031301533128634765 -0.014770592882286453 0.12367597194778421 -0.023254146790235262 0.17292566946322413 -0.016774819946649991 -0.030266206277708697 0.018477042206901318 0.0062865200766912656 0.021535019954853123 -0.030316035844274086 0.17362399954688204 0.19722656171047842 0.043394098171233596
leaf_weight=28.144014051184058 243.59681003214791 21.378024971927516 0.76586888125166197 8.494473009137435 0.72876126435585575 13.413537566899324 3.7040664330124846 2.4400909086689335 4.6228593258420005 0.57853578613139578 0.76888467324897636 0.58464472135528922 1.1697432044893501 3.6120615478139371
leaf_count=12885 4643 7388 132 2739 138 5741 725 357 846 137 155 108 89 474
internal_value=0.000587224 -0.00626467 -0.00124351 0.00582981 0.00358006 0.0107881 0.00696352 0.0224767 0.0389703 -0.00875509 0.0469226 0.0979789 0.0598918 0.0810252
internal_weight=334.002 90.4056 62.2616 40.8835 40.1177 31.6232 30.8944 15.5488 11.8448 15.3456 1.93207 1.16318 7.2219 4.7818
internal_count=36557 31914 19029 11641 11509 8770 8632 2491 1766 6141 400 245 920 563
is_linear=0
shrinkage=0.03


Tree=104
num_leaves=15
num_cat=0
split_feature=1 3 7 4 4 15 15 15 4 6 12 0 17 17
split_gain=7.01249 6.84684 5.47822 5.77048 5.6557 5.85815 5.5415 5.40091 10.5983 4.85592 4.16773 6.96978 6.6485 5.9769
threshold=0.0018112653404688021 0.0021495963407025254 0.0076856582357959754 0.00076574566998797837 0.006720142141590113 107.50000000000001 189.00000000000003 317.00000000000006 0.0076727473590596689 0.031812932008753916 21.500000000000004 0.0081359094342683628 1101.2500000000002 4.0500000000000007
decision_type=2 2 2 2 2 2 2 2 2 2 2 2 2 2
left_child=-1 -2 4 -4 5 -3 -5 8 -8 10 12 -12 13 -9
right_child=1 2 3 6 -6 -7 7 9 -10 -11 11 -13 -14 -15
leaf_value=-0.02278976198536083 0.056554932482997484 0.006364656841081574 0.039570370551582273 -0.027301932025610574 -0.0027366057177607636 0.062298772184690453 -0.0097831122847622902 -0.012174636207162148 0.08199558852793376 0.024971050371839901 -0.017143927762888519 -0.0015513671589011339 -0.013942410327096089 0.015179279856265018
leaf_weight=12.314586356631478 1.9339225075673301 3.0027806435246003 3.1458718582289285 7.1860407406929871 5.6822038689861074 3.8405530002200976 2.5043697673827401 8.764347432763314 2.0670054838992655 6.2703633431810877 29.716737147071399 195.77196492964868 12.917877241619861 40.001360485563055
leaf_count=7870 103 136 112 750 305 177 215 972 160 141 13769 6876 1454 3227
internal_value=-0.00057111 0.000276501 -6.2694e-05 -0.000852744 0.0193863 0.0377555 -0.00126941 -0.000641683 0.0317158 -0.00114576 -0.00171602 -0.00360628 0.00519397 0.0102631
internal_weight=335.12 322.805 320.871 308.346 12.5255 6.84333 305.2 298.014 4.57138 293.443 287.172 225.489 61.6836 48.7657
internal_count=36267 28397 28294 27676 618 313 27564 26814 375 26439 26298 20645 5653 4199
is_linear=0
shrinkage=0.03


Tree=105
num_leaves=15
num_cat=0
split_feature=0 15 3 0 3 15 1 4 19 7 4 12 16 4
split_gain=7.93364 6.78779 4.95608 4.94501 14.9858 19.7065 4.55247 4.45994 3.88275 3.53533 3.52821 3.96901 6.32747 7.34158
threshold=0.0029417923211847376 15.500000000000002 0.0020094030536633154 0.003166381865386677 0.0086636549851926287 11110.000000000002 0.0022420755288589376 0.00076574566998797837 0.50031594015395309 0.0015781973014117833 0.038837001005805241 30.500000000000004 2.6500000000000008 0.029435358223015375
decision_type=2 2 2 2 2 2 2 2 2 2 2 2 2 2
left_child=1 -1 -2 4 5 -4 -5 -8 -9 -3 11 12 13 -10
right_child=2 9 3 6 -6 -7 7 8 10 -11 -12 -13 -14 -15
leaf_value=0.089993914839775993 0.05141160621357739 0.08803114772232 0.31669225370169279 -0.02542470939203386 -0.030108966259995911 -0.030061343038474478 0.03449130162436078 -0.022442614545859545 0.011698550763490531 -0.025013718055839428 -0.032194538481787605 -0.0018250421514886394 -0.0015327104063795492 0.07576000835495933
leaf_weight=0.48829326685518282 1.6825882440898556 0.25259955041110771 0.34574858890846261 6.4407459504436693 0.78499550092965364 0.25726065784692764 3.3489381325198329 6.9758606505347407 40.508022614638321 17.39290897466708 2.9953086230671024 201.83940946706571 49.982751238276251 1.6766886457335193
leaf_count=37 81 14 117 3887 384 151 91 1501 2491 9221 375 14194 3804 179
internal_value=-0.00104351 -0.0203422 6.10219e-05 -0.000213134 0.0562872 0.168757 -0.000463073 6.00556e-05 -0.000319275 -0.0233955 0.000200349 0.000530384 0.00568858 0.0142448
internal_weight=334.972 18.1338 316.838 315.156 1.388 0.603009 313.768 307.327 303.978 17.6455 297.002 294.007 92.1675 42.1847
internal_count=36527 9272 27255 27174 652 268 26522 22635 22544 9235 21043 20668 6474 2670
is_linear=0
shrinkage=0.03


Tree=106
num_leaves=15
num_cat=0
split_feature=0 14 17 17 16 17 8 12 17 18 7 18 19 18
split_gain=5.87984 5.42749 6.76693 21.8104 10.605 17.5868 9.19501 16.9238 7.35303 11.0823 13.2223 6.6994 8.94702 17.2119
threshold=0.047449236363436571 3034.5000000000005 219.80000000000004 175.05000000000004 7.9000000000000012 180.20000000000002 2.5000000000000004 94.500000000000014 11005.000000000002 184071.80000000002 0.009181774772634493 10143.945000000002 5.2430680197910631 6884.7500000000009
decision_type=2 2 2 2 2 2 2 2 2 2 2 2 2 2
left_child=1 -1 3 6 5 -5 7 -3 -4 -10 -11 12 -8 -14
right_child=-2 2 8 4 -6 -7 11 -9 9 10 -12 -13 13 -15
leaf_value=-0.013457145908891577 0.0034236169636340063 -0.011957694683841722 -0.017600575772489385 0.15091144876124002 0.10491454474639844 -0.030702084457922409 -0.0048212728567602345 0.13480883805096835 0.057019398517334494 0.071462924985085219 -0.021336187676627462 -0.023079857654879441 0.010658033522832476 0.11389493048774273
leaf_weight=44.901090060942806 166.43352462165058 1.6087101127486669 34.124438193743117 0.65824972395785097 2.698835379909724 1.7709390615345908 43.242844715132378 1.2616820340044794 3.2291850657202295 1.6420647293562058 8.7199950412614253 11.5623947129352 12.487898257328196 1.6449037479469542
leaf_count=12418 2296 249 6475 64 133 303 7411 136 203 260 2492 2152 1656 243
internal_value=-0.000582056 -0.00451403 -0.00129261 0.00421206 0.0639843 0.0185107 -5.64268e-05 0.0525536 -0.0101683 0.00849234 -0.00663041 -0.00224696 0.0019513 0.0226737
internal_weight=335.987 169.553 124.652 76.9365 5.12802 2.42919 71.8084 2.87039 47.7157 13.5912 10.3621 68.938 57.3756 14.1328
internal_count=36491 34195 21777 12347 500 367 11847 385 9430 2955 2752 11462 9310 1899
is_linear=0
shrinkage=0.03


Tree=107
num_leaves=15
num_cat=0
split_feature=1 12 10 11 19 4 6 9 12 10 5 15 5 13
split_gain=8.41067 4.09851 5.4463 8.06698 5.98017 5.80988 5.90454 7.64163 7.59876 5.57653 5.46975 5.26318 5.56273 8.00065
threshold=0.0018112653404688021 49.500000000000007 621.50000000000011 3.5000000000000004 3.4323716941944236 0.023894958758888276 0.010070468591518963 397.50000000000006 21.500000000000004 4361.0000000000009 0.033242278286868494 589.50000000000011 0.0072789395474655372 11.500000000000002
decision_type=2 2 2 2 2 2 2 2 2 2 2 2 2 2
left_child=-1 2 10 4 5 6 -4 8 -8 -6 -2 -5 13 -13
right_child=1 -3 3 11 9 -7 7 -9 -10 -11 -12 12 -14 -15
leaf_value=-0.024988237787924372 -0.0084115945004051978 -0.0022062918083575289 -0.030742869445272547 0.051114724225193808 -0.0070423158647126595 -0.031464625306822216 0.015055357826858276 0.0027555120716893462 0.069305702579974079 0.044978491088814902 0.055080648106727775 0.096857436537539796 0.0088163688874451189 0.022124635099852803
leaf_weight=11.750952520407735 32.246337769902311 177.39811912633013 1.8528166256146565 3.8645484207663676 44.03513757546898 2.2046399803366503 4.3978324739728141 7.312318389187566 4.9269956104690209 1.9361533259507258 1.2692128372145806 1.5867874608375112 32.334376154933125 6.8763334862887859
leaf_count=7919 4737 15640 330 214 3143 209 242 549 197 116 156 108 2415 475
internal_value=-5.82353e-05 0.000850869 0.00459515 0.00778701 0.00117715 0.014569 0.0200578 0.0257153 0.0437198 -0.00485138 -0.00600718 0.0176534 0.0144837 0.0361366
internal_weight=333.993 322.242 144.843 111.328 66.6659 20.6946 18.49 16.6371 9.32483 45.9713 33.5156 44.662 40.7975 8.46312
internal_count=36450 28531 12891 7998 4786 1527 1318 988 439 3259 4893 3212 2998 583
is_linear=0
shrinkage=0.03


Tree=108
num_leaves=15
num_cat=0
split_feature=1 3 14 10 9 18 0 5 19 3 17 17 9 17
split_gain=7.19221 4.33005 5.07207 5.5115 10.4361 8.74374 7.59703 4.4699 9.11187 3.98698 3.7734 5.31051 9.85573 7.20981
threshold=0.0053441782718864905 0.010257698281316086 11048.000000000002 1266.0000000000002 397.50000000000006 10.630000000000001 0.010300690231421336 0.010344417086656591 4.2884022971086271 0.0015719174465560462 19997.000000000004 11005.000000000002 99.500000000000014 7447.2000000000007
decision_type=2 2 2 2 2 2 2 2 2 2 2 2 2 2
left_child=1 9 -3 4 6 -5 7 -4 -9 -1 11 13 -13 -2
right_child=10 2 3 5 -6 -7 -8 8 -10 -11 -12 12 -14 -15
leaf_value=0.11337410719012218 0.0010495115454170899 -0.021763690116395774 -0.030072934108393307 0.14105824096946334 0.20060500399789807 -0.019570746980444219 0.17081772926296684 0.20958897231842216 -0.030084055977812156 -0.018102093590963913 -0.019396630180136504 -0.032808565106864959 0.037422472475508201 -0.034508683112743327
leaf_weight=0.20884313224814732 264.17345409258269 3.5862988764420134 1.0875445931451397 0.34250006894581053 0.38969547487795342 2.7852003871230409 0.2957176319323479 0.25033204595092673 0.33222787431441247 34.415476892259903 8.2611588507425022 2.30122433125507 8.2294230897678045 5.2336766168009481
leaf_count=31 12892 2078 635 65 59 1072 14 138 181 17508 1155 305 139 222
internal_value=-0.0011336 -0.0124756 0.00597694 0.0241207 0.0587791 -0.00198101 0.0306641 0.00584779 0.0729059 -0.0173091 0.000585959 0.00117566 0.0220751 0.000358735
internal_weight=331.893 43.6938 9.06952 5.48322 2.35552 3.1277 1.96582 1.6701 0.58256 34.6243 288.199 279.938 10.5306 269.407
internal_count=36494 21781 4242 2164 1027 1137 968 954 319 17539 14713 13558 444 13114
is_linear=0
shrinkage=0.03


Tree=109
num_leaves=15
num_cat=0
split_feature=1 0 2 6 5 3 5 15 12 11 3 4 12 6
split_gain=8.792 6.49708 9.84263 5.50793 4.53109 3.76547 3.64521 3.50507 6.97637 10.6636 5.26687 6.73897 9.01094 7.93077
threshold=0.0053441782718864905 0.010300690231421336 0.0045015277329146716 0.043083169177217821 0.0013965540596429006 0.0015719174465560462 0.05435992981464479 8440.5000000000018 8.5000000000000018 1.5000000000000002 0.0094296677935687221 0.0064860661989900479 20.500000000000004 0.013225780879673067
decision_type=2 2 2 2 2 2 2 2 2 2 2 2 2 2
left_child=1 3 -3 4 -1 -6 -7 10 9 -9 11 12 13 -2
right_child=7 2 -4 -5 5 6 -8 8 -10 -11 -12 -13 -14 -15
leaf_value=0.12775756490125625 0.0086135390522841509 0.069532867766967654 -0.019159501634170864 0.07588984572738823 0.10326962050519295 -0.020635717793490282 0.098184335190264788 0.074966370730055326 -0.002243290926182476 0.0008430680699527749 -0.0023979182356174702 0.0017564196492581574 0.011435371594381172 0.070533187170812792
leaf_weight=0.18981565162539382 2.8728448865003902 2.049630402121692 2.4992569726891816 0.56513717328198154 0.22469109995290537 37.748150557919871 0.23381236952263762 2.6997844423167399 180.90623551246244 4.948478378704749 40.597024597343989 30.103464657440782 20.380366703262553 5.2891141523141414
leaf_count=75 161 103 154 91 32 21354 127 147 9389 276 2036 1519 934 168
internal_value=-0.000555082 -0.0131239 0.0208034 -0.0170851 -0.0184535 -0.0191799 -0.0199043 0.00134513 -0.00105678 0.0270081 0.0059086 0.0116587 0.0221026 0.0487387
internal_weight=331.308 43.5105 4.54889 38.9616 38.3965 38.2067 37.982 287.797 188.554 7.64826 99.2428 58.6458 28.5423 8.16196
internal_count=36566 21936 257 21679 21588 21513 21481 14630 9812 423 4818 2782 1263 329
is_linear=0
shrinkage=0.03


Tree=110
num_leaves=15
num_cat=0
split_feature=1 12 16 17 17 17 16 17 2 18 9 16 0 8
split_gain=6.35741 4.54735 6.06329 5.70892 25.8889 5.93669 9.29605 11.0598 15.7309 25.6867 8.12567 7.92017 16.8565 7.97848
threshold=0.0015534744260973705 45.500000000000007 8.2500000000000018 1101.2500000000002 1000.5000000000001 10.050000000000002 4.8500000000000005 47.050000000000004 0.0056666899543033568 1884.7500000000002 435.50000000000006 1.8500000000000003 0.054617363836358193 335.50000000000006
decision_type=2 2 2 2 2 2 2 2 2 2 2 2 2 2
left_child=-1 2 3 4 5 11 7 8 9 -7 -10 12 13 -2
right_child=1 -3 -4 -5 -6 6 -8 -9 10 -11 -12 -13 -14 -15
leaf_value=-0.023821804778889483 -0.023283535396822708 -0.002116540263848951 -0.019812475353354057 -0.0052643308737438657 0.13787974208369014 0.0088710799437221512 0.024777416211067479 -0.0068909054450587174 -0.00330230176109709 0.27281613464157911 0.059944829998287701 -0.016426190676298774 0.05550930973640953 0.075818625619562582
leaf_weight=9.5715422176872362 7.1851066709496099 183.08254752354696 8.2798153812764195 28.297677072871011 1.4043742470676068 0.75317442079540231 32.387555008754134 27.825929511105642 6.2830887675518152 0.5931834049988538 2.5784287585411221 17.078444059123285 5.3715554820373654 0.81395890831481654
leaf_count=6853 1061 16887 1665 2600 91 155 2419 2230 464 153 73 1739 77 18
internal_value=0.000272171 0.000988516 0.00508266 0.0066613 0.00996092 0.00817996 0.0129657 0.00290743 0.029617 0.125161 0.0151007 -0.00288823 0.014404 -0.0131992
internal_weight=331.506 321.935 138.852 130.572 102.275 100.87 70.4214 38.0338 10.2079 1.34636 8.86152 30.4491 13.3706 7.99907
internal_count=36485 29632 12745 11080 8480 8389 5494 3075 845 308 537 2895 1156 1079
is_linear=0
shrinkage=0.03


Tree=111
num_leaves=15
num_cat=0
split_feature=0 0 3 1 5 6 0 13 19 19 1 12 1 13
split_gain=8.74012 7.48834 14.4639 14.0093 5.01234 4.70902 7.94883 6.34879 4.88675 5.99355 15.3482 9.31246 7.5199 4.80179
threshold=0.0029417923211847376 0.003166381865386677 0.0086636549851926287 0.012260568431489921 0.0014060224396253622 0.0079015944006199986 0.027721309448672224 110.50000000000001 3.051614755219402 6.0622724303375985 0.027527345653558438 34.500000000000007 0.06272574323458667 82.500000000000014
decision_type=2 2 2 2 2 2 2 2 2 2 2 2 2 2
left_child=4 2 3 -2 -1 6 -3 13 -8 10 -10 -12 -11 -7
right_child=1 5 -4 -5 -6 7 8 -9 9 12 11 -13 -14 -15
leaf_value=0.13610697105554651 0.038226386647540661 -0.020361105812990742 -0.030107305400918848 0.28760120497748115 -0.023056093262276197 0.0024995147926202312 -0.030720194038477432 -0.029184142370931185 0.063108606019197294 -0.023030468889776903 0.035580067293729485 -0.018013945796883812 0.025711031064628194 0.039518693071958183
leaf_weight=0.17999284050893294 0.43850965728051849 24.202085859782528 0.73294896853622049 0.37709843670018017 16.696832497429568 244.65470242034644 3.689594648545607 5.6502630223985753 4.8038773031439694 9.8946365322917682 4.4363689180463544 8.525169999804346 4.0005677295848718 3.1946715522790319
leaf_count=49 212 8834 389 63 9217 16122 243 400 114 280 111 232 78 178
internal_value=-0.000326273 0.000802012 0.0666101 0.153525 -0.0213586 0.000476483 -0.00711484 0.00225984 0.00195404 0.00576176 0.0173056 0.000329772 -0.00899731 0.00297668
internal_weight=331.477 314.6 1.54856 0.815608 16.8768 313.052 59.5523 253.5 35.3502 31.6606 17.7654 12.9615 13.8952 247.849
internal_count=36522 27256 664 275 9266 26592 9892 16700 1058 815 457 343 358 16300
is_linear=0
shrinkage=0.03


Tree=112
num_leaves=15
num_cat=0
split_feature=6 19 18 17 11 18 18 6 0 8 11 14 17 3
split_gain=7.20467 5.50569 5.76899 12.8762 15.5828 11.3769 10.1704 6.42444 16.0392 19.7481 6.01255 7.65896 4.4479 9.21909
threshold=0.0079015944006199986 2.9548967154817123 1338.5500000000002 3.9500000000000006 1.5000000000000002 1195.26 391.01000000000005 0.0014866565664153392 0.0043665033337337593 58.500000000000007 8.5000000000000018 3070.0000000000005 1.9500000000000002 0.0077605643028872901
decision_type=2 2 2 2 2 2 2 2 2 2 2 2 2 2
left_child=1 -1 3 10 6 -6 -5 8 9 -4 -3 -12 13 -2
right_child=12 2 7 4 5 -7 -8 -9 -10 -11 11 -13 -14 -15
leaf_value=-0.030398295112022283 0.048226377568892302 -0.026614817530116665 0.40650520405962215 0.18167203570836246 -0.02096708332071389 0.10310714166130476 0.048125014067610106 -0.015846670640346033 -0.0050700775386415741 0.044117581273016009 -0.012620833887215367 0.095786905846002524 -0.00041558700177461065 0.0032103138858041677
leaf_weight=10.319061873829922 5.2628012991044697 7.0024562964681518 0.20605104754213188 0.96443770843325127 2.8652874932158743 0.86619442753726605 1.0970046214060856 37.489463495265227 2.374941376503557 0.39436521113384515 1.5870622831862422 0.93036907038185734 240.74825823423453 18.443353687762283
leaf_count=3181 323 1618 129 75 489 82 142 6852 838 182 287 121 20817 1407
internal_value=-0.00140894 -0.0102681 -0.00654399 0.00913985 0.0444057 0.00783445 0.110604 -0.0124791 0.0299521 0.168482 -0.0123197 0.0274435 0.000805292 0.0132039
internal_weight=330.551 66.0967 55.7776 15.3128 5.79292 3.73148 2.06144 40.4648 2.97536 0.600416 9.51989 2.51743 264.454 23.7062
internal_count=36543 13996 10815 2814 788 571 217 8001 1149 311 2026 408 22547 1730
is_linear=0
shrinkage=0.03


Tree=113
num_leaves=15
num_cat=0
split_feature=0 12 10 3 1 2 9 5 18 18 1 15 3 9
split_gain=6.85149 6.74588 5.08585 9.79819 4.91402 8.51341 10.6048 8.82047 9.75151 10.297 5.68057 4.05432 5.70619 3.94965
threshold=0.009252105139139051 43.500000000000007 67.500000000000014 0.0092867480579205373 0.006278584347725648 0.0073913353339691039 27.500000000000004 0.010344417086656591 2059.6700000000005 18337.160000000003 0.0098420199876976377 625.00000000000011 0.0086020505193139685 53.500000000000007
decision_type=2 2 2 2 2 2 2 2 2 2 2 2 2 2
left_child=1 2 3 -1 5 6 -2 8 -8 -10 -6 12 -12 -4
right_child=4 -3 13 -5 10 -7 7 -9 9 -11 11 -13 -14 -15
leaf_value=-0.030167006156636436 0.10825801647448301 -0.016972315658306619 -0.020675649615597941 0.17216306413551247 -0.025932986841154977 -0.030704775646979918 -0.030779348596411397 -0.031063728514023344 0.11068598780556892 0.014387146579533317 0.015853336698626173 0.0037181154978323649 -0.019723891294431618 0.006035869535566867
leaf_weight=0.41788054269273089 1.492312713060526 35.52494790853234 6.3705560038797584 0.44459028716664761 6.455068383133038 2.1920283536892375 1.2785425467882303 2.1220862352056429 2.0785613369662315 1.9247082266956566 5.5486054793000248 229.17880917154253 15.096700634574516 22.857070867612492
leaf_count=173 163 17192 2987 168 936 343 121 161 88 189 97 4861 373 8673
internal_value=0.000567266 -0.00811945 0.00233242 0.074131 0.00269909 0.022252 0.0353005 0.0205954 0.0413506 0.064387 0.00185311 0.00257105 -0.0101622 0.000213733
internal_weight=332.982 65.615 30.0901 0.862471 267.367 11.0882 8.89621 7.4039 5.28181 4.00327 256.279 249.824 20.6453 29.2276
internal_count=36525 29193 12001 341 7332 1065 722 559 398 277 6267 5331 470 11660
is_linear=0
shrinkage=0.03


Tree=114
num_leaves=15
num_cat=0
split_feature=0 18 17 17 18 12 18 17 18 11 9 17 17 0
split_gain=5.18799 4.61125 7.41718 16.8919 6.89548 7.0697 9.42174 11.1668 9.30883 14.4928 8.35918 8.03125 17.0422 10.6313
threshold=0.047449236363436571 1483939.9300000002 14048.000000000002 16020.500000000002 1412951.0700000001 50.500000000000007 3.3550000000000004 0.45000000000000007 669123.1100000001 3.5000000000000004 413.50000000000006 52.550000000000004 11.950000000000001 0.010415420507180534
decision_type=2 2 2 2 2 2 2 2 2 2 2 2 2 2
left_child=1 2 4 -4 5 8 7 -7 10 -10 -1 12 -12 -14
right_child=-2 -3 3 -5 -6 6 -8 -9 9 -11 11 -13 13 -15
leaf_value=-0.0045491728775629058 0.0043943210640505128 -0.019087375317836299 0.11654774280389604 -0.001097110466720173 0.08928166555726029 -0.030665604578113806 -0.011612649136459719 0.095378046667375468 -0.0010961141236382095 0.17346414008210784 0.00037361666641740141 -0.0029833559152861698 0.1347352244317144 0.043479524015529285
leaf_weight=50.265467818477191 171.01856712158769 14.693134323635602 1.5535458802478377 3.7495903198141605 0.72915668960194935 1.0409070159075775 72.900374547753017 1.6126870515290646 1.0262797562172625 0.73435899149626482 5.5976356977480481 8.455565302167086 1.8080232974607495 3.152044092072174
leaf_count=9851 2317 5079 96 1017 110 265 14641 253 312 177 783 1135 423 94
internal_value=0.000719836 -0.0030359 -0.00149064 0.0333668 -0.00274539 -0.00320314 -0.00959144 0.0459358 0.00359115 0.0717126 0.00185992 0.0188037 0.0362527 0.0767437
internal_weight=338.337 167.319 152.626 5.30314 147.323 146.593 75.554 2.65359 71.0394 1.76064 69.2787 19.0133 10.5577 4.96007
internal_count=36553 34236 29157 1113 28044 27934 15159 518 12775 489 12286 2435 1300 517
is_linear=0
shrinkage=0.03


Tree=115
num_leaves=15
num_cat=0
split_feature=0 4 1 17 15 13 12 4 14 12 0 17 17 17
split_gain=7.18769 6.32124 5.65693 12.9806 4.61785 5.23131 4.30477 4.97464 4.87097 4.00538 4.56901 3.87311 21.6096 7.86603
threshold=0.049041428415504552 0.00076574566998797837 0.034348397376990976 200.05000000000004 11065.500000000002 165.00000000000003 19.500000000000004 0.016298586436782763 3480.0000000000005 316.50000000000006 0.084652175765371998 16.250000000000004 15.950000000000001 10.950000000000001
decision_type=2 2 2 2 2 2 2 2 2 2 2 2 2 2
left_child=1 -1 3 -2 5 -3 -4 9 -9 -8 -11 12 13 -6
right_child=2 4 6 -5 11 -7 7 8 -10 10 -12 -13 -14 -15
leaf_value=0.051092426347060772 -0.0074184826794198595 -0.001349026847083814 0.011350842116889415 0.042296477825456508 -0.011434350076671939 0.074470341860829084 -0.0077080585419675041 0.028256877159966328 0.00044747429030527077 0.022899515326998739 -0.007013659763301463 -0.014702856381725263 0.18318200355796527 0.033168190644840098
leaf_weight=1.7497326413867984 9.0310097695328313 70.62498511542799 29.853017473127693 9.917486744001506 25.339784439362127 0.82862540148198505 74.038694951683283 8.9412496311124432 15.487108130939303 9.1880000536330062 9.1943095070309919 64.715152806777041 0.55859712127130379 4.1399989167693994
leaf_count=133 159 13058 388 105 5745 101 1020 120 220 110 117 14304 84 760
internal_value=-0.00125786 -0.00563102 0.00317618 0.0186019 -0.00622818 -0.000469773 0.00118375 -0.00141377 0.0106263 -0.00459614 0.00793779 -0.0105706 -0.00166796 -0.00517058
internal_weight=333.608 167.957 165.651 18.9485 166.207 71.4536 146.702 116.849 24.4284 92.421 18.3823 94.7535 30.0384 29.4798
internal_count=36424 34185 2239 264 34052 13159 1975 1587 340 1247 227 20893 6589 6505
is_linear=0
shrinkage=0.03


Tree=116
num_leaves=15
num_cat=0
split_feature=17 17 9 17 8 17 0 19 12 0 0 6 19 19
split_gain=4.34483 8.37218 6.05847 5.49782 5.10345 5.84537 4.71623 11.4164 8.99495 4.57349 9.21816 5.53924 4.80956 6.30392
threshold=19363.000000000004 11005.000000000002 35.500000000000007 7447.2000000000007 639.00000000000011 80286.000000000015 0.025047986490304142 4.2794390867278116 40.500000000000007 0.11527428806005251 0.10981109488499695 0.031812932008753916 6.9393023839181485 4.7828977861650346
decision_type=2 2 2 2 2 2 2 2 2 2 2 2 2 2
left_child=1 3 -3 9 -2 -6 7 8 -4 10 11 12 13 -1
right_child=4 2 6 -5 5 -7 -8 -9 -10 -11 -12 -13 -14 -15
leaf_value=-0.0024528495390573998 -0.026055579558143412 -0.032430001751340254 0.14793426207323243 -0.028765698358442456 0.095068666508659028 -0.030232715333585021 0.017630753797669551 -0.030125530948893118 0.043758748213824888 -0.018664815550143599 0.059327713084434436 0.034803355138223052 -0.010328650810293383 0.0070768793410237495
leaf_weight=141.15731953206705 9.4778199327411112 1.4101531193591643 1.2899013474234364 5.8310106616117983 0.71535764751024433 0.63031872222200036 6.2944854139350355 0.97656681499211107 1.7689149336074477 10.655069986823944 2.446986104361712 4.2625731138978145 33.514061831054278 112.07455333828693
leaf_count=15739 2822 441 123 740 192 149 54 503 170 101 26 148 4741 10518
internal_value=0.00040215 0.00103119 0.0258987 8.92533e-05 -0.0182934 0.0363771 0.0338613 0.0591782 0.0876895 0.000642518 0.00134355 0.000855979 0.00035134 0.00176479
internal_weight=332.505 321.682 11.74 309.942 10.8235 1.34568 10.3299 4.03538 3.05882 304.111 293.455 291.009 286.746 253.232
internal_count=36467 33304 1291 32013 3163 341 850 796 293 31273 31172 31146 30998 26257
is_linear=0
shrinkage=0.03


Tree=117
num_leaves=15
num_cat=0
split_feature=4 5 1 6 14 1 7 5 17 1 9 14 4 8
split_gain=4.28477 4.2228 3.6751 3.71678 5.9847 4.85344 4.89521 3.52531 6.01689 5.95117 5.80148 6.23223 5.57003 6.7448
threshold=0.038837001005805241 0.0012747217678414715 0.14653961146057856 0.031812932008753916 99.500000000000014 0.0021622816212865307 0.0038055666694257174 0.0081359094342683628 0.25000000000000006 0.02452787221290827 92.500000000000014 522.00000000000011 0.003266122606398096 38.500000000000007
decision_type=2 2 2 2 2 2 2 2 2 2 2 2 2 2
left_child=1 -1 3 4 -3 6 -6 8 -7 10 -10 -12 -9 -14
right_child=-2 2 -4 -5 5 7 -8 12 9 -11 11 -13 13 -15
leaf_value=0.06696112160007571 -0.031842463233298458 -0.030871769044991865 -0.045957661987443221 0.024252522299472903 0.063330770984379808 0.061026236490392821 -0.022126830716999099 0.01016603202960472 -0.005591096535971952 -0.0014633941724113907 0.080974088297605412 0.019350876176232972 0.005768476123048016 -0.0062155903922563342
leaf_weight=0.87124486942775448 3.6140795231913208 5.3470171706867395 1.5042249528923992 6.0934386749286196 0.63713064510375161 1.8472955581964914 11.351556353620252 40.22174752340652 8.3643132766010257 40.336545276921242 1.5834695533849323 21.979150009574369 64.103579560760409 124.08053384284722
leaf_count=61 671 1646 20 181 48 165 8850 2684 2747 988 152 2253 8207 7522
internal_value=0.000644494 0.0010021 0.000826605 0.00104251 0.000600343 0.00113541 -0.0175852 0.00187731 0.00756267 0.00619596 0.0158728 0.0234921 3.25813e-05 -0.0021333
internal_weight=331.935 328.321 327.45 325.946 319.852 314.505 11.9887 302.517 74.1108 72.2635 31.9269 23.5626 228.406 188.184
internal_count=36195 35524 35463 35443 35262 33616 8898 24718 6305 6140 5152 2405 18413 15729
is_linear=0
shrinkage=0.03


Tree=118
num_leaves=15
num_cat=0
split_feature=1 7 3 6 11 4 12 17 19 8 0 14 19 6
split_gain=5.33948 6.89032 5.07402 4.3619 4.08954 3.77117 3.2843 5.95614 6.13308 12.4023 21.2102 29.2672 7.37767 5.62761
threshold=0.0015534744260973705 0.002664275982113351 0.0021495963407025254 0.0026282859224379986 60.500000000000007 0.038837001005805241 21.500000000000004 1200.5000000000002 6.9552588459274132 18.500000000000004 0.0064687097225545947 18528.500000000004 6.2279190345835218 0.003266122606398096
decision_type=2 2 2 2 2 2 2 2 2 2 2 2 2 2
left_child=1 -1 -2 -4 5 6 7 8 9 10 11 -5 -12 -8
right_child=2 -3 3 4 -6 -7 13 -9 -10 -11 12 -13 -14 -15
leaf_value=0.080964004510449716 0.046267659502968503 -0.030053777868274251 -0.022363882806805565 0.038968923894540708 -0.023432211980405238 -0.031990484777055857 0.035197872265585885 -0.0098183899616972239 -0.01396824260468753 0.0097626654717595188 0.013245701560280314 0.41068772256170316 0.092338257325588563 -0.00085789972243949643
leaf_weight=0.53573542321100731 2.1537330937571815 8.2720730174914916 7.616946453228592 0.43389269732870062 6.2372520596836685 3.0671185571118249 3.9632376905647098 14.491093570191877 7.1659275853307909 40.185715693573002 3.9703478986630216 0.34001980372704566 1.4487289525568483 229.58130402007373
leaf_count=34 106 6711 2823 184 674 476 559 1377 696 2656 490 98 179 19296
internal_value=-0.000257391 -0.0233011 0.000375577 6.52511e-05 0.000614785 0.00110712 0.00144372 0.00724411 0.0118618 0.0158528 0.0553712 0.202284 0.0343902 -0.000246035
internal_weight=329.463 8.80781 320.655 318.502 310.885 304.647 301.58 68.0357 53.5446 46.3787 6.19299 0.773913 5.41908 233.545
internal_count=36359 6745 29614 29508 26685 26011 25535 5680 4303 3607 951 282 669 19855
is_linear=0
shrinkage=0.03


Tree=119
num_leaves=15
num_cat=0
split_feature=5 18 18 19 9 6 6 9 10 18 18 16 18 6
split_gain=4.18586 4.06881 7.86575 17.7683 11.4205 6.15683 6.71382 6.09833 9.93254 9.67339 14.41 6.36798 10.7929 8.07853
threshold=0.0012747217678414715 73749.000000000015 87051.240000000005 5.9845657341274618 525.50000000000011 0.0042662184036837822 0.0043103055479771198 242.00000000000003 562.50000000000011 134683.29000000004 142142.00000000003 4.7000000000000002 346063.00000000006 0.0040622421936500376
decision_type=2 2 2 2 2 2 2 2 2 2 2 2 2 2
left_child=-1 5 3 -3 7 -2 -7 8 -4 -10 -11 12 -12 -14
right_child=1 2 4 -5 -6 6 -8 -9 9 10 11 -13 13 -15
leaf_value=0.063601309330003616 -0.025365238502675271 -0.011305858359823949 -0.013781768528693361 0.091035876260027487 0.02142707477840439 0.069904579340051357 -0.0028380570374330395 -0.018321277907339232 -0.032744969287678206 0.122728590235523 0.057003787366461278 -0.019479873953301238 0.081098775362006867 0.0031375835373189959
leaf_weight=0.89675975905265559 11.100378520146476 3.2629268216551273 23.428643225284759 2.8695178997586481 20.474585652933456 1.1481784924399097 209.3845851503429 19.421883540926501 3.8821786187472744 1.1293622035300384 5.3739903488894987 4.4517074241302899 1.2869719520676905 16.967769131762907
leaf_count=61 3277 269 5516 160 917 209 21026 1250 398 49 480 1064 243 1495
internal_value=-0.00112425 -0.0013033 0.00363765 0.0365823 0.00154226 -0.00358947 -0.00244134 -0.00381881 0.0011646 0.0117464 0.0176596 0.0134339 0.0196349 0.0086339
internal_weight=325.079 324.183 102.55 6.13244 96.4171 221.633 210.533 75.9425 56.5206 33.092 29.2098 28.0804 23.6287 18.2547
internal_count=36414 36353 11841 429 11412 24512 21235 10495 9245 3729 3331 3282 2218 1738
is_linear=0
shrinkage=0.03


Tree=120
num_leaves=15
num_cat=0
split_feature=6 1 3 14 1 3 0 15 0 2 14 4 3 3
split_gain=4.72883 4.93464 6.92104 4.71311 3.56943 9.37492 3.72483 8.42324 4.95057 5.87062 6.62848 3.06286 3.43606 3.05902
threshold=0.031812932008753916 0.0021622816212865307 0.0022420755288589376 99.500000000000014 0.0022665805420641672 0.0080671974084614972 0.0030276930909583174 15.500000000000002 0.0035022852046664886 0.021768994617505467 355.50000000000006 0.00076574566998797837 0.0051214207522026454 0.050821151692171822
decision_type=2 2 2 2 2 2 2 2 2 2 2 2 2 2
left_child=1 2 -1 -3 5 -5 7 -6 9 10 -8 -10 -13 -14
right_child=-2 3 -4 4 6 -7 8 -9 11 -11 -12 12 13 -15
leaf_value=0.19456986957977646 0.022825794043927348 -0.030858420948373422 -0.02263406236449899 0.10010183928392243 0.10763289545039562 -0.01274982639505102 0.098779378288950462 -0.030157093844369303 0.031812576553266969 0.12362166450284712 -0.012995492514624313 -0.015517286927373379 0.00026490473980192691 -0.027706574890505112
leaf_weight=0.13349197641946275 7.3271809624275184 4.6271968034561715 12.071043180243576 1.1271510050864884 0.42437421227805217 1.6071688768570309 0.65711839194409538 6.7545932471402921 2.6108901530969879 0.58371689950581629 1.7468189790379254 13.652249601203946 271.41075011627981 3.5650194373447439
leaf_count=32 196 1247 9512 194 15 662 45 2910 73 131 660 994 19489 226
internal_value=-0.00100445 -0.00154845 -0.0202583 -0.000808913 -0.000351739 0.0337703 -0.00066129 -0.0220118 -0.000140348 0.0382805 0.0175583 -0.000534486 -0.000827093 -9.77413e-05
internal_weight=328.299 320.972 12.2045 308.767 304.14 2.73432 301.406 7.17897 294.227 2.98765 2.40394 291.239 288.628 274.976
internal_count=36386 36190 9544 26646 25399 856 24543 2925 21618 836 705 20782 20709 19715
is_linear=0
shrinkage=0.03


Tree=121
num_leaves=15
num_cat=0
split_feature=1 12 17 17 16 17 10 17 17 6 12 12 1 19
split_gain=6.59778 4.54119 7.89657 5.55781 5.83086 6.2919 15.6956 6.74644 16.1129 4.87252 5.81051 9.65621 5.85679 4.64069
threshold=0.0018112653404688021 21.500000000000004 1384.2500000000002 10.050000000000002 8.0500000000000025 18.050000000000004 2772.5000000000005 28.200000000000006 31.550000000000004 0.013425392389169072 11.500000000000002 14.500000000000002 0.051434439299783231 1.599336558775341
decision_type=2 2 2 2 2 2 2 2 2 2 2 2 2 2
left_child=-1 2 3 9 5 6 -5 -7 -9 10 -2 -12 -13 -10
right_child=1 -3 -4 4 -6 7 -8 8 13 -11 11 12 -14 -15
leaf_value=-0.023997632301633091 -0.017693116939758217 -0.0009996401143676642 -0.012230375280527159 -0.013502373150020331 -0.030699358756312346 -0.032060921066336477 0.10626767124426809 0.10394379325085168 -0.021104938431992196 -0.023764545791765273 0.081104965591939804 -0.021129908953204147 0.054830523355962793 0.018618705627416948
leaf_weight=9.8395061455667001 4.1346820736071113 248.65756547561614 14.669015718565786 1.6942213543225069 2.0958298845216623 2.3884677044115952 2.3515511566074565 1.9449289181502525 2.9105739447986698 6.0754957757890216 2.0753771489835344 2.9657066707732156 1.3202106761746106 29.210340625431854
leaf_count=7879 511 22074 1532 196 335 231 95 83 350 426 205 495 34 1925
internal_value=0.000201918 0.000940262 0.00747324 0.0123582 0.0180932 0.0206181 0.0561124 0.0166789 0.0200962 -0.00238305 0.00999342 0.027989 0.00226853 0.0150192
internal_weight=332.333 322.494 73.8364 59.1674 42.5959 40.5001 4.04577 36.4543 34.0658 16.5715 10.496 6.36129 4.28592 32.1209
internal_count=36371 28492 6418 4886 3215 2880 291 2589 2358 1671 1245 734 529 2275
is_linear=0
shrinkage=0.03


Tree=122
num_leaves=15
num_cat=0
split_feature=19 4 15 0 8 0 5 3 12 12 5 5 1 19
split_gain=3.60313 3.63638 3.86285 9.66686 6.23101 6.07746 7.33091 4.45727 4.44623 4.2977 7.73612 21.9032 4.20852 3.45631
threshold=9.8893099122407015 0.038837001005805241 11065.500000000002 0.009511981575343555 4.5000000000000009 0.054617363836358193 0.0074298198945782013 0.030571630837728517 8.5000000000000018 19.500000000000004 0.0072789395474655372 0.0066438029548522909 0.0081359094342683628 5.1876650574537111
decision_type=2 2 2 2 2 2 2 2 2 2 2 2 2 2
left_child=1 2 7 9 5 6 -5 -1 -6 10 11 -4 -12 -14
right_child=-2 -3 3 4 8 -7 -8 -9 -10 -11 12 -13 13 -15
leaf_value=0.0050947748674534969 -0.037047342823029288 -0.031835999267460849 0.0045739869756951258 0.094491623033088931 0.023430431768280385 0.076067930969465195 -0.013004583012008282 -0.025711786037780494 -0.0017025539455404826 -0.022359184286327469 -0.030067307564671537 0.32019715993541076 -0.030169811329388421 0.068029744822282745
leaf_weight=129.04998684261227 2.3985009083407922 3.2260297415195955 0.86213655013125279 0.71804065932519678 6.624100557062774 1.8628936409950254 2.7876574558904395 4.3700649717357001 145.15254043834284 27.119669433159288 3.176366341940593 0.25683583167847246 0.50602216029074021 0.88982712232973427
leaf_count=13016 345 666 377 106 141 8 377 501 3208 15282 1947 101 127 163
internal_value=-0.000411835 -0.000142791 0.000173383 -0.00257454 0.000517855 0.0322809 0.0090129 0.00408573 -0.000605656 -0.0173854 0.00631588 0.0770184 -0.0109874 0.0324305
internal_weight=329.001 326.602 323.376 189.956 157.145 5.36859 3.5057 133.42 151.777 32.8109 5.69119 1.11897 4.57222 1.39585
internal_count=36365 36020 35354 21837 3840 491 483 13517 3349 17997 2715 478 2237 290
is_linear=0
shrinkage=0.03


Tree=123
num_leaves=15
num_cat=0
split_feature=2 15 3 1 3 3 19 6 13 14 16 4 1 19
split_gain=5.72794 4.1841 5.3374 5.23452 4.02992 3.85437 3.79223 5.31777 4.06239 4.05351 5.38089 21.8959 4.79522 5.51351
threshold=0.00091978456619161506 11065.500000000002 0.0021495963407025254 0.0026023075610145763 0.035004045775695117 0.0038767110696850179 7.3724319131086853 0.031812932008753916 132.50000000000003 3070.0000000000005 12.600000000000001 0.0044504450231294722 0.04151461288238107 0.9547712524422195
decision_type=2 2 2 2 2 2 2 2 2 2 2 2 2 2
left_child=-1 4 -3 -4 6 -5 7 8 9 10 12 -12 13 -2
right_child=1 2 3 5 -6 -7 -8 -9 -10 -11 11 -13 -14 -15
leaf_value=-0.030080042902332391 0.045883488415443929 0.057312988423099932 -0.030048259038258723 -0.033502437843242736 -0.026296415651227669 -0.0020387034773585192 -0.011058105823849595 0.058119222593943941 0.045334820683403554 0.0079823517708870143 0.28523698740330705 -0.031048055347852977 0.0083480949819152318 -0.022264598476068036
leaf_weight=5.92672481376212 1.1474333801888956 1.3035678121959779 6.5029403204098335 3.5742446937947525 3.9026672433828926 178.53153427818324 12.512741200276649 1.756670711794867 2.2622746919514602 85.470681818958838 0.28410027484642242 0.64247500814963132 10.445164997829123 15.526582891063297
leaf_count=3998 198 86 5684 327 387 13655 1159 53 170 7181 73 243 250 2793
internal_value=-0.00085365 -0.000318804 -0.00318257 -0.00360069 0.00374138 -0.00265625 0.00464279 0.0063143 0.00552828 0.00473498 -0.00516154 0.0659291 -0.00759048 -0.0175749
internal_weight=329.79 323.863 189.912 188.609 133.951 182.106 130.048 117.535 115.779 113.516 28.0458 0.926575 27.1192 16.674
internal_count=36257 32259 19752 19666 12507 13982 12120 10961 10908 10738 3557 316 3241 2991
is_linear=0
shrinkage=0.03


Tree=124
num_leaves=15
num_cat=0
split_feature=0 4 8 13 0 10 6 12 0 10 8 19 19 2
split_gain=4.51191 5.90786 11.8885 6.94221 12.2733 21.077 8.20186 8.50884 26.4075 8.96993 5.03132 5.83181 5.44635 4.79436
threshold=0.02318144879108433 0.0010371629954532781 85.500000000000014 1.0000000180025095e-35 0.0011490318552223209 1260.0000000000002 0.027293256238608815 1221.5000000000002 0.0088972023776565327 4361.0000000000009 72.500000000000014 2.1690373735723498 2.4158739170182923 0.006808139146248224
decision_type=2 2 2 2 2 2 2 2 2 2 2 2 2 2
left_child=1 2 -1 4 5 -3 7 9 -9 13 -2 -12 -13 -6
right_child=10 3 -4 -5 6 -7 -8 8 -10 -11 11 12 -14 -15
leaf_value=-0.03048415885349964 0.0075856809742531088 -0.030064089050989722 0.11812036001357608 -0.011109307354907122 -0.018346532896118987 0.37065749126312697 0.15467065125854065 -0.030067590069054122 0.3745929729302887 0.15643469459552611 -0.022007514956016036 0.030916815609699777 -0.00081989403273978381 0.011246226081988591
leaf_weight=0.93803355342242767 93.923348680371419 0.24997054785490291 1.0021300769876686 71.559448200569022 9.7681850109365893 0.22398140770383179 0.32414352218620379 0.41874936013482411 0.22213228244800121 0.32107084686867793 11.345420222962273 5.0658706317190072 123.71104195038788 9.9422255982644838
leaf_count=258 1262 173 122 24738 3804 66 52 279 35 112 262 66 2584 2568
internal_value=-2.47236e-05 -0.00553978 0.0462728 -0.00662034 0.00834104 0.15931 0.00493324 0.00258535 0.110189 -0.00085731 0.00221315 -0.00138803 0.000428576 -0.0034195
internal_weight=329.016 94.9701 1.94016 93.0299 21.4705 0.473952 20.9965 20.6724 0.640882 20.0315 234.046 140.122 128.777 19.7104
internal_count=36381 32207 380 31827 7089 239 6850 6798 314 6484 4174 2912 2650 6372
is_linear=0
shrinkage=0.03


Tree=125
num_leaves=15
num_cat=0
split_feature=7 0 15 9 18 10 16 6 14 1 11 4 0 17
split_gain=3.77384 6.07408 5.59902 3.98065 4.80517 6.01061 5.52782 3.87119 5.40596 4.5228 7.33474 14.3926 5.91255 8.54225
threshold=0.0076856582357959754 0.003118761675546066 189.00000000000003 35.500000000000007 2510.0500000000006 2781.0000000000005 3.8500000000000001 0.031812932008753916 103.00000000000001 0.0028409055845998129 32.500000000000007 0.010293480003636809 0.0036069845095166248 147.05000000000004
decision_type=2 2 2 2 2 2 2 2 2 2 2 2 2 2
left_child=3 -2 -3 -1 -5 6 -6 8 -4 10 -10 -12 13 -11
right_child=1 2 7 4 5 -7 -8 -9 9 12 11 -13 -14 -15
leaf_value=-0.023848491342930451 -0.020000837387573439 -0.027176973305618687 -0.031506846376059827 -0.0057176224037296611 0.080771028535376432 -0.0037681905329273574 0.023526233995881357 0.023442108835305075 -0.030084283748195075 -0.0024304567493109073 -0.030110070639427014 0.30367028826194264 0.00055022282241372865 0.087414945551485809
leaf_weight=2.1424681278876951 14.643093289399983 6.7725671996595329 4.8497568420716552 4.3240684664342544 2.7722532107727584 2.7791701379464939 3.3561065261019394 6.4259584206156424 7.1677349408273576 2.1163611342199142 0.32919680478516955 0.17975558259058744 268.94733704591636 1.7317194863571783
leaf_count=163 9482 703 1213 278 134 77 128 155 5299 648 178 109 17421 378
internal_value=-0.00042387 -0.00113628 -0.00021093 0.0140876 0.0202302 0.0328264 0.0494218 0.000415054 -0.000103557 0.00043945 -0.0222703 0.087777 0.00107852 0.0380019
internal_weight=328.538 313.163 298.52 15.3741 13.2316 8.90753 6.12836 291.748 285.322 280.472 7.67669 0.508952 272.795 3.84808
internal_count=36366 35586 26104 780 617 339 262 25401 25246 24033 5586 287 18447 1026
is_linear=0
shrinkage=0.03


Tree=126
num_leaves=15
num_cat=0
split_feature=7 1 4 4 8 10 17 19 6 5 17 17 17 18
split_gain=4.65996 3.65969 3.28669 5.9702 5.89447 2.9431 7.15134 11.0343 8.02122 6.95577 5.77382 8.83198 25.0658 10.7025
threshold=0.0034281007018386726 0.0015534744260973705 0.038837001005805241 0.034767306308860393 70.500000000000014 2245.0000000000005 0.25000000000000006 5.4103057685793852 0.026559410531542659 0.0042764529964537503 0.45000000000000007 5.0500000000000007 4.3500000000000005 3.3550000000000004
decision_type=2 2 2 2 2 2 2 2 2 2 2 2 2 2
left_child=-1 -2 3 5 -5 6 7 -3 -8 -7 -11 12 13 -12
right_child=1 2 -4 4 -6 9 8 -9 -10 10 11 -13 -14 -15
leaf_value=0.027833806557722971 -0.021870832244005892 -0.0323583503958602 -0.031922387347030089 0.095726906359217448 -0.0034540346943883801 0.028610361474734128 -0.0047439450016969085 0.078608549239966061 0.033167563095700577 -0.032679192292487225 0.075119382717906136 -0.0013860648264407687 0.085291985039341184 -0.0066731827861832901
leaf_weight=5.1529055372811845 7.3347323947236864 1.2466487235506059 2.9555044101434751 1.1566879497258917 1.01038984907791 8.9309634056407941 178.04499476618366 2.2842432332108729 5.1685513351694672 4.3745259473216711 1.6206451493781084 91.377061406848952 4.2494942136690943 12.902051850396672
leaf_count=186 6796 233 515 196 96 538 19458 252 174 338 155 6283 195 927
internal_value=-0.000470055 -0.000922075 -0.000434784 -0.000136859 0.0494843 -0.000483516 -0.00285945 0.0394296 -0.00367444 0.00311045 0.00112188 0.00246427 0.0212065 0.00245437
internal_weight=327.809 322.656 315.322 312.366 2.16708 310.199 186.744 3.53089 183.214 123.455 114.524 110.149 18.7722 14.5227
internal_count=36342 36156 29360 28845 292 28553 20117 485 19632 8436 7898 7560 1277 1082
is_linear=0
shrinkage=0.03


Tree=127
num_leaves=15
num_cat=0
split_feature=0 0 2 4 4 19 18 9 14 18 17 12 0 1
split_gain=6.26671 6.61455 12.5918 4.37999 4.36796 6.39584 7.52758 7.46833 8.58898 7.74595 12.0806 10.8189 6.63868 7.65868
threshold=0.0029417923211847376 0.003166381865386677 0.019061479201689772 0.0037369866671916369 0.0063029071547923759 3.6975906269598711 46.850000000000001 62.500000000000007 18573.500000000004 726.19500000000005 260.75000000000006 32.500000000000007 0.064791692781596494 0.0036265921617943948
decision_type=2 2 2 2 2 2 2 2 2 2 2 2 2 2
left_child=-1 2 3 -2 5 7 -7 8 -3 12 11 -11 13 -9
right_child=1 4 -4 -5 -6 6 -8 9 -10 10 -12 -13 -14 -15
leaf_value=-0.018683301279940074 0.13002206148491141 0.054000698729865161 0.17194677490208646 -0.03011925591023519 -0.0024656375690030696 0.061270471480254468 -0.00075284047549058371 0.047596778947221086 -0.012164075163673288 0.093653365351096154 -0.00046471236310876077 0.021115619321151319 0.033436585896035952 -0.023946844161776674
leaf_weight=15.201373650692402 0.18731732270680257 7.1616989398607966 0.59048937709303562 0.85680583119392395 173.96783601131756 1.793805188674013 96.639175986812916 1.5154072148725415 2.3435757965780795 3.0364714903989833 9.9507635079207812 4.7381238615489565 2.9830720573663703 12.092686597083228
leaf_count=9223 104 560 101 447 15674 83 7768 423 164 114 570 149 53 1056
internal_value=0.000133915 0.00103384 0.0612266 -0.00138965 0.000722692 0.0046218 0.000377449 0.0141555 0.0376874 0.00763744 0.0214269 0.0494462 -0.00709471 -0.0159797
internal_weight=333.059 317.857 1.63461 1.04412 316.223 142.255 98.433 43.8218 9.50527 34.3165 17.7254 7.7746 16.5912 13.6081
internal_count=36489 27266 652 551 26614 10940 7851 3089 724 2365 833 263 1532 1479
is_linear=0
shrinkage=0.03


Tree=128
num_leaves=15
num_cat=0
split_feature=15 18 18 9 18 18 12 18 18 1 19 19 19 13
split_gain=4.6619 5.02381 5.17416 7.4802 6.23821 10.4022 5.44565 7.74063 4.45326 7.07511 6.47989 6.89913 13.3137 5.88058
threshold=11065.500000000002 166.81999999999996 240.60000000000005 279.00000000000006 594.33000000000004 651.69500000000005 8.5000000000000018 3271.9500000000003 150110.00000000003 0.0090135610805759346 5.9845657341274618 2.1916379270371573 1.9095150692894911 4.5000000000000009
decision_type=2 2 2 2 2 2 2 2 2 2 2 2 2 2
left_child=-1 -2 3 -3 -4 -6 7 -7 10 -10 11 12 -8 -14
right_child=1 2 4 -5 5 6 8 -9 9 -11 -12 -13 13 -15
leaf_value=0.0036343635216590032 -0.016492536383167829 -0.011978301441260861 -0.024173037514985705 0.053551416710127593 0.076603199658538873 0.076591507376064474 -0.014136971996707484 0.0042075031798971627 -0.0196912666946353 0.010910391165827307 0.0059952201030842407 -0.015367579691735819 0.018532878716935621 0.096141522597035872
leaf_weight=136.28015131637221 23.928174632659648 2.797795779653824 11.452653483545872 3.5659644716070034 1.5310526059474785 1.8561754884431128 6.4021054105833155 4.6873039811616763 8.4925459639634919 34.110723059391603 25.880626995000057 60.433384958363604 1.7058446684386583 1.8121823574765583
leaf_count=14005 3888 309 1528 224 181 123 647 555 4905 985 2863 5935 172 109
internal_value=-0.00059352 -0.00364762 -0.00178179 0.0247416 -0.00284762 -0.00118517 -0.00200439 0.0247405 -0.00326489 0.00481025 -0.00683979 -0.0115613 0.0116262 0.0585101
internal_weight=324.937 188.657 164.728 6.36376 158.365 146.912 145.381 6.54348 138.837 42.6033 96.2341 70.3535 9.92013 3.51803
internal_count=36429 22424 18536 533 18003 16475 16294 678 15616 5890 9726 6863 928 281
is_linear=0
shrinkage=0.03


Tree=129
num_leaves=15
num_cat=0
split_feature=18 9 18 9 18 5 14 17 12 18 17 9 18 9
split_gain=4.35475 8.37203 7.92415 13.287 8.12677 7.61218 9.15557 7.68319 6.82507 6.61955 6.22267 5.71593 7.21552 5.62211
threshold=594.33000000000004 435.50000000000006 1338.5500000000002 436.50000000000006 1288.7800000000002 0.0081359094342683628 1462.0000000000002 0.25000000000000006 17.500000000000004 1818.8500000000001 1.5500000000000003 72.500000000000014 1.5200000000000002 163.50000000000003
decision_type=2 2 2 2 2 2 2 2 2 2 2 2 2 2
left_child=1 11 3 4 13 7 10 -3 -9 -4 -7 12 -1 -2
right_child=2 5 9 -5 -6 6 -8 8 -10 -11 -12 -13 -14 -15
leaf_value=0.066811826163424667 0.041165702418476294 0.10481347502029766 -0.025420871364354575 -0.026222040884244634 0.089562856855463086 -0.013795328616601385 -0.01982836302175266 0.09133428241421114 0.00061142662232564358 0.00090633541523480019 0.046667035821853282 -0.019870002412110347 -0.004493336416670852 0.0096192220996012354
leaf_weight=1.4327084515825834 8.0987507523968905 1.2347069777897584 8.947943971899802 5.3205170199507839 1.6948900589486573 2.3605162793537628 9.9957140228943882 0.95125418575480569 3.4639110808493569 218.10463829693617 4.364516181522049 35.568255783058703 11.769262701796832 13.660417700535616
leaf_count=145 1100 33 996 456 115 103 1611 101 574 23494 275 4999 1737 781
internal_value=-7.73265e-05 -0.00664277 0.0017484 0.0165798 0.0262894 0.00855275 -0.00161977 0.0386582 0.0201578 -0.000131197 0.0254445 -0.0136129 0.00324486 0.0213608
internal_weight=326.968 71.1408 255.827 28.7746 23.4541 22.3706 16.7207 5.64987 4.41517 227.053 6.72503 48.7702 13.202 21.7592
internal_count=36520 9578 26942 2452 1996 2697 1989 708 675 24490 378 6881 1882 1881
is_linear=0
shrinkage=0.03


Tree=130
num_leaves=15
num_cat=0
split_feature=1 3 6 4 4 10 12 12 17 16 6 4 12 8
split_gain=4.4837 4.56616 4.15573 3.5274 4.37928 5.38752 4.70695 5.83839 4.99741 8.6172 10.9432 4.35216 6.12888 13.579
threshold=0.0015534744260973705 0.0021495963407025254 0.0026282859224379986 0.038837001005805241 0.02110246617664573 4350.5000000000009 111.50000000000001 121.50000000000001 57.20000000000001 0.55000000000000016 0.013225780879673067 0.0086487478402683827 306.50000000000006 183.00000000000003
decision_type=2 2 2 2 2 2 2 2 2 2 2 2 2 2
left_child=-1 -2 -3 4 11 6 8 -8 9 10 -6 12 -4 -14
right_child=1 2 3 -5 5 -7 7 -9 -10 -11 -12 -13 13 -15
leaf_value=-0.022226674661737663 0.048648643528996692 -0.021819931527973426 0.0021631662511254505 -0.03196306883932562 0.0090023922263555815 -0.023229046782881912 0.085665104613752305 0.021557577348036486 -0.0035404882514822791 -0.00063447421121315384 0.12479940335757515 -0.0046441090125710878 -0.0061720878557011529 0.076421803523979703
leaf_weight=7.5857647826778694 1.8081860945094366 7.1204839838901526 179.532732264488 2.8325208830065085 1.4245495030772937 3.1066714846529058 1.8711090615834098 4.0372461375663988 9.3656250801868719 3.5720169431297109 1.5163165163830852 94.499469791247975 4.060649841092526 3.2058606219943613
leaf_count=6782 101 2803 14463 485 128 151 81 334 927 468 92 8980 440 113
internal_value=0.000567289 0.00111111 0.000839219 0.00136133 0.0016696 0.0137301 0.0190003 0.0418597 0.0104943 0.0306766 0.0687076 0.000602307 0.00325641 0.0302669
internal_weight=325.539 317.953 316.145 309.025 306.192 24.8935 21.7869 5.90836 15.8785 6.51288 2.94087 281.299 186.799 7.26651
internal_count=36348 29566 29465 26662 26177 2181 2030 415 1615 688 220 23996 15016 553
is_linear=0
shrinkage=0.03


Tree=131
num_leaves=15
num_cat=0
split_feature=2 4 4 17 17 10 8 2 2 16 10 6 10 6
split_gain=3.63611 3.49207 3.42272 3.36111 6.50222 24.6585 17.061 26.5389 21.0724 6.36445 8.14538 10.462 9.76789 7.61899
threshold=0.00091978456619161506 0.030211405774556884 0.038837001005805241 14.050000000000002 18.050000000000004 1329.5000000000002 64.500000000000014 0.017673459620741183 0.020211168884964725 0.55000000000000016 562.50000000000011 0.0043665033337337593 505.50000000000006 0.0095818081573232402
decision_type=2 2 2 2 2 2 2 2 2 2 2 2 2 2
left_child=1 -1 3 9 5 -5 8 -8 -7 13 11 -11 -13 -2
right_child=2 -3 -4 4 -6 6 7 -9 -10 10 -12 12 -14 -15
leaf_value=-0.03007610074604062 -0.018047437673721797 0.080191906387350062 -0.031741570859750975 -0.031276108606705343 0.0011818702229101769 0.056101850804973451 0.12794534516900524 -0.031957209857928541 0.24655345201504428 0.078225708827480103 -0.016970821172033555 -0.026185570827565272 0.045715154957744635 0.013681629713119089
leaf_weight=5.1926660127355708 9.2808658758876827 0.27202041191048909 3.0118186728795981 4.1365542167914082 223.3281425658497 1.3388813257915901 1.4730060925940049 2.5535366769763641 0.85788607335416589 1.8323886335710975 42.23473948094761 4.9866803079494275 2.580458702694159 25.596426563744899
leaf_count=3806 2055 177 628 494 21264 214 168 103 66 256 4870 859 185 1259
internal_value=-0.00032016 -0.0245872 9.01337e-05 0.000389545 0.00225967 0.0254939 0.0632282 0.026539 0.130477 -0.00466211 -0.0113497 0.0139078 -0.00166681 0.00523851
internal_weight=328.676 5.46469 323.211 320.2 233.688 10.3599 6.22331 4.02654 2.19677 86.5116 51.6343 9.39953 7.56714 34.8773
internal_count=36404 3983 32421 31793 22309 1045 551 271 280 9484 6170 1300 1044 3314
is_linear=0
shrinkage=0.03


Tree=132
num_leaves=15
num_cat=0
split_feature=1 18 18 9 14 1 14 7 5 18 8 2 4 18
split_gain=4.84493 3.62006 6.23391 7.28056 13.4795 5.59807 15.0369 10.6473 8.80137 6.84904 8.40183 7.72343 7.91385 7.58465
threshold=0.0018112653404688021 7934.800000000002 28260.975000000002 22.500000000000004 18528.500000000004 0.0022665805420641672 103.00000000000001 0.011919504036559916 0.0021716399128491942 3156.860000000001 2.5000000000000004 0.019476618398891473 0.0016014596013645733 4156.3500000000013
decision_type=2 2 2 2 2 2 2 2 2 2 2 2 2 2
left_child=-1 5 3 4 -3 6 -2 8 -8 10 -7 12 -11 -13
right_child=1 2 -4 -5 -6 9 7 -9 -10 11 -12 13 -14 -15
leaf_value=-0.023238324589642687 0.23147381621740598 -0.032021001372714679 -0.00048782128996069292 -0.018238633638320269 0.10164107303814582 0.0615001314533506 0.15094000039148267 0.20458897285087216 -0.018408951918185614 0.092664749290880588 -0.0026629810983417198 0.032538940506242751 0.018664929210183201 -0.022257646520246688
leaf_weight=8.733008075563701 0.336689679010305 1.4013051624642678 121.099859297683 34.5494531521108 1.3174660763470454 1.8660882719559584 0.31346923427190709 0.25540012057172123 2.323294660251122 1.3786585836205656 116.75373605883215 3.142716292932163 22.994747992837802 8.2183534463983943
leaf_count=7936 47 314 11749 2750 173 176 13 112 1108 61 10065 106 1566 312
internal_value=-0.00119575 -0.000586484 -0.00378973 -0.014519 0.0327492 0.00263272 0.0417277 0.0196385 0.00172394 0.00181491 -0.00165359 0.0133285 0.0228507 -0.00709973
internal_weight=324.684 315.951 158.368 37.2682 2.71877 157.583 3.22885 2.89216 2.63676 154.354 118.62 35.7345 24.3734 11.3611
internal_count=36488 28552 14986 3237 487 13566 1280 1233 1121 12286 10241 2045 1627 418
is_linear=0
shrinkage=0.03


Tree=133
num_leaves=15
num_cat=0
split_feature=15 0 1 17 17 13 19 12 10 12 7 18 3 18
split_gain=4.19691 5.90219 9.61707 7.36244 11.3385 5.9976 4.6829 6.86258 4.98054 5.1989 3.87063 3.73391 9.95175 5.87297
threshold=8440.5000000000018 0.0088972023776565327 0.006278584347725648 210.05000000000004 28.200000000000006 1.5000000000000002 6.5376331176319846 224.50000000000003 2795.5000000000005 44.500000000000007 0.0097978710607291714 88.099999999999994 0.0083400307807972758 43.220000000000006
decision_type=2 2 2 2 2 2 2 2 2 2 2 2 2 2
left_child=11 -2 3 4 5 -3 10 8 -8 -10 -4 12 -1 -14
right_child=1 2 6 -5 -6 -7 7 -9 9 -11 -12 -13 13 -15
leaf_value=0.061212310798762909 -0.014493649428870728 0.054228650557096962 -0.0012601117095437733 -0.016354153562601798 0.092254126984027726 -0.030858990410797173 -0.010844132672306998 0.028689222208820302 0.039129214365540635 -0.0064102612068072003 -0.01283177526161294 0.0030389361206761352 -0.019255528115216792 0.034118192941766733
leaf_weight=3.745322155649772 30.458963298297022 1.3916233849013218 102.94336242310237 2.0810871843714267 2.8452089380007237 1.6059759673662481 15.461331606144087 10.292850355850531 4.6833257346879673 4.3535167111549526 34.813525133649819 104.2180799843627 4.7271396942669526 3.0542417332762852
leaf_count=381 19146 108 2665 422 207 183 443 218 102 102 1031 10313 806 330
internal_value=0.000240558 -0.00227833 -0.000216697 0.0320997 0.049358 0.0086426 -0.00170076 0.00813362 -0.000502774 0.0171905 -0.00418447 0.00483092 0.021033 0.001694
internal_weight=326.676 210.931 180.472 7.9239 5.84281 2.9976 172.548 34.791 24.4982 9.03684 137.757 115.745 11.5267 7.78138
internal_count=36457 24627 5481 920 498 291 4561 865 647 204 3696 11830 1517 1136
is_linear=0
shrinkage=0.03


Tree=134
num_leaves=15
num_cat=0
split_feature=6 14 18 1 8 10 12 16 1 16 12 13 18 13
split_gain=3.72528 5.34007 6.90448 4.70044 4.32178 13.1007 4.252 5.76481 5.11731 6.61832 9.23196 11.377 10.244 9.33711
threshold=0.031812932008753916 184.00000000000003 0.54500000000000015 0.0021622816212865307 160.50000000000003 1356.5000000000002 21.500000000000004 8.0500000000000025 0.0067304955398694881 2.6500000000000008 13.500000000000002 1.5000000000000002 2245.7200000000007 12.500000000000002
decision_type=2 2 2 2 2 2 2 2 2 2 2 2 2 2
left_child=1 2 -1 4 -3 -6 7 8 9 10 13 -12 -13 -5
right_child=-2 3 -4 6 5 -7 -8 -9 -10 -11 11 12 -14 -15
leaf_value=0.094235160741726234 0.020834086494833769 -0.026682004198711709 -0.026241512326521905 -0.030172376237408861 -0.030052472294340597 0.24557656882606796 -0.0014301938096722014 -0.030632231260662501 0.0056317895563026514 0.011600351559420163 0.2175885812854926 0.15784790494317805 -0.03018335386219597 0.15094888456571562
leaf_weight=0.44617965607903798 7.2936290180077767 8.8502370751230011 10.578201772063037 1.141358276479876 0.55132547934772524 0.21600383997429162 229.1669044480077 3.4785952111124052 57.253650774655398 6.1687779421918094 0.60350396711146448 0.47327149991178863 0.58075131132500246 0.33029249170795072
leaf_count=42 203 8217 2764 476 490 79 19085 704 2195 1582 185 81 245 92
internal_value=-0.000365753 -0.000849196 -0.0213656 -0.000116781 -0.0207605 0.0475373 0.000546802 0.00701632 0.00898418 0.0296271 0.0651645 0.113719 0.0542454 0.0104779
internal_weight=327.133 319.839 11.0244 308.815 9.61757 0.767329 299.197 70.0302 66.5516 9.29796 3.12918 1.65753 1.05402 1.47165
internal_count=36440 36237 2806 33431 8786 569 24645 5560 4856 2661 1079 511 326 568
is_linear=0
shrinkage=0.03


Tree=135
num_leaves=15
num_cat=0
split_feature=6 19 2 19 18 18 18 14 4 18 8 14 10 12
split_gain=5.26298 5.75086 5.47428 4.67593 5.71318 14.3921 6.89561 8.6435 10.7227 6.74739 6.53278 5.91775 5.88017 7.38647
threshold=0.0079015944006199986 3.051614755219402 0.0048917473430170168 3.0796111151707293 73749.000000000015 87051.240000000005 1338.5500000000002 1238.5000000000002 0.0017210746676364433 1288.7800000000002 606.50000000000011 2296.0000000000005 540.50000000000011 47.500000000000007
decision_type=2 2 2 2 2 2 2 2 2 2 2 2 2 2
left_child=1 -1 -3 -4 6 -6 9 8 -8 11 -7 -5 -13 -14
right_child=-2 2 3 4 5 10 7 -9 -10 -11 -12 12 13 -15
leaf_value=-0.030415091945931363 0.0010037210975475819 -0.030247751593250174 0.055990725975669266 -0.030865015659945497 0.08675738316874014 -0.0047690704360941515 0.14964191570814703 -0.031474996365605468 -0.00019227966327834024 0.10173926633756181 0.086687708369071886 0.085950869144438238 0.043683634844810817 -0.022320588526242427
leaf_weight=9.3182644147309457 265.25809699291131 6.6842974487226448 1.2515161065384734 3.2263855990022421 2.0304860111791632 11.812471754383292 0.48425326973665761 15.240322949306572 3.8269459817674942 0.66075768502196375 0.74740001629106778 0.98972470645094279 2.7593465484678745 3.4137667400646023
leaf_count=3289 22678 3902 11 881 72 1972 45 2022 795 45 34 134 335 449
internal_value=-0.000840929 -0.00867664 -0.00486385 -0.00121051 -0.00279461 0.0126533 -0.0101599 -0.0208659 0.0166378 0.00878293 0.000673246 0.00287088 0.0180667 0.00718292
internal_weight=327.704 62.4459 53.1277 46.4434 45.1919 14.5904 30.6015 19.5515 4.3112 11.05 12.5599 10.3892 7.16284 6.17311
internal_count=36664 13986 10697 6795 6784 2078 4706 2862 840 1844 2006 1799 918 784
is_linear=0
shrinkage=0.03


Tree=136
num_leaves=15
num_cat=0
split_feature=1 6 6 4 18 18 18 18 18 10 18 4 18 13
split_gain=3.39789 6.41821 6.45506 6.42434 3.56916 12.3665 8.38287 5.54257 6.70572 7.14207 7.8692 7.57606 5.18262 7.15911
threshold=0.037485429543690933 0.016619775223249564 0.016448129331950022 0.00076574566998797837 25768.090000000004 5520.5500000000002 3462.0000000000005 1140.3500000000001 503.65000000000003 2795.5000000000005 240.60000000000005 0.0057550884908691546 52150.150000000001 2.5000000000000004
decision_type=2 2 2 2 2 2 2 2 2 2 2 2 2 2
left_child=1 2 3 -1 5 6 7 8 9 10 11 -2 13 -6
right_child=4 -3 -4 -5 12 -7 -8 -9 -10 -11 -12 -13 -14 -15
leaf_value=0.057504979363235724 0.037502684178378293 -0.023425868907323299 0.089161079269373625 -0.0026886780279865505 -0.00038523240966117169 -0.021510518046830317 0.027366782506875815 -0.01395624477800358 0.025753146587407502 -0.032176292768141379 -0.026866385181661446 -0.0013854557387816947 0.0042803947226398003 0.047828018961303335
leaf_weight=1.6126116429222737 7.7637953419471257 13.216646870889234 0.70132790703792025 152.78158022055868 4.9414583429461327 20.581720216781832 12.351736136479301 17.510099608800374 11.396929278853348 5.5008080587722352 5.1939791913609943 10.753815072588621 54.001166774774902 6.313084947061725
leaf_count=130 125 1940 68 31375 106 505 157 367 183 191 151 223 797 123
internal_value=-0.000399796 -0.00335762 -0.00164748 -0.00205997 0.00278517 -0.00105257 0.00492235 0.000152388 0.00623581 -0.00137869 0.00576599 0.014919 0.00814005 0.0266593
internal_weight=324.621 168.312 155.096 154.394 156.309 91.0529 70.4712 58.1194 40.6093 29.2124 23.7116 18.5176 65.2557 11.2545
internal_count=36441 33513 31573 31505 2928 1902 1397 1240 873 690 499 348 1026 229
is_linear=0
shrinkage=0.03


Tree=137
num_leaves=15
num_cat=0
split_feature=13 5 4 6 0 6 15 2 4 8 2 17 17 2
split_gain=4.11599 6.632 3.34276 3.17836 8.02996 5.86428 3.89876 3.71429 5.29025 4.54913 7.69536 7.17657 10.7379 7.64611
threshold=110.50000000000001 0.002044451395271932 0.038837001005805241 0.016619775223249564 0.068741274309965419 0.016448129331950022 13561.000000000002 0.0014352139088228831 0.030211405774556884 7.5000000000000009 0.020211168884964725 68.050000000000011 1.5500000000000003 0.018079556932702665
decision_type=2 2 2 2 2 2 2 2 2 2 2 2 2 2
left_child=1 -1 3 5 6 7 -5 8 -3 10 11 12 -9 -13
right_child=-2 2 -4 4 -6 -7 -8 9 -10 -11 -12 13 -14 -15
leaf_value=0.078126472363305513 -0.019599402084294473 -0.025152075618951317 -0.031787173357920806 -0.024606555026113284 0.0095362256258768648 0.063376857101171344 0.026775002637357433 0.075754274349851228 0.1428643338566426 0.0017923351966949201 -0.025327486907981749 0.024145165136473353 -0.030705711297017886 0.081203938193653846
leaf_weight=1.0150668218848284 8.4890218470827659 6.0996968001127234 2.7209923826158038 16.719575285620525 14.293367572128771 1.422885377483907 1.4438674870179955 1.119095273141286 0.17345747706713144 256.58822633413365 3.20585928345099 8.1677040212671255 3.5818334338837303 2.8516356521868138
leaf_count=48 922 4739 658 1859 85 76 147 236 109 24463 679 1514 836 219
internal_value=0.00101798 0.00156594 0.00132186 0.00160725 -0.00728497 0.00262633 -0.0205221 0.00231957 -0.0205063 0.00283929 0.0170332 0.0256718 -0.00536202 0.0389111
internal_weight=327.892 319.403 318.388 315.667 32.4568 283.21 18.1634 281.788 6.27315 275.514 18.9261 15.7203 4.70093 11.0193
internal_count=36590 35668 35620 34962 2091 32871 2006 32795 4848 27947 3484 2805 1072 1733
is_linear=0
shrinkage=0.03


Tree=138
num_leaves=15
num_cat=0
split_feature=0 6 6 11 0 0 8 3 2 14 13 15 3 3
split_gain=4.77923 5.36943 5.90495 12.211 9.04393 11.1676 4.8426 5.51961 10.5687 4.64506 11.1979 4.32192 4.31125 9.53428
threshold=0.02318144879108433 0.0095818081573232402 0.0014866565664153392 19.500000000000004 0.0034281007018386726 0.0029417923211847376 77.500000000000014 0.0040272908099271499 0.017777818806881538 522.00000000000011 7.5000000000000009 28.000000000000004 0.02909786060416272 0.033085275019961641
decision_type=2 2 2 2 2 2 2 2 2 2 2 2 2 2
left_child=1 2 3 4 5 11 7 8 -3 10 -8 -1 -9 -14
right_child=-2 6 -4 -5 -6 -7 9 12 -10 -11 -12 -13 13 -15
leaf_value=0.15944555988548537 0.0022061559617537231 -0.0052408629006543885 -0.023253585398052067 0.23389329276014353 -0.030187286894842506 0.29868489085092143 -0.0023063243395751651 -0.014554008199652923 0.1672080362228929 0.0028740797813205411 0.11347533218729028 -0.030067206827086922 0.20788536105328356 0.00047439787239522029
leaf_weight=0.15332016500179069 236.79955591191538 1.0770225120941166 21.553622986015398 0.2272263400373048 1.862023214518558 0.18161790916929021 2.0217905581230293 30.468643762287687 0.45495867915451516 30.861644976190291 1.1968302233726715 0.36886664730263874 0.25053920317441114 0.97845807642443106
leaf_count=4 4235 270 11489 113 1022 42 325 11571 79 6410 112 340 56 431
internal_value=-4.52464e-05 -0.00586186 -0.0179351 0.023107 0.0044401 0.0960521 -0.00149485 -0.00964396 0.045972 0.00645085 0.0407466 0.025576 -0.0123319 0.0427565
internal_weight=328.456 91.6566 24.3467 2.79305 2.56583 0.703805 67.3099 33.2296 1.53198 34.0803 3.21862 0.522187 31.6976 1.229
internal_count=36499 32264 13010 1521 1408 386 19254 12407 349 6847 437 344 12058 487
is_linear=0
shrinkage=0.03


Tree=139
num_leaves=15
num_cat=0
split_feature=9 6 14 1 8 18 0 5 14 3 9 18 18 0
split_gain=4.24888 3.57388 4.55181 4.56402 6.42178 8.81649 6.31363 5.31206 5.39215 5.38123 7.00965 4.11525 16.2887 6.6928
threshold=4.5000000000000009 0.031812932008753916 131.00000000000003 0.0035869574734614797 2.5000000000000004 2245.7200000000007 0.010300690231421336 0.0011470390448528863 134.50000000000003 0.02909786060416272 397.50000000000006 19892290.000000004 22179972.800000004 0.14476130761637915
decision_type=2 2 2 2 2 2 2 2 2 2 2 2 2 2
left_child=-1 2 -2 7 5 -5 -7 -4 -9 -10 -11 -6 -13 -14
right_child=1 -3 3 4 11 6 -8 8 9 10 -12 12 13 -15
leaf_value=-0.032063170078749204 -0.027032907481378134 0.019377404528593864 0.15903539133921082 0.099332755264590761 -0.001259634067181764 -0.030168174355932532 0.039830941584063584 0.16020929102111034 -0.021001452943295806 -0.030043910510156084 0.12140867315530629 0.1165459479194417 -0.03214282673815793 0.047827476368169093
leaf_weight=4.0363410466816267 6.1984231582027851 7.4984324832330449 0.15726207301486539 1.3092993983300392 275.15654210792854 1.9464490964310242 2.8689919370226562 0.15513988892780872 19.319825868413322 0.53927142120664828 0.56130284973187372 1.3258293947437767 2.7006258909823373 1.446281164884567
leaf_count=707 1904 190 13 70 17926 514 158 43 13690 499 63 88 483 6
internal_value=-0.00147504 -0.00109064 -0.00157991 -0.00106682 -8.40446e-05 0.030305 0.0115366 -0.0146596 -0.0159872 -0.0173258 0.0471983 -0.000747286 0.0250124 -0.00425227
internal_weight=325.22 321.184 313.685 307.487 286.754 6.12474 4.81544 20.7328 20.5755 20.4204 1.10057 280.629 5.47274 4.14691
internal_count=36354 35647 35457 33553 19245 742 672 14308 14295 14252 562 18503 577 489
is_linear=0
shrinkage=0.03


Tree=140
num_leaves=15
num_cat=0
split_feature=1 4 10 2 17 17 10 19 16 3 13 17 9 17
split_gain=3.25334 3.08632 3.0071 5.78767 10.7649 12.6268 7.51097 26.2553 8.206 3.9356 3.92944 3.70601 7.5645 5.83119
threshold=0.0015534744260973705 0.038837001005805241 200.50000000000003 0.0022857660647074142 198.05000000000004 156.65000000000003 274.50000000000006 4.5726464606779862 12.600000000000001 0.02909786060416272 5.5000000000000009 11005.000000000002 44.500000000000007 15213.500000000002
decision_type=2 2 2 2 2 2 2 2 2 2 2 2 2 2
left_child=-1 2 -2 4 5 6 7 -4 10 -6 -8 -5 -13 -14
right_child=1 -3 3 11 9 -7 8 -9 -10 -11 -12 12 13 -15
leaf_value=-0.021182069619303679 -0.012341737457171136 -0.03179765456579136 0.40066477322490079 -0.00073756720042235998 -0.030182706372349138 0.16041863344044738 -0.019386813936852178 -0.030072994965220819 0.12731272983468536 0.099164476987168307 0.036370245385125309 -0.03232400311612945 0.040928238528923216 0.0048789539507565882
leaf_weight=6.6795353122870429 16.198155834339559 2.72823593270732 0.20855262252734785 270.46362426137784 2.9924309015041222 0.76662311272229988 2.4730269938590936 0.32713977753883228 0.56632502353750158 0.22782718465896312 2.1065316178137437 2.838520965306091 7.2042265398777117 9.1897337933187355
leaf_count=6761 3515 538 65 20054 1728 70 913 248 86 74 522 685 167 1077
internal_value=-0.000461426 -2.65903e-05 0.00024809 0.000929306 0.0237625 0.0461328 0.0307121 0.137619 0.0195829 -0.0210316 0.00626064 0.000167262 0.0128917 0.0207206
internal_weight=324.97 318.291 315.563 299.365 9.66846 6.4482 5.68158 0.535692 5.14588 3.22026 4.57956 289.696 19.2325 16.394
internal_count=36503 29742 29204 25689 3706 1904 1834 313 1521 1802 1435 21983 1929 1244
is_linear=0
shrinkage=0.03


Tree=141
num_leaves=15
num_cat=0
split_feature=2 18 18 1 17 17 9 17 8 17 0 17 17 18
split_gain=5.40532 3.45378 12.9348 6.58942 4.28871 4.87047 8.53104 6.7331 5.38387 8.96862 6.42443 4.43599 7.30252 4.40305
threshold=0.0014638734335558521 19892290.000000004 22179972.800000004 0.093329695934087853 19363.000000000004 12318.950000000003 167.50000000000003 7447.2000000000007 2.5000000000000004 1.5500000000000003 0.054617363836358193 6130.5000000000009 4002.5000000000005 45231.500000000007
decision_type=2 2 2 2 2 2 2 2 2 2 2 2 2 2
left_child=-1 4 -3 -4 5 7 -7 8 9 -2 -11 12 13 -10
right_child=1 2 3 -5 -6 6 -8 -9 11 10 -12 -13 -14 -15
leaf_value=-0.025954324611988343 0.10474696632636077 0.10008367614137513 -0.024716604980785237 0.047354612262771212 -0.026396820008463807 -0.01513176195552807 0.05252059013442225 -0.029643480014282277 -0.0023079565071064487 -0.0031102586621529517 0.068559978013429612 0.025477987940158899 -0.032319594673034149 0.0064239321976300185
leaf_weight=7.2387747750035478 1.0902903648093332 1.4732579365372647 3.4319099244312383 1.7109337695874272 5.5217255311436011 2.8215935504413201 4.1374735732097179 6.8748447104590005 203.582241366792 5.330959728336893 1.4269392788410185 5.8923753727576687 6.4723975168308234 69.79022203880595
leaf_count=5576 79 110 679 8 1456 490 132 632 20258 846 6 233 624 5264
internal_value=-0.000319197 0.000261503 0.0217114 -0.000739777 -0.000191983 0.000278697 0.0250906 -0.00029598 0.000391246 0.0249045 0.012023 -0.000282045 -0.000824445 -7.87618e-05
internal_weight=326.796 319.557 6.6161 5.14284 312.941 307.419 6.95907 300.46 293.585 7.84819 6.7579 285.737 279.845 273.372
internal_count=36393 30817 797 687 30020 28564 622 27942 27310 931 852 26379 26146 25522
is_linear=0
shrinkage=0.03


Tree=142
num_leaves=15
num_cat=0
split_feature=19 18 17 18 2 4 18 19 2 19 6 8 15 18
split_gain=3.41128 11.5357 9.42413 6.51427 14.9013 12.5389 10.3079 6.64024 5.93487 5.35124 12.7245 5.60763 6.69814 6.28213
threshold=5.1503965643432599 46.850000000000001 0.95000000000000007 1338.5500000000002 0.018807057606177666 0.0055641086074163628 3644.1000000000004 5.6849391560979354 0.0017703297653605089 5.2691459561203109 0.013225780879673067 124.50000000000001 317.00000000000006 4787.085
decision_type=2 2 2 2 2 2 2 2 2 2 2 2 2 2
left_child=-1 -2 -3 4 5 -4 -5 -7 -8 10 -10 13 -13 -11
right_child=1 2 3 6 -6 7 8 -9 9 11 -12 12 -14 -15
leaf_value=-0.0025820208553678421 0.074253007458923576 -0.028663208701654227 -0.01631678271459026 -0.028244994578057923 -0.02400773793833361 0.044357103028951843 -0.030078333768876087 0.11096699857418489 -0.03244266833776336 0.04962800046346668 0.081742903140652912 0.035812468346985628 -0.012733643130880105 0.0070321283313448937
leaf_weight=171.7834779866389 2.0514462152495971 8.1880085097509419 1.8457374038989636 9.0790081882732903 3.5044820019975305 3.0107554013957269 4.2140581729472606 2.4373565193382092 1.364848094643093 3.2362646263209163 2.4640426079859026 2.8794935745536376 22.904924231232144 83.937302216363605
leaf_count=20261 70 1139 281 1197 209 292 2977 224 269 253 171 66 1251 7960
internal_value=0.000310071 0.00359766 0.00262531 0.00444383 0.0268341 0.0512621 0.00258515 0.0741568 0.00489841 0.00616049 0.0410403 0.00497819 -0.00731222 0.00861347
internal_weight=322.901 151.118 149.066 140.878 10.7983 7.29385 130.08 5.44811 121.001 116.787 3.82889 112.958 25.7844 87.1736
internal_count=36620 16359 16289 15150 1006 797 14144 516 12947 9970 440 9530 1317 8213
is_linear=0
shrinkage=0.03


Tree=143
num_leaves=15
num_cat=0
split_feature=4 4 17 17 18 18 18 12 17 17 17 9 0 2
split_gain=4.11203 5.49433 3.87779 6.81025 6.87745 3.79067 6.08864 3.26148 6.07543 7.08044 27.7458 6.89202 5.84901 7.06702
threshold=0.036629592102248788 0.034767306308860393 16020.500000000002 14048.000000000002 184071.80000000002 19892290.000000004 26589650.000000004 48.500000000000007 10.950000000000001 1101.2500000000002 1051.0000000000002 10.500000000000002 0.0087384270922014427 0.012746557570464752
decision_type=2 2 2 2 2 2 2 2 2 2 2 2 2 2
left_child=1 2 3 7 -5 -4 -7 8 -1 10 -10 -11 -9 -14
right_child=-2 -3 5 4 -6 6 -8 12 9 11 -12 -13 13 -15
leaf_value=-0.00680520062639177 -0.031467024583272926 0.064471303611801575 -0.026732389724457514 0.10176566741376353 -0.003135617495261847 0.047512928576006815 -0.023199158332256033 -0.015942687861269803 0.010104639587340319 0.059787050625068776 0.14965220082517017 -0.010207152361325144 0.013953510050515146 -0.002777883002661059
leaf_weight=32.459618001885246 3.5542850683559655 1.221979341469704 8.7039874764159304 1.2168281588819803 1.04599404532928 1.9250309834606003 2.5444627343676984 22.620118739374448 77.577995912579354 1.3417578761000211 1.3038702540216025 22.450969182944391 28.15766384487506 117.65870196267497
leaf_count=4073 887 175 2767 42 309 247 585 13689 6931 156 55 2268 1689 2560
internal_value=0.000623466 0.000979645 0.000736435 0.0014229 0.0532748 -0.0152005 0.00725685 0.0010364 0.00450804 0.00808461 0.0124113 -0.00625993 -0.00174885 0.000453009
internal_weight=323.783 320.229 319.007 305.834 2.26282 13.1735 4.46949 303.571 135.134 102.675 78.8819 23.7927 168.436 145.816
internal_count=36433 35546 35371 31772 351 3599 832 31421 13483 9410 6986 2424 17938 4249
is_linear=0
shrinkage=0.03


Tree=144
num_leaves=15
num_cat=0
split_feature=0 19 7 18 1 18 2 0 3 0 7 18 0 0
split_gain=7.07182 4.16323 3.94946 3.28518 6.93625 6.63017 8.09088 13.2466 15.0557 9.91436 9.91685 6.96693 5.33108 6.2957
threshold=0.0029417923211847376 0.50031594015395309 0.0015781973014117833 1679390.5000000002 0.093329695934087853 717171.09999999998 0.045024232399861856 0.028445968507843124 0.02909786060416272 0.02318144879108433 0.0065853394080741898 447811.25000000006 0.086073227930178506 0.047449236363436571
decision_type=2 2 2 2 2 2 2 2 2 2 2 2 2 2
left_child=2 -2 -1 5 -5 11 7 8 9 10 -7 12 13 -3
right_child=1 3 -4 4 -6 6 -8 -9 -10 -11 -12 -13 -14 -15
leaf_value=0.1042364771749608 -0.022163211392653082 0.00027876002649399484 -0.023306256234916441 -0.017167353654898829 0.013701032666578667 0.17526838391277025 0.057191356606365366 -0.033507117982088545 0.23773785945582651 0.15625775056237598 -0.009244841972118752 -0.028758015176838223 -0.0061616698802180745 0.010912424786716718
leaf_weight=0.22223921678960223 6.7065586070530108 120.82527065259637 13.017024850443702 21.121051401481967 9.4974833908490819 0.28878916066605542 4.3547850082395598 3.8410601511131972 0.33326036372454826 0.46476263366639603 2.8427103835274465 6.5614365514484225 50.77633292414248 85.617527494672686
leaf_count=13 1574 17128 9240 4340 50 23 29 74 59 6 1184 760 698 1267
internal_value=0.000311318 0.00121906 -0.0211653 0.00173065 -0.00759237 0.00276527 0.0244561 0.0061107 0.0448366 0.0269608 0.0077711 0.00176819 0.00254689 0.00468883
internal_weight=326.47 313.231 13.2393 306.524 30.6185 275.906 12.1254 7.77058 3.92952 3.59626 3.1315 263.781 257.219 206.443
internal_count=36445 27192 9253 25618 4390 21228 1375 1346 1272 1213 1207 19853 19093 18395
is_linear=0
shrinkage=0.03


Tree=145
num_leaves=15
num_cat=0
split_feature=3 3 3 12 2 10 17 17 9 2 19 16 10 17
split_gain=3.68655 4.57332 10.9964 3.47599 3.15573 3.18989 3.89433 6.58295 14.2578 13.4067 12.5175 14.853 13.4015 12.2464
threshold=0.036688608885933088 0.0277596658635729 0.030571630837728517 40.500000000000007 0.05383664385226801 200.50000000000003 14.050000000000002 45.050000000000004 382.00000000000006 0.0022180947325180661 3.2771162522949617 0.75000000000000011 1262.5000000000002 36.150000000000013
decision_type=2 2 2 2 2 2 2 2 2 2 2 2 2 2
left_child=1 4 -3 -4 5 -1 -7 8 9 -8 12 -12 -10 -13
right_child=-2 2 3 -5 -6 6 7 -9 10 -11 11 13 -14 -15
leaf_value=-0.012534891528693717 -0.019050060533295717 0.10787581389179357 0.038763334639380684 -0.020317710269430321 0.054447088204328781 -0.0039548603208880515 0.11809822547819442 0.0010880407334409863 0.14678292052826764 -0.0068266081263458579 0.063626261383890492 -0.023691974148257251 0.043813944014604929 0.056551746709951466
leaf_weight=15.056677111715542 8.0096678169211355 1.2315316791064095 1.5379137612762863 2.1480427606729791 0.99498628708533843 81.561713411239907 0.80166054033907386 170.05835408365238 1.4099895774270432 21.74353795760544 3.9991239359369493 7.407839600404257 5.8881723451195285 2.2260736733442172
leaf_count=3679 1067 94 119 236 39 9430 267 17844 87 2445 139 469 494 99
internal_value=0.00104964 0.001559 0.0302642 0.00433303 0.00110534 0.000934213 0.00162145 0.00375137 0.014169 -0.00238454 0.031999 0.0150246 0.0637073 -0.00515035
internal_weight=324.075 316.066 4.91749 3.68596 311.148 310.153 295.096 213.535 43.4764 22.5452 20.9312 13.633 7.29816 9.63391
internal_count=36508 35441 449 355 34992 34953 31274 21844 4000 2712 1288 707 581 568
is_linear=0
shrinkage=0.03


Tree=146
num_leaves=15
num_cat=0
split_feature=7 17 17 8 17 17 17 8 17 16 8 8 18 18
split_gain=3.52631 3.80507 7.35057 6.06383 5.40171 5.58317 7.81227 7.76442 6.12243 8.92535 5.26406 4.30988 9.4364 11.2183
threshold=0.0034281007018386726 19997.000000000004 11005.000000000002 14.500000000000002 7447.2000000000007 6130.5000000000009 4002.5000000000005 617.50000000000011 3000.1000000000004 3.9500000000000006 2.5000000000000004 39.500000000000007 7244.3000000000011 3156.860000000001
decision_type=2 2 2 2 2 2 2 2 2 2 2 2 2 2
left_child=-1 2 4 -4 5 6 8 -7 11 10 -10 -2 13 -13
right_child=1 -3 3 -5 -6 7 -8 -9 9 -11 -12 12 -14 -15
leaf_value=0.024477295742025153 0.0049915165802582803 -0.019398118373467502 -0.033376023209173974 0.030707842950717337 -0.02917315052737781 0.0041637331589486678 -0.032403093676094834 0.073891444808398654 0.0690956844398634 0.073880410335796343 -0.020973004596442253 -0.0028046070205564179 -0.013138579278283099 0.020084132981512227
leaf_weight=5.3611284345388404 89.69959821208613 8.8988261971680895 1.5108354187686917 11.035456921497824 5.7790830904850727 4.2410238521406418 6.7469258471683125 2.1740651099244133 0.74995409068651442 2.4767582407221198 2.639189291279763 100.24670930518187 57.12651652347995 23.858717734576203
leaf_count=177 13467 3108 551 807 751 293 840 18 12 217 428 10017 4397 1221
internal_value=0.000349714 -5.80974e-05 0.000500164 0.0229908 -0.00045397 0.000118422 -0.000507736 0.0277944 0.000269712 0.0305922 -0.00104249 -0.000386796 -0.00304876 0.00159565
internal_weight=322.545 317.184 308.285 12.5463 295.739 289.959 283.544 6.41509 276.797 5.8659 3.38914 270.932 181.232 124.105
internal_count=36304 36127 33019 1358 31661 30910 30599 311 29759 657 440 29102 15635 11238
is_linear=0
shrinkage=0.03


Tree=147
num_leaves=15
num_cat=0
split_feature=17 17 17 8 18 19 8 17 3 6 4 17 10 9
split_gain=3.48384 9.71793 8.6626 10.9047 9.59463 15.5216 11.6955 9.16726 5.28185 4.67301 5.51463 3.97513 12.9869 10.8422
threshold=1.9500000000000002 3.0500000000000003 1.5500000000000003 2.5000000000000004 46.850000000000001 5.4103057685793852 56.500000000000007 0.55000000000000016 0.0068013664151115446 0.016129801848526644 0.013646759325916465 5.0500000000000007 2538.0000000000005 279.00000000000006
decision_type=2 2 2 2 2 2 2 2 2 2 2 2 2 2
left_child=2 -2 3 -1 5 6 7 -5 -8 10 -4 12 -3 -14
right_child=1 11 9 4 -6 -7 8 -9 -10 -11 -12 -13 13 -15
leaf_value=0.089237128285565612 -0.031735647965797011 -0.011547217470246837 -0.015323007232190227 -0.030454410291521947 -0.018615327232773815 0.095694059648224042 0.036592758583649687 0.084009256547032493 -0.031465941223356407 0.069067473016145187 0.079563341926044501 -0.0014232974824199705 -0.017440534623795672 0.062970420395045523
leaf_weight=1.2287128932657676 9.2796948938630504 8.6395451774005796 1.7991909991833375 0.88215856242459478 14.456208261835853 1.9274007537751447 1.2551202144240958 2.2005718196742237 5.6285272920504212 2.923149989976082 0.79476058611180622 263.6592166396149 2.0463650761521412 5.7484569256193936
leaf_count=110 1568 1059 275 368 2119 39 128 142 988 33 64 29075 249 218
internal_value=-0.000477156 -0.0015317 0.00874323 0.00187843 -0.00219515 0.0177626 0.00269147 0.0512542 -0.0190566 0.0430587 0.0137492 -0.00053102 0.0137839 0.0418602
internal_weight=322.469 289.373 33.0958 27.5787 26.35 11.8938 9.96638 3.08273 6.88365 5.5171 2.59395 280.094 16.4344 7.79482
internal_count=36435 32169 4266 3894 3784 1665 1626 510 1116 372 339 30601 1526 467
is_linear=0
shrinkage=0.03


Tree=148
num_leaves=15
num_cat=0
split_feature=19 4 3 18 18 14 0 10 6 18 6 17 17 19
split_gain=3.84313 3.24915 3.0114 2.90603 7.73488 10.2051 11.7272 6.30916 11.3053 11.6293 10.0254 9.43987 16.707 14.8566
threshold=9.8893099122407015 0.038837001005805241 0.050821151692171822 10143.945000000002 45231.500000000007 208.00000000000003 0.03962791570387475 553.50000000000011 0.0095818081573232402 3156.860000000001 0.011975898245995672 40.100000000000009 29.450000000000003 3.4766128265134482
decision_type=2 2 2 2 2 2 2 2 2 2 2 2 2 2
left_child=1 2 3 7 5 6 -5 -1 -9 10 -10 12 -11 -13
right_child=-2 -3 -4 4 -6 -7 -8 8 9 11 -12 13 -14 -15
leaf_value=0.019984556733806738 -0.036997060079086402 -0.03178730466920409 -0.026599685422008242 -0.030530135643603896 0.0034645162890374914 -0.015711371613789667 0.10139039024069128 -0.0150928377020263 0.053287074835358279 0.025538311254826987 -0.00094551106007154334 0.028517348529512661 0.11254937903573109 -0.02780055409232713
leaf_weight=22.065201122721191 2.3205235353671005 2.5790963500039643 3.2746778472792348 1.0340421786531799 108.42058546244516 38.222979436279275 1.466722823679447 26.139812246372458 3.1847453893860793 10.520856237562841 83.524553079565521 11.892430948500989 2.4482213139417572 6.5307152850436969
leaf_count=3264 339 678 362 313 12527 4373 17 5793 125 495 6995 515 115 568
internal_value=0.00147169 0.00174952 0.0020209 0.00231801 -0.000722578 -0.0118701 0.0468425 0.00504481 0.00275942 0.00671072 0.0010464 0.0223563 0.0419637 0.00855354
internal_weight=323.625 321.305 318.726 315.451 149.144 40.7237 2.50077 166.307 144.241 118.102 86.7093 31.3922 12.9691 18.4231
internal_count=36479 36140 35462 35100 17230 4703 330 17870 14606 8813 7120 1693 610 1083
is_linear=0
shrinkage=0.03


Tree=149
num_leaves=15
num_cat=0
split_feature=11 11 12 4 7 17 17 18 1 0 17 0 0 18
split_gain=3.0935 3.20622 3.30828 2.85288 2.8647 3.40082 4.27493 4.95191 9.90954 8.71301 4.20233 3.33407 9.83705 4.41993
threshold=33.500000000000007 31.500000000000004 1.0000000180025095e-35 0.038837001005805241 0.0034281007018386726 19997.000000000004 11005.000000000002 414756.00000000006 0.016756627589038373 0.084652175765371998 7447.2000000000007 0.11527428806005251 0.10981109488499695 73749.000000000015
decision_type=2 2 2 2 2 2 2 2 2 2 2 2 2 2
left_child=1 2 -1 4 -4 6 10 8 -8 -9 11 12 13 -6
right_child=-2 -3 3 -5 5 -7 7 9 -10 -11 -12 -13 -14 -15
leaf_value=0.056096553723983741 -0.01279251217918157 0.053256213794196781 0.023576769895292015 -0.031776098329472056 -0.001420992647798255 -0.019807264253068065 0.087286610197657308 -0.032941456487711268 0.0045880951227869719 0.038391296369524812 -0.027718732491653762 -0.017033347311036475 0.062564484352274338 0.0076761022661666657
leaf_weight=0.96843978809192677 15.566684162418822 1.0497206964646455 4.8983025387860826 2.4358768538513678 199.42717070211074 7.2789467370021148 2.2848191371303965 3.2757150946708862 3.0380403982708231 2.9102997928857803 4.7642907121044109 9.221068865619598 2.3392712948843828 63.332612824218813
leaf_count=62 1859 153 166 643 22312 2789 219 1018 47 12 667 85 20 6302
internal_value=0.000254622 0.000915704 0.000736254 0.000560592 0.00082075 0.000446543 0.000953872 0.0188721 0.0400861 0.000618064 0.000214962 0.000700104 0.00131694 0.000771667
internal_weight=322.791 307.225 306.175 305.206 302.771 297.872 290.593 11.5089 5.32286 6.18601 279.084 274.32 265.099 262.76
internal_count=36354 34495 34342 34280 33637 33471 30682 1296 266 1030 29386 28719 28634 28614
is_linear=0
shrinkage=0.03


Tree=150
num_leaves=15
num_cat=0
split_feature=18 18 18 18 19 19 2 8 18 9 18 9 8 17
split_gain=3.84606 12.2047 6.96915 6.40877 9.46745 8.98717 8.01404 7.23625 5.64746 10.2254 11.0037 9.68201 7.91866 8.70234
threshold=594.33000000000004 618.05000000000007 240.60000000000005 166.81999999999996 2.1690373735723498 5.3943089000803308 0.018079556932702665 130.50000000000003 1338.5500000000002 436.50000000000006 1288.7800000000002 163.50000000000003 152.50000000000003 31.550000000000004
decision_type=2 2 2 2 2 2 2 2 2 2 2 2 2 2
left_child=2 -2 3 -1 -5 6 7 -6 9 10 11 -3 -13 -14
right_child=1 8 -4 4 5 -7 -8 -9 -10 -11 -12 12 13 -15
leaf_value=-0.006277055650337553 0.099278414161763154 0.041007045935895367 -0.023005618466227371 -0.031820583017191574 0.017249283971432227 -0.032454160368995046 0.0289821015017151 0.14183203411232331 -0.0008964498524385811 -0.025810292835040893 0.084592958615393912 -0.032079979474007356 0.046381513037411254 -0.013562169745143795
leaf_weight=41.216211018763715 1.1351783203426737 7.9807759999530488 17.830531166604487 2.2856264991569315 0.60537586250575248 1.3106504580937324 3.7724608917487785 1.3673744457191785 226.33344139051042 4.9838567200931712 2.2492464068345717 4.7057796439039512 4.3303992436849494 4.3886866088141687
leaf_count=6242 144 1011 2439 237 214 151 121 125 24393 441 121 449 91 195
internal_value=-0.00055901 0.00112873 -0.00687942 -0.00119208 0.0212437 0.038433 0.0546044 0.103601 0.000691746 0.0132433 0.0214716 0.0148389 -0.000717397 0.0162093
internal_weight=324.496 256.107 68.3882 50.5577 9.34149 7.05586 5.74521 1.97275 254.972 28.6387 23.6549 21.4056 13.4249 8.71909
internal_count=36374 26845 9529 7090 848 611 460 339 26701 2308 1867 1746 735 286
is_linear=0
shrinkage=0.03


Tree=151
num_leaves=15
num_cat=0
split_feature=0 3 15 17 17 14 8 8 3 1 1 1 9 14
split_gain=3.69315 4.7896 8.56383 7.58459 16.773 5.02104 9.66339 9.65985 14.1571 4.3462 5.86509 10.8641 5.70691 4.95812
threshold=0.047449236363436571 0.0077605643028872901 66.500000000000014 198.05000000000004 175.05000000000004 18528.500000000004 201.00000000000003 105.50000000000001 0.0040272908099271499 0.026340178513063198 0.056728102862684031 0.061522974418342626 24.500000000000004 3034.5000000000005
decision_type=2 2 2 2 2 2 2 2 2 2 2 2 2 2
left_child=1 2 -1 4 5 -4 7 8 -7 13 12 -12 -11 -3
right_child=-2 9 3 -5 -6 6 -8 -9 -10 10 11 -13 -14 -15
leaf_value=0.097493414892600092 0.0028892077070653815 -0.015253863835967049 -0.0078921741089493912 -0.016892778569553759 0.12994446896733666 0.12180661564396351 -0.021867600975634977 0.096586539921635656 -0.0076512395402517537 0.023070058641039691 0.11790522615605349 -0.030329770653745401 -0.025125721774272088 0.00065203342148295075
leaf_weight=0.91438593843486415 166.59947468200698 23.266460191574879 8.8572399433760527 10.06636454045656 1.0821112468838681 0.95771420269738694 2.9571587280370295 2.0990276351803914 3.6873957255156711 2.4467872501118171 0.8006329134805118 1.0016955871833486 22.963943312992342 72.906433621188626
leaf_count=45 2283 9409 2223 2613 58 123 253 211 712 84 60 185 1411 16618
internal_value=-0.000206553 -0.00355543 0.00706447 0.00428105 0.0151332 0.0084388 0.0233489 0.0431754 0.01904 -0.00619103 -0.0167758 0.0355194 -0.020485 -0.00319597
internal_weight=320.607 154.007 30.6214 29.707 19.6406 18.5585 9.7013 6.74414 4.64511 123.386 27.2131 1.80233 25.4107 96.1729
internal_count=36288 34005 6238 6193 3580 3522 1299 1046 835 27767 1740 245 1495 26027
is_linear=0
shrinkage=0.03


Tree=152
num_leaves=15
num_cat=0
split_feature=18 18 2 17 2 17 17 19 8 7 5 2 19 14
split_gain=3.16598 8.51625 6.10521 6.02292 2.50404 7.35593 15.3903 9.73403 13.4276 11.2433 10.0232 9.8597 9.02736 13.0063
threshold=19892290.000000004 22179972.800000004 0.01885281513951027 19363.000000000004 0.014058967507542401 65.050000000000011 27.550000000000004 3.5638789513718909 12.500000000000002 0.011304319760254828 0.0088289298528310047 0.0066089565738046453 6.8322765563329346 18542.500000000004
decision_type=2 2 2 2 2 2 2 2 2 2 2 2 2 2
left_child=3 -2 -3 4 5 6 -1 9 -9 -8 11 -10 -7 -14
right_child=1 2 -4 -5 -6 12 7 8 10 -11 -12 -13 13 -15
leaf_value=0.001512696589457959 0.086201037269217184 -0.023917039668740009 0.042368690913891713 -0.031467573432478115 -0.002078379879778314 -0.0093018636936856806 -0.015679981149387932 -0.030578467706187561 0.18063906824517995 0.10207111634778984 0.043379103994077337 0.072212277453869766 0.0068774159590232857 0.12018770242450547
leaf_weight=33.378051470266655 1.3869417681125913 3.131244167976547 2.0821082580368966 5.6821292199601876 214.38963010304724 41.260572185798083 3.9182975091971448 1.245091334101742 1.2677482879371385 0.89684436342213292 3.7481093378737569 1.8654933911166152 3.9976601823000228 1.1810638758470302
leaf_count=7987 134 826 120 2356 11895 9626 846 377 257 131 538 69 1030 302
internal_value=-0.000428995 0.0201327 0.00255615 -0.000862819 -0.000296643 0.00382141 0.0122805 0.040052 0.0600796 0.00625175 0.0764829 0.116083 -0.00461586 0.032719
internal_weight=319.431 6.60029 5.21335 312.831 307.149 92.7589 46.3196 12.9416 8.12644 4.81514 6.88135 3.13324 46.4393 5.17872
internal_count=36494 1080 946 35414 33058 21163 10205 2218 1241 977 864 326 10958 1332
is_linear=0
shrinkage=0.03


Tree=153
num_leaves=15
num_cat=0
split_feature=2 10 5 2 17 17 8 8 18 11 12 13 9 8
split_gain=3.44233 2.87176 7.16463 5.77037 7.20942 14.2127 7.06218 29.9307 6.33158 5.47085 4.70049 6.06599 4.93373 4.02808
threshold=0.00070424744510863004 179.50000000000003 0.033242278286868494 0.0022857660647074142 198.05000000000004 156.65000000000003 18.500000000000004 15.500000000000002 9674.2500000000018 10.500000000000002 278.50000000000006 83.500000000000014 640.00000000000011 1.0000000180025095e-35
decision_type=2 2 2 2 2 2 2 2 2 2 2 2 2 2
left_child=-1 2 -2 4 5 6 7 -3 9 -8 -5 12 -12 -6
right_child=1 3 -4 10 13 -7 8 -9 -10 -11 11 -13 -14 -15
leaf_value=-0.030071585058698991 -0.0167307359074929 0.0030040153619973796 0.10808503646007035 -0.0011774914975408504 0.1081741215813054 0.19094225921936323 -0.030314632846560878 0.34035507823448696 0.12841465658208426 0.044444484988958331 0.0090918912087049313 0.054213678247313754 -0.031365439275215318 -0.030189537780008761
leaf_weight=3.3365998265799126 13.325364497926781 0.8919324865564684 0.42717011118657033 250.45138343787403 0.20747799123637412 0.53697898937389243 2.2951252198836305 0.32220337813487276 0.37053867004578922 1.4298275052569804 42.977751273516333 2.5345982362050554 2.8956145643605842 2.1689341546443757
leaf_count=2989 3343 326 103 22612 10 58 929 65 82 153 3532 160 579 1497
internal_value=0.000242826 0.000558088 -0.0128538 0.00115873 0.0259508 0.0438596 0.0289846 0.0925291 0.0101464 -0.00161826 0.000476587 0.0090344 0.00653815 -0.0181094
internal_weight=324.172 320.835 13.7525 307.082 8.22302 5.84661 5.30963 1.21414 4.09549 3.72495 298.859 48.408 45.8734 2.37641
internal_count=36438 33449 3446 30003 3120 1613 1555 391 1164 1082 26883 4271 4111 1507
is_linear=0
shrinkage=0.03


Tree=154
num_leaves=15
num_cat=0
split_feature=19 11 0 3 3 3 1 0 7 0 12 15 6 0
split_gain=3.54908 3.00701 3.77957 2.85977 5.14561 13.5996 3.52649 3.39921 4.78037 3.72062 8.25863 6.69412 3.26704 4.6655
threshold=0.50031594015395309 33.500000000000007 0.062724290341685057 0.037572065501796426 0.0277596658635729 0.030571630837728517 0.05803720441745152 0.0029417923211847376 0.002664275982113351 0.003166381865386677 43.500000000000007 5804.5000000000009 0.0050689436099621921 0.11433236219589173
decision_type=2 2 2 2 2 2 2 2 2 2 2 2 2 2
left_child=-1 3 -3 4 7 -6 -5 8 -2 10 11 -9 13 -11
right_child=1 2 -4 6 5 -7 -8 9 -10 12 -12 -13 -14 -15
leaf_value=-0.019820564626091788 0.065082060327014066 -0.025037703652734975 0.0061486802747470178 -0.031800170303932104 0.11123018731864011 -0.0032990452385365005 0.013260412383734375 0.033824484422545903 -0.020888596428496477 -0.014141144509784319 -0.030158006313686276 0.20417711193556676 0.0024990751265363521 0.039478083950280185
leaf_weight=7.8738943829375776 0.61934585543349285 8.845664084539747 5.7846683245152226 4.9088198640965848 1.3944440035847936 2.8205061084590852 2.2934057542588562 0.45460759894922265 9.681767466303425 18.813177544390786 0.66260988390422426 0.38209688648930751 254.91426687917556 1.5834154449403275
leaf_count=2214 29 1642 86 970 89 292 39 98 7727 4914 366 134 17754 26
internal_value=7.20698e-05 0.000572239 -0.012707 0.00122303 0.0016847 0.034591 -0.0174515 0.00120162 -0.0157197 0.00183133 0.0489619 0.111619 0.00157466 -0.00997861
internal_weight=321.033 313.159 14.6303 298.528 291.326 4.21495 7.20223 287.111 10.3011 276.81 1.49931 0.836704 275.311 20.3966
internal_count=36380 34166 1728 32438 31429 381 1009 31048 7756 23292 598 232 22694 4940
is_linear=0
shrinkage=0.03


Tree=155
num_leaves=15
num_cat=0
split_feature=13 11 3 15 17 4 19 15 1 9 9 12 6 11
split_gain=3.57835 8.19889 3.77582 6.28862 6.02076 4.79074 4.53771 3.98753 3.24862 3.43222 8.70364 4.65584 3.25188 3.22318
threshold=110.50000000000001 1.0000000180025095e-35 0.0079082750769299253 317.00000000000006 1.7500000000000002 0.0060987474010219525 0.50031594015395309 8440.5000000000018 0.0027838291069029884 217.50000000000003 227.50000000000003 788.50000000000011 0.043083169177217821 12.500000000000002
decision_type=2 2 2 2 2 2 2 2 2 2 2 2 2 2
left_child=2 -2 3 5 7 -1 -4 -5 9 12 -11 13 -8 -12
right_child=1 -3 6 4 -6 -7 8 -9 -10 10 11 -13 -14 -15
leaf_value=0.0073202769471655185 0.067656066963400055 -0.030106929048726364 -0.026703307499856593 0.058446138218852375 0.00088815530422090992 0.069511935447831685 -0.030060865360772744 0.013122725899374667 0.00055240714201778944 0.16312168460187887 -0.030172870940560044 0.14421682699048299 0.07279134552313328 0.083536316116177914
leaf_weight=2.0202464796602717 0.86579461768269439 7.1308696346532088 5.9490965813165522 2.7596762860775916 48.069123370776651 2.4871581307379529 7.6661018375016265 4.7610604134388268 234.33684597819229 0.30675654619699377 2.0372665360919209 0.17193773438339111 0.28702075034379948 0.25212026800727461
leaf_count=104 74 829 1782 163 5531 124 7299 554 17430 185 1918 159 35 102
internal_value=0.000292963 -0.0195222 0.000802293 0.00755674 0.00479338 0.0416373 -0.000814886 0.0297538 -0.000186412 -0.016335 0.0124368 -0.0063432 -0.026349 -0.0176506
internal_weight=319.101 7.99666 311.104 60.0973 55.5899 4.5074 251.007 7.52074 245.058 10.7212 2.76808 2.46132 7.95312 2.28939
internal_count=36289 903 35386 6476 6248 228 28910 717 27128 9698 2364 2179 7334 2020
is_linear=0
shrinkage=0.03


Tree=156
num_leaves=15
num_cat=0
split_feature=19 6 6 18 18 18 18 17 17 9 18 18 4 11
split_gain=3.39972 7.53883 8.66038 6.93798 6.95154 7.03784 6.66892 9.58434 11.9536 13.1345 8.7945 8.29456 8.15761 7.57357
threshold=3.839450000181905 0.0079015944006199986 0.01246738537560607 46.850000000000001 200.98500000000004 240.60000000000005 726.19500000000005 240.50000000000003 104.05000000000001 81.500000000000014 3958.9350000000009 177.26500000000001 0.0063029071547923759 2.5000000000000004
decision_type=2 2 2 2 2 2 2 2 2 2 2 2 2 2
left_child=1 -1 -3 -2 -5 -6 11 8 9 -8 -9 -4 -10 -12
right_child=3 2 6 4 5 -7 7 10 12 -11 13 -13 -14 -15
leaf_value=-0.016536945341074451 0.044308547658233 0.051879461095868024 0.0061623398730491427 -0.033035856678274335 0.037151149938727084 -0.0029724975736874705 0.075189006714437831 -0.032431143263720041 0.071734890433217263 -0.013702122943671667 0.025101787297340309 -0.022881616450950333 0.024422382124009285 -0.0081170218643836379
leaf_weight=14.116827538324285 2.8060016352683297 3.7107330740836906 24.159541857545264 6.7916710157005573 4.0132208623399483 200.3857010883803 1.8160384242655734 5.8066916022216928 5.7979726313496922 8.4897712005185877 12.433279453427533 13.964952827082014 7.5518190982402302 12.275574419763869
leaf_count=4602 265 198 2973 932 187 21857 152 535 211 514 948 1485 351 1187
internal_value=-0.000350122 0.00393294 0.00694284 -0.0025542 -0.00317684 -0.0021847 0.00513617 0.0119013 0.0262335 0.00196183 0.000791032 -0.00447642 0.0449708 0.00859839
internal_weight=324.12 110.123 96.0064 213.997 211.191 204.399 92.2956 54.1711 23.6556 10.3058 30.5155 38.1245 13.3498 24.7089
internal_count=36397 13156 8554 23241 22976 22044 8356 3898 1228 666 2670 4458 562 2135
is_linear=0
shrinkage=0.03


Tree=157
num_leaves=15
num_cat=0
split_feature=3 2 4 6 19 17 17 17 9 17 10 6 17 17
split_gain=5.10211 3.50185 4.61566 6.51239 3.50545 5.51763 10.2779 8.07197 7.96583 7.3667 7.03521 8.63144 6.01351 12.7275
threshold=0.045352602047333927 0.0014352139088228831 0.02110246617664573 0.013552463211115537 4.7828977861650346 0.25000000000000006 0.95000000000000007 1.9500000000000002 435.50000000000006 3.0500000000000003 2795.5000000000005 0.016129801848526644 5.0500000000000007 9.8500000000000032
decision_type=2 2 2 2 2 2 2 2 2 2 2 2 2 2
left_child=1 2 -1 -4 -3 8 -7 10 -6 -9 11 -8 -11 -14
right_child=-2 4 3 -5 5 6 7 9 -10 12 -12 -13 13 -15
leaf_value=-0.030075212440004346 -0.028956991083938063 -0.0016820990817071207 -0.030071112008707813 0.14754945428586194 -0.013945742867717487 -0.032615325605944843 -0.017311183055709341 -0.032078584407769638 0.077306963991752423 0.027143495111547171 0.062956049543914219 0.049202104742113284 -0.031748189639352699 0.0056371652474436337
leaf_weight=5.6479706851823712 5.1334469992434597 149.74960226149415 0.41712239722255606 0.33496787183685228 1.4204810082446777 6.6711323966155751 3.9103410933166725 5.047127472178544 2.1857441072352231 10.069909389130769 3.8420511620643083 3.1871060248231515 8.8011474174563755 119.13061702490086
leaf_count=4865 652 15709 356 142 235 680 572 654 24 705 198 53 852 10744
internal_value=0.000714557 0.00118993 -0.0207784 0.049038 0.00163768 0.00466408 0.00384033 0.00541967 0.0413628 0.00352024 0.0302573 0.0125566 0.0048222 0.00306522
internal_weight=325.549 320.415 6.40006 0.75209 314.015 164.266 160.659 153.988 3.60623 143.049 10.9395 7.09745 138.002 127.932
internal_count=36441 35789 5363 498 30426 14717 14458 13778 259 12955 823 625 12301 11596
is_linear=0
shrinkage=0.03


Tree=158
num_leaves=15
num_cat=0
split_feature=5 13 13 12 0 0 17 11 8 1 17 1 17 17
split_gain=3.25481 3.11539 4.41462 3.36611 5.67398 5.74608 12.1408 12.6002 5.45025 8.89922 6.14153 5.60631 5.44943 8.48341
threshold=0.0013781164772499542 110.50000000000001 175.00000000000003 48.500000000000007 0.0087384270922014427 0.009511981575343555 28.200000000000006 3.5000000000000004 29.500000000000004 0.048261544223370027 471.85000000000008 0.025238407733161435 10.050000000000002 1101.2500000000002
decision_type=2 2 2 2 2 2 2 2 2 2 2 2 2 2
left_child=-1 3 -3 12 -5 6 7 -6 9 10 -7 -12 -2 -14
right_child=1 2 -4 4 5 8 -8 -9 -10 -11 11 -13 13 -15
leaf_value=0.057399071385561974 -0.005403287265058304 -0.029229756663275153 0.030779550152635799 -0.01440650015799521 0.15752329075990862 0.033715488886073577 -0.0076395928050078743 0.003746943964454397 -0.0030916366764725278 -0.0066206982982810478 -0.031392906620362947 0.026196321057655483 0.013567900217574641 -0.0049306735006859519
leaf_weight=0.94412185484543343 32.497241122124251 5.8412866228900375 1.3602367083658462 23.720953801006544 1.1101192322093982 14.707997669349426 2.6282627153559588 0.8442777304444461 106.51278815581463 15.836866139667107 2.9925472717732182 3.0946783367544413 82.09530083485879 30.638946819206467
leaf_count=77 4173 716 99 15254 143 371 654 134 2701 152 259 29 7406 4250
internal_value=0.00177818 0.00161604 -0.0178951 0.00205974 -0.000786941 0.00139998 0.0344678 0.0910936 0.000341345 0.0103232 0.0232271 -0.00211518 0.0054203 0.00854035
internal_weight=324.826 323.882 7.20152 316.68 171.448 147.728 4.58266 1.9544 143.145 36.6321 20.7952 6.08723 145.231 112.734
internal_count=36418 36341 815 35526 19697 4443 931 277 3512 811 659 288 15829 11656
is_linear=0
shrinkage=0.03


Tree=159
num_leaves=15
num_cat=0
split_feature=0 1 19 1 0 2 19 6 17 8 10 15 6 17
split_gain=4.00939 6.42636 9.65406 5.97063 5.78904 11.1487 21.5275 6.39527 8.93506 4.87804 4.60979 4.00652 4.40229 4.56432
threshold=0.0053875561269234942 0.034348397376990976 7.4313884596403987 0.039177259199020979 0.0059219353287570447 0.0018978750240519684 4.8805263204798122 0.013552463211115537 42.100000000000009 138.50000000000003 67.500000000000014 11120.500000000002 0.013831546546760175 15.050000000000002
decision_type=2 2 2 2 2 2 2 2 2 2 2 2 2 2
left_child=1 9 3 -3 5 6 -2 -7 -9 10 -1 12 13 -11
right_child=4 2 -4 -5 -6 7 -8 8 -10 11 -12 -13 -14 -15
leaf_value=0.11926486109269931 0.31268338820964042 0.096373526952095306 0.1605534591093338 -0.030176186443965605 0.00014428675525082554 -0.030267350826363282 -0.030071098343609975 0.16900784266027541 0.0042933937288742946 0.033447329443435203 -0.025234309414384096 -0.030099024565165205 0.050319169083238399 -0.021765584958193675
leaf_weight=0.20087743370096234 0.34746439926675465 0.46850590209942256 0.46454489708412428 1.1822406123392282 289.28302169131348 1.4604828715382612 0.31391255866037682 0.45187309489119776 0.86145957419648767 2.1748608431662415 18.311408921988914 2.6176416063099168 2.0675647578609642 3.5423212300229352
leaf_count=140 62 48 63 358 16646 818 254 166 291 634 13575 1718 321 1404
internal_value=-0.000482954 -0.0107369 0.0397394 0.00574047 0.000604028 0.0393196 0.15 0.0129294 0.060966 -0.0144296 -0.0236663 0.00200841 0.0128046 -0.00076216
internal_weight=323.748 31.03 2.11529 1.65075 292.718 3.43519 0.661377 2.77382 1.31333 28.9147 18.5123 10.4024 7.78475 5.71718
internal_count=36498 18261 469 406 18237 1591 316 1275 457 17792 13715 4077 2359 2038
is_linear=0
shrinkage=0.03


Tree=160
num_leaves=15
num_cat=0
split_feature=4 5 3 1 18 6 4 12 4 3 3 8 17 17
split_gain=3.43995 3.30647 2.85065 3.27241 3.12492 4.65605 6.53588 28.2226 5.02917 4.58914 2.98479 4.03145 2.6335 6.01336
threshold=0.00076574566998797837 0.0012747217678414715 0.0017214582655868205 0.0026023075610145763 10.630000000000001 0.013831546546760175 0.0038767110696850179 43.500000000000007 0.02054697163325462 0.0075438002457488837 0.0051214207522026454 5.5000000000000009 3.3500000000000001 5.0500000000000007
decision_type=2 2 2 2 2 2 2 2 2 2 2 2 2 2
left_child=-1 -2 -3 4 9 -6 7 -7 -8 -4 11 -5 -12 -14
right_child=1 2 3 10 5 6 8 -9 -10 -11 12 -13 13 -15
leaf_value=0.030280348520720073 0.056194536216541538 0.048994342347048539 0.076963789879027814 0.040273259399525731 -0.030079976836382874 0.55576954499292863 -0.030109535035216413 -0.030050944890656257 0.074311721569176217 -0.030067304170418037 -0.0064269251012454617 -0.018689821010130496 0.021150034891979343 0.0010850279834704758
leaf_weight=3.4581648440216659 0.94622420135419716 1.0665832206141193 0.76862088104826287 1.1437452299869608 9.0779720922291727 0.10241864778799881 1.6554842187033503 0.2668637887109071 0.55402891820995126 0.67907832327182405 36.334943918685894 11.921829272352623 14.238222783838863 240.54114023980219
leaf_count=142 62 72 139 154 8965 85 1385 272 227 694 3542 995 949 18850
internal_value=0.000520206 0.000197887 3.14503e-05 -0.000133143 -0.0148118 -0.0199745 0.015599 0.132423 -0.00392621 0.0267583 0.000499232 -0.0135283 0.0011288 0.00220635
internal_weight=322.755 319.297 318.351 317.284 13.1045 11.6568 2.5788 0.369282 2.20951 1.4477 304.18 13.0656 291.114 254.779
internal_count=36533 36391 36329 36257 11767 10934 1969 357 1612 833 24490 1149 23341 19799
is_linear=0
shrinkage=0.03


Tree=161
num_leaves=15
num_cat=0
split_feature=11 15 15 0 12 17 17 0 8 17 8 17 17 12
split_gain=4.60938 5.55843 7.23208 4.97085 5.75812 5.04132 4.76201 4.335 4.04865 7.96184 8.71836 8.99422 6.04358 6.50898
threshold=2.5000000000000004 758.00000000000011 896.00000000000011 0.0017650185711874239 27.500000000000004 7008.0000000000009 0.75000000000000011 0.0034729934071021013 123.50000000000001 3135.9000000000005 101.50000000000001 2292.5000000000005 6130.5000000000009 101.50000000000001
decision_type=2 2 2 2 2 2 2 2 2 2 2 2 2 2
left_child=1 3 -3 4 -1 -5 -4 -8 9 10 11 -9 -10 -14
right_child=-2 2 6 5 -6 -7 7 8 12 -11 -12 -13 13 -15
leaf_value=-0.030751225823550263 -0.0034455202396054675 0.066845721271306363 -0.025623205068322007 -0.019610172400037932 0.11044313532111462 0.036730277967659403 -0.023103863134209035 0.011253025673667491 -0.0022848509775378733 -0.013907874676549527 0.060840132670643747 0.080037449570919739 0.0023913578853319889 0.064152280897899913
leaf_weight=0.44505308690713963 176.3249445768306 1.7417624311638054 4.3283479264355256 16.752645730099179 0.62500758114038035 1.5627100116107602 4.3121272561547803 46.366266612632899 46.324204183707479 8.5995389258314372 3.8264138407539567 1.776455488463397 3.5472978067118666 2.7083233697339892
leaf_count=114 20436 124 821 1422 121 224 3847 4962 1994 1598 134 169 189 112
internal_value=-0.000200132 0.00380391 0.00614764 -0.0111311 0.0517184 -0.0148031 0.00527957 0.00641831 0.00754341 0.0128308 0.0172553 0.0137912 0.00145273 0.0291303
internal_weight=319.241 142.916 123.531 19.3854 1.07006 18.3154 121.789 117.461 113.149 60.5687 51.9691 48.1427 52.5798 6.25562
internal_count=36267 15831 13950 1881 235 1646 13826 13005 9158 6863 5265 5131 2295 301
is_linear=0
shrinkage=0.03


Tree=162
num_leaves=15
num_cat=0
split_feature=2 3 11 0 13 0 0 3 14 3 3 19 5 13
split_gain=3.19416 3.03457 4.55663 2.39641 11.9573 2.26891 6.44204 8.31651 5.58591 3.50378 4.35637 2.78089 2.9745 5.37745
threshold=0.00070424744510863004 0.0021495963407025254 60.500000000000007 0.0011490318552223209 1.0000000180025095e-35 0.0029417923211847376 0.003166381865386677 0.0090135610805759346 18542.500000000004 0.02909786060416272 0.035004045775695117 0.50031594015395309 0.0072789395474655372 15.500000000000002
decision_type=2 2 2 2 2 2 2 2 2 2 2 2 2 2
left_child=-1 -2 3 4 -3 9 7 8 -7 -5 -11 12 13 -8
right_child=1 2 -4 5 -6 6 11 -9 -10 10 -12 -13 -14 -15
leaf_value=-0.030065653335777636 0.034028091165545206 0.16470007658904778 -0.024994925875808229 -0.017910139486682609 -0.030101751496648524 0.033219792080370875 0.10494091858274419 -0.030125302583176448 0.17290390640839115 0.1247233559363561 -0.030180417327791677 0.0013633009700693675 -0.031024204372209714 -0.030313184667592388
leaf_weight=3.0627813659084486 2.4425855556037268 0.45443215197883435 6.2035658547247285 9.3809875232982414 0.75433729577343911 0.46035463191219494 0.44245250179665052 0.58155209981487122 0.58517549117095768 0.35636143991723734 0.30175602744566277 286.69650561161689 4.4434414372663014 0.65798649546923116
leaf_count=3043 118 111 856 6835 445 158 95 351 89 54 240 22821 1207 176
internal_value=0.000422552 0.000720163 0.000458831 0.000976354 0.0431332 0.000808677 0.00128778 0.060816 0.1114 -0.0132159 0.0536978 0.000956353 -0.0200886 0.0240683
internal_weight=316.824 313.761 311.319 305.115 1.20877 303.907 293.867 1.62708 1.04553 10.0391 0.658117 292.24 5.54388 1.10044
internal_count=36599 33556 33438 32582 556 32026 24897 598 247 7129 294 24299 1478 271
is_linear=0
shrinkage=0.03


Tree=163
num_leaves=15
num_cat=0
split_feature=6 7 19 19 14 19 2 2 4 9 7 2 17 3
split_gain=4.93792 6.95528 4.45103 7.36128 8.27799 3.565 3.40969 5.27209 8.10379 6.17014 6.47807 3.20333 7.32874 6.4357
threshold=0.0095818081573232402 0.0018684933335958184 2.9548967154817123 3.1569913671976106 3288.5000000000005 9.5957725515189178 0.0048917473430170168 0.0080292780275500724 0.0055641086074163628 15.500000000000002 0.0095307075255696427 0.0025744228933693943 198.05000000000004 0.010257698281316086
decision_type=2 2 2 2 2 2 2 2 2 2 2 2 2 2
left_child=1 -1 -3 4 -4 11 -5 8 -8 -10 -11 12 13 -2
right_child=5 2 3 6 -6 -7 7 -9 9 10 -12 -13 -14 -15
leaf_value=0.080775553360001071 0.018356229221101264 -0.03033574096356239 -0.00045210726884293835 -0.030230520282035649 0.11482752075678102 -0.036832320532306714 -0.030683575933342096 -0.0087142516422361992 0.13410323927273057 0.080962441721401462 -0.030253083605614316 0.001448531720101261 -0.012724435478614302 0.078233432971428971
leaf_weight=0.78904222650453348 6.8661792398488597 7.5766222534002727 1.3766803362523199 5.5848513619275755 0.94573351676808659 2.1192483151680781 1.4053162562195201 38.417362670559669 0.71031840890646014 1.0384175390063317 0.86318829740048375 249.16535006312188 5.0518360800633664 2.11260146702989
leaf_count=43 2091 3175 140 3892 118 157 480 5513 99 198 507 16366 3161 466
internal_value=0.000179766 -0.00769322 -0.00889846 -0.00567208 0.0464921 0.00192186 -0.00819495 -0.00529483 0.0274055 0.0586597 0.0304788 0.00223391 0.0161811 0.0324446
internal_weight=324.023 58.7075 57.9185 50.3419 2.32241 265.315 48.0195 42.4346 4.01724 2.61192 1.90161 263.196 14.0306 8.97878
internal_count=36406 14165 14122 10947 258 22241 10689 6797 1284 804 705 22084 5718 2557
is_linear=0
shrinkage=0.03


Tree=164
num_leaves=15
num_cat=0
split_feature=3 7 11 3 6 18 18 17 9 17 9 12 9 17
split_gain=3.49222 2.82908 2.70694 3.52702 3.19353 3.12013 8.16579 6.02611 4.65591 3.70536 7.61117 3.96524 7.6206 6.40493
threshold=0.045352602047333927 0.0093503261399233671 60.500000000000007 0.0020094030536633154 0.031812932008753916 19892290.000000004 22179972.800000004 19363.000000000004 99.500000000000014 12318.950000000003 167.50000000000003 21.500000000000004 956.50000000000011 14.950000000000001
decision_type=2 2 2 2 2 2 2 2 2 2 2 2 2 2
left_child=2 -2 4 -4 5 7 -7 9 -8 11 -11 12 -1 -14
right_child=1 -3 3 -5 -6 6 8 -9 -10 10 -12 -13 13 -15
leaf_value=0.0048042442108811693 0.026183716261782449 -0.033147665706122077 0.018182768742191987 -0.027635963086749323 0.02248130323897523 0.078815672190819377 -0.033037369817004489 -0.031804125246202623 0.028103701456322325 -0.014450716369336997 0.050533490489977642 -0.00096728140678120406 -0.030367790997078255 0.06560951303180905
leaf_weight=65.912925983633613 0.86757444273098272 4.3494570506445598 2.0352626049425444 5.8816545069857966 6.6448126215254879 1.6875845455797378 1.9797410450701134 4.9514491747831917 2.5840088260883931 2.7669944704975924 3.9203197677561548 214.76773371640593 0.77393151936121185 3.2689558009151369
leaf_count=6127 99 577 111 925 176 128 593 2202 291 774 217 23403 233 446
internal_value=0.00106438 -0.0232811 0.00146483 -0.015857 0.00190826 0.00145652 0.0224309 0.00101409 0.00158089 0.00157172 0.0236451 0.00105328 0.00725649 0.0472365
internal_weight=322.392 5.21703 317.175 7.91692 309.258 302.614 6.25133 296.362 4.56375 291.411 6.68731 284.724 69.9558 4.04289
internal_count=36302 676 35626 1036 34590 34414 1012 33402 884 31200 991 30209 6806 679
is_linear=0
shrinkage=0.03


Tree=165
num_leaves=15
num_cat=0
split_feature=2 17 17 17 2 17 10 17 6 19 18 17 8 8
split_gain=2.90817 2.89047 9.28657 8.0248 8.40318 6.48006 12.662 12.0678 5.3313 4.51394 15.9394 4.67782 5.35658 4.97383
threshold=0.0014352139088228831 1.9500000000000002 3.0500000000000003 1.5500000000000003 0.0039741784445768398 5.0500000000000007 2772.5000000000005 4.3500000000000005 0.0095818081573232402 5.3831175462396574 46.850000000000001 0.95000000000000007 201.00000000000003 2.5000000000000004
decision_type=2 2 2 2 2 2 2 2 2 2 2 2 2 2
left_child=-1 3 -3 4 8 6 -4 -8 -2 -6 -11 -12 13 -13
right_child=1 2 5 -5 9 -7 7 -9 -10 10 11 12 -14 -15
leaf_value=-0.020545989837993366 -0.030203569332941747 -0.031655713225585538 -0.0064227652804512295 0.043529496754804296 -0.017304207691573502 -0.0008800809849770565 -7.6625141265661718e-05 0.075598450215304827 0.073582282768500706 0.079227820333107685 -0.023064265532187878 0.070167953807580327 0.066160204026093988 -0.031319267869549215
leaf_weight=6.1419229249004266 0.56100697538932509 8.4405603249324468 8.7944357664964645 5.0605288919759905 11.172459075867666 258.74552141773165 3.1267825167160472 4.82035103222006 2.1625798590248451 2.3566742094699284 6.3778610160516092 0.56576256011612791 1.3796969777904449 1.8750069655070545
leaf_count=5448 352 1429 988 322 1385 24797 245 207 196 28 655 20 16 415
internal_value=-0.000100783 0.000297306 -0.000659401 0.00891748 0.00229562 0.000290285 0.0183786 0.0458243 0.0522044 -0.00343322 0.00891032 -0.00733896 0.0189128 -0.00779485
internal_weight=321.581 315.439 283.928 31.5116 26.451 275.487 16.7416 7.94713 2.72359 23.7275 12.555 10.1983 3.82047 2.44077
internal_count=36503 31055 27666 3389 3067 26237 1440 452 548 2519 1134 1106 451 435
is_linear=0
shrinkage=0.03


Tree=166
num_leaves=15
num_cat=0
split_feature=10 17 17 17 17 4 8 17 2 1 6 7 2 13
split_gain=3.43931 5.93052 8.58899 17.4839 11.0942 8.20943 7.44226 9.14395 7.43749 7.20269 6.91023 4.97504 5.43718 5.2505
threshold=2245.0000000000005 0.45000000000000007 5.0500000000000007 4.3500000000000005 10.950000000000001 0.011288805068205539 38.500000000000007 1.7500000000000002 0.018079556932702665 0.045027003125412905 0.013225780879673067 0.012447582476343552 0.02316307283223425 1.0000000180025095e-35
decision_type=2 2 2 2 2 2 2 2 2 2 2 2 2 2
left_child=-1 -2 3 6 -4 11 10 8 -8 -5 -3 12 -6 -13
right_child=1 2 4 9 5 -7 7 -9 -10 -11 -12 13 -14 -15
leaf_value=-0.0016715604495005916 -0.032110535969584776 -0.030774023706000901 -0.031648635439430937 0.038027628921463788 0.011201619227344025 -0.010278124769598345 0.040031042114053547 -0.031688166147830175 -0.03167259630853031 0.10817834967831642 0.062729491021218248 0.068554076713005979 -0.01411725163354823 0.015838208045421208
leaf_weight=190.56029063038295 3.813288406294304 0.91002033159020967 8.0314686001220235 2.8594348887272636 51.730797084601363 23.251438104343833 4.7164694887178467 5.7423768663138617 1.7983375907642765 2.4424230240983889 3.2582245827070437 2.5210830959258592 8.9550052164995559 5.2238484830595553
leaf_count=24855 582 322 847 217 4573 2576 386 628 204 22 197 146 513 347
internal_value=0.00086661 0.00472815 0.0058849 0.0229766 0.00216068 0.00512242 0.00768708 -0.00408889 0.0202381 0.0703442 0.0423156 0.0103552 0.00746548 0.032998
internal_weight=315.815 125.254 121.441 21.7273 99.7136 91.6822 16.4254 12.2572 6.51481 5.30186 4.16824 68.4307 60.6858 7.74493
internal_count=36415 11560 10978 1976 9002 8155 1737 1218 590 239 519 5579 5086 493
is_linear=0
shrinkage=0.03


Tree=167
num_leaves=15
num_cat=0
split_feature=3 1 17 17 18 18 9 16 17 19 18 18 16 17
split_gain=3.1171 3.38545 3.53543 18.2036 2.49532 14.1069 13.6036 8.88184 11.9926 9.97861 8.54726 11.867 6.95818 10.0394
threshold=0.0021495963407025254 0.0053441782718864905 72100.000000000015 80286.000000000015 594.33000000000004 1338.5500000000002 435.50000000000006 4.8500000000000005 12.050000000000002 2.687824354742181 3156.860000000001 4156.3500000000013 1.9500000000000002 6.5500000000000007
decision_type=2 2 2 2 2 2 2 2 2 2 2 2 2 2
left_child=-1 2 -2 -4 12 6 7 9 -9 -6 -7 -12 13 -3
right_child=1 4 3 -5 5 10 -8 8 -10 -11 11 -13 -14 -15
leaf_value=0.032910332658702642 -0.011307522586432982 0.023084116824740354 0.33087187403284929 -0.030092402305031483 0.041406551640371103 -0.018880398385458689 -0.021715559883898554 0.079418445053605971 0.02274913023027704 -0.020552281537178235 0.029869689255600504 -0.0012510381935910981 -0.013229964610884687 -0.025727092804889804
leaf_weight=2.4556180645013219 33.554193211864913 13.386376158567147 0.16609309639898029 0.51753015015856363 4.4198302399599978 22.314039117249195 5.4063618502696036 5.7727259333478278 8.0446082097478193 4.9700446673668921 11.813211202563251 165.84400410455419 36.76632791623706 5.2914470172836436
leaf_count=127 21267 638 59 474 116 1139 235 216 243 209 300 8653 2508 357
internal_value=-0.000759982 -0.00101977 -0.0099315 0.0576075 5.4482e-05 0.00143935 0.0211414 0.0311254 0.0464249 0.00861185 -0.00137979 0.000818316 -0.00565503 0.00925585
internal_weight=320.722 318.267 34.2378 0.683623 284.029 228.585 28.6136 23.2072 13.8173 9.38987 199.971 177.657 55.4442 18.6778
internal_count=36541 36414 21800 533 14614 11111 1019 784 459 325 10092 8953 3503 995
is_linear=0
shrinkage=0.03


Tree=168
num_leaves=15
num_cat=0
split_feature=10 14 9 8 8 1 19 10 16 4 4 4 16 17
split_gain=3.65726 4.82754 4.27949 4.85284 12.5468 3.42411 2.85863 2.85377 3.98898 6.30019 2.9805 2.78848 2.61378 5.13901
threshold=303.00000000000006 18542.500000000004 5.5000000000000009 15.500000000000002 18.500000000000004 0.037485429543690933 9.5957725515189178 104.00000000000001 3.3500000000000001 0.0053418737700026845 0.0012962126755317641 0.038837001005805241 1.0000000180025095e-35 36.150000000000013
decision_type=2 2 2 2 2 2 2 2 2 2 2 2 2 2
left_child=1 7 -3 -4 -5 -6 11 8 -1 -10 -9 12 13 -2
right_child=6 2 3 4 5 -7 -8 10 9 -11 -12 -13 -14 -15
leaf_value=-0.024047073334579713 0.012837965823292406 0.096952493023584607 -0.031485450133707335 0.14002718193978134 -0.03120525868238198 0.027662733578623661 -0.034438307242730538 0.030327250779876282 0.083208719458329319 -0.014031798837754569 -0.032941481084393473 -0.031958223002307655 -0.00098360780171711333 1.0195606859459721e-06
leaf_weight=3.4179633571184302 44.861204511515098 0.47118052199948479 2.3255313669797033 0.68485642666928459 1.6864027968840676 1.8813137859106062 2.0448897623573421 0.71629709377884765 1.0184001903980973 1.4583811815246006 10.395182898995698 2.2707837623893274 169.28190342802554 74.974672141252086
leaf_count=632 3992 88 659 73 671 13 281 94 195 410 3166 532 18875 6763
internal_value=-1.36829e-05 -0.0112593 0.00961486 0.00335899 0.0224138 -0.000163229 0.000908224 -0.0199118 -0.00303931 0.0259514 -0.0288629 0.00115628 0.00141636 0.0048066
internal_weight=317.489 24.0555 7.04928 6.5781 4.25257 3.56772 293.433 17.0062 5.89474 2.47678 11.1115 291.389 289.118 119.836
internal_count=36444 6001 1504 1416 757 684 30443 4497 1237 605 3260 30162 29630 10755
is_linear=0
shrinkage=0.03


Tree=169
num_leaves=15
num_cat=0
split_feature=4 2 3 3 17 17 12 18 17 17 17 8 12 4
split_gain=3.2312 2.71159 2.65125 3.63289 2.71646 10.3119 5.75277 8.21197 4.78914 5.80315 7.49491 4.37041 4.12532 5.3712
threshold=0.00076574566998797837 0.00070424744510863004 0.0021495963407025254 0.0029841246189507837 11005.000000000002 16020.500000000002 125.50000000000001 896787.70000000007 7447.2000000000007 6130.5000000000009 4002.5000000000005 639.00000000000011 293.50000000000006 0.014631362286510661
decision_type=2 2 2 2 2 2 2 2 2 2 2 2 2 2
left_child=-1 -2 -3 -4 8 6 7 -6 9 10 -5 12 -7 -14
right_child=1 2 3 4 5 11 -8 -9 -10 -11 -12 -13 13 -15
leaf_value=0.028498601184684128 -0.030059490126612323 0.032882114253696346 -0.034068829659765723 -0.00023589871998272975 0.083559602898526833 -0.024186300030972989 0.0029550185512933055 -0.0025619799991748867 -0.028883860079277256 0.026224544768795367 -0.032321697334705315 0.037709512233786172 -0.0096707891844078613 0.10458583479708219
leaf_weight=3.5009815054363562 2.7651089794235295 2.162529735127463 2.8663252901169463 270.67240155918989 3.3618641025386777 7.8494257843121868 2.6551663641002961 1.4162611043429931 5.3832390145107629 7.2235054007032877 6.7146796159504438 1.6596043134341005 1.1372932929662054 0.54907417326467101
leaf_count=147 2976 119 350 27710 106 2174 182 268 633 303 734 331 330 47
internal_value=-0.0001642 -0.000481339 -0.000220581 -0.000450399 -0.000138168 0.0109667 0.038359 0.0580327 -0.000851524 -0.000321309 -0.0010126 -0.00722072 -0.0150404 0.0275307
internal_weight=319.917 316.416 313.651 311.489 308.623 18.6287 7.43329 4.77813 289.994 284.611 277.387 11.1954 9.53579 1.68637
internal_count=36410 36263 33287 33168 32818 3438 556 374 29380 28747 28444 2882 2551 377
is_linear=0
shrinkage=0.03


Tree=170
num_leaves=15
num_cat=0
split_feature=0 7 5 16 4 4 5 18 18 17 18 14 17 6
split_gain=3.20212 2.95856 4.38959 6.01079 2.39767 4.36535 6.45756 2.36067 7.66889 7.72476 11.7362 8.19039 7.29469 6.55999
threshold=0.0023434186054511782 0.0093503261399233671 0.010344417086656591 7.9000000000000012 0.038837001005805241 0.034767306308860393 0.0098062518009984136 1338.5500000000002 1031.0700000000004 110.7 1084.6000000000001 3288.5000000000005 10.950000000000001 0.015778607023792357
decision_type=2 2 2 2 2 2 2 2 2 2 2 2 2 2
left_child=1 2 -1 -4 5 7 -7 8 -2 10 -10 -12 13 -9
right_child=4 -3 3 -5 -6 6 -8 12 9 -11 11 -13 -14 -15
leaf_value=-0.030184149876803568 0.0021702066774061941 -0.03005434504265873 -0.030475642150898076 0.11953759048107673 -0.030809741595110563 0.0046959136809957133 0.11028314570913626 -0.026408727209757898 0.076588920725365578 0.079925026446316785 0.029817005382469154 -0.031917938602700605 0.0015979154116476579 0.011561993628357454
leaf_weight=1.0586076312465587 81.611464805901051 5.3718427686544601 0.40920699437265273 0.58269236789783463 2.0435067882353897 1.4186110283189912 0.82415482378564764 16.11646962212399 2.2788648971472849 2.1088947380776508 3.8906721791718155 3.8460894721793011 197.79864821780939 5.4898236872395492
leaf_count=748 8340 5497 179 126 532 168 115 1996 79 103 245 236 17697 252
internal_value=0.00112591 -0.0183524 0.0123041 0.0576498 0.00158136 0.00179124 0.0434963 0.00149254 0.00547764 0.0277403 0.0167523 -0.000872594 -0.000210007 -0.016761
internal_weight=324.85 7.42235 2.05051 0.991899 317.427 315.384 2.24277 313.141 93.736 12.1245 10.0156 7.73676 219.405 21.6063
internal_count=36313 6550 1053 305 29763 29231 283 28948 9003 663 560 481 19945 2248
is_linear=0
shrinkage=0.03


Tree=171
num_leaves=15
num_cat=0
split_feature=0 4 16 18 3 13 9 12 13 6 18 12 3 0
split_gain=3.12529 4.15494 11.3791 6.46522 5.08732 5.95375 6.69479 6.93455 9.63075 5.53117 4.87222 8.33829 4.86473 4.3998
threshold=0.041441439554600695 0.0017210746676364433 12.600000000000001 10982.675000000001 0.010257698281316086 107.50000000000001 16.500000000000004 20.500000000000004 1.5000000000000002 0.01246738537560607 186.89500000000004 121.50000000000001 0.0044604281194021737 0.031692327823006634
decision_type=2 2 2 2 2 2 2 2 2 2 2 2 2 2
left_child=1 2 10 -4 -3 6 7 -6 -9 -8 11 -1 -12 -11
right_child=-2 4 3 -5 5 -7 9 8 -10 13 12 -13 -14 -15
leaf_value=0.095606118763870235 0.0028072661663228003 -0.0076156946400537913 0.14640728268234846 0.029912392065746786 -0.030545004068342135 0.07634814966378671 -0.030283599645647419 0.162269142535722 0.022605588224555623 0.012619797848487805 0.070944586063439327 -0.030595305377321729 -0.021305712126780337 -0.023674996763045783
leaf_weight=1.1128441445180195 176.21299192425795 104.37492158828536 0.82465925175347343 0.89309847232652828 0.68721622356679946 1.0631032781675447 4.6352074137830668 0.76622137700906012 1.0578490003827026 16.590089701465335 0.56807012064382423 0.81718542095040891 5.4532841392210685 3.6711661182343951
leaf_count=107 2477 25784 76 139 196 137 2259 156 276 3330 60 186 1081 103
internal_value=0.000135691 -0.00316759 0.0158193 0.0858391 -0.00454954 0.00669106 0.00398918 0.0506738 0.0812728 -0.000719863 0.000692718 0.0421717 -0.0126026 0.00604349
internal_weight=318.728 142.515 9.66914 1.71776 132.846 28.4709 27.4077 2.51129 1.82407 24.8965 7.95138 1.93003 6.02135 20.2613
internal_count=36367 33890 1649 215 32241 6457 6320 628 432 5692 1434 293 1141 3433
is_linear=0
shrinkage=0.03


Tree=172
num_leaves=15
num_cat=0
split_feature=18 18 18 1 9 9 12 8 18 8 18 7 6 18
split_gain=3.11392 5.80791 4.65854 5.79173 3.5316 8.53297 3.42387 3.02214 7.21712 3.18819 5.25866 9.24786 4.84811 3.88391
threshold=3786223.6800000002 3448005.8750000005 9531990.6500000004 0.13219709089103135 4.5000000000000009 5.5000000000000009 1216.0000000000002 2.5000000000000004 2149.5250000000005 12.500000000000002 77984.10000000002 0.011919504036559916 0.036488209991456168 1959259.6800000002
decision_type=2 2 2 2 2 2 2 2 2 2 2 2 2 2
left_child=1 4 -2 6 -1 -6 -4 8 -7 10 12 -12 -9 -11
right_child=2 -3 3 -5 5 7 -8 9 -10 13 11 -13 -14 -15
leaf_value=-0.031027113360750713 -0.026035056763983655 0.053839673088735537 -0.012782536377032411 0.046535449898626992 0.082291781948695283 0.065927308628344894 0.065943233720604857 -0.031183564439425722 -0.0014657489351100588 0.0021247154952320274 -0.0053916500219376839 0.10117425028679632 0.061145624479053681 -0.031777739515132845
leaf_weight=2.9896644949330939 9.2934543427254557 1.9141199903096993 8.2544454440649098 2.1854681372642508 1.1789414777886111 2.1917331219883627 0.52906205935869444 9.0674501992471015 4.115629825508222 261.54945778031833 5.1148955895332611 0.85548549611121405 0.54246491426602084 3.0770072738232548
leaf_count=516 1531 142 1930 9 160 112 127 2997 674 25621 1686 186 13 577
internal_value=0.000966004 0.00175361 -0.0104074 0.00283318 0.00141063 0.00174772 -0.0080406 0.0014163 0.0219525 0.000954035 -0.0122341 0.00987799 -0.0259717 0.00173051
internal_weight=312.859 292.597 20.2624 10.969 290.683 287.693 8.78351 286.514 6.30736 280.207 15.5803 5.97038 9.60992 264.626
internal_count=36281 32684 3597 2066 32542 32026 2057 31866 786 31080 4882 1872 3010 26198
is_linear=0
shrinkage=0.03


Tree=173
num_leaves=15
num_cat=0
split_feature=11 17 2 15 2 12 8 14 19 9 0 8 12 17
split_gain=2.91019 2.93284 3.38402 5.41253 2.77032 2.75965 2.51159 7.06204 4.4542 4.33989 7.31788 8.16636 10.9571 5.46367
threshold=44.500000000000007 68.050000000000011 0.0054357811118971129 12303.000000000002 0.00070424744510863004 1.0000000180025095e-35 325.50000000000006 154.50000000000003 2.6063797390931955 249.50000000000003 0.006679354131450219 186.50000000000003 48.500000000000007 1.2500000000000002
decision_type=2 2 2 2 2 2 2 2 2 2 2 2 2 2
left_child=4 -2 3 -3 -1 -6 8 -8 9 13 11 -11 -13 -7
right_child=1 2 -4 -5 5 6 7 -9 -10 10 -12 12 -14 -15
leaf_value=-0.030064267127371789 -0.03134017691716575 -0.030297264470589495 -0.011228359824953056 0.10590969990428785 0.050178898618368273 0.035703665140097617 0.051834532388887918 0.0040299242614721485 0.0014257085620126471 -0.030102241109420218 -0.026488304105622012 0.14460654280804233 -0.030397955252689998 -0.0063354543227428749
leaf_weight=2.5831302756851064 5.1496677504619566 0.4575206662120761 4.6405446508142632 0.61621093435678631 1.0290767729748029 3.2492883601516978 2.9069550501881158 64.294180194148794 198.45705975327292 1.1690662619366805 17.311688662797678 0.84507190814474575 0.52019091410329565 19.363992886646884
leaf_count=2891 683 235 367 157 60 336 89 3615 23452 1148 869 120 175 2354
internal_value=0.000342779 -0.0149206 -0.000123308 0.0478715 0.000874715 0.00113323 0.000969424 0.00609783 -0.000461093 -0.00928011 -0.0195182 0.0280937 0.0779265 -0.000294879
internal_weight=322.594 10.8639 5.71428 1.07373 311.73 309.147 308.117 67.2011 240.916 42.4593 19.846 2.53433 1.36526 22.6133
internal_count=36551 1442 759 392 35109 32218 32158 3704 28454 5002 2312 1443 295 2690
is_linear=0
shrinkage=0.03


Tree=174
num_leaves=15
num_cat=0
split_feature=17 17 6 0 13 18 14 12 18 15 18 18 14 6
split_gain=3.16611 12.3007 13.4049 15.5791 8.12815 7.98043 12.085 8.13936 7.66646 6.83573 6.16823 15.3255 5.90403 5.45025
threshold=219.80000000000004 189.15000000000003 0.0065076765732179033 0.05550860274688315 4.5000000000000009 134683.29000000004 208.00000000000003 6.5000000000000009 142142.00000000003 11110.000000000002 82865.85000000002 73749.000000000015 148.50000000000003 0.0014866565664153392
decision_type=2 2 2 2 2 2 2 2 2 2 2 2 2 2
left_child=1 10 -3 4 9 6 12 -8 -7 -4 11 -1 -2 -10
right_child=5 2 3 -5 -6 8 7 -9 13 -11 -12 -13 -14 -15
leaf_value=0.002084126259730412 0.014073258195296019 0.099689005152101218 -0.031917360757181379 -0.035009711180990381 0.091560551685037267 0.058486954362930763 0.043268077435568944 -0.018586827038916211 0.063423091170962884 0.066772952594587556 -0.022856246629967276 0.092246672200431895 0.10946883519140739 0.00066279604688277251
leaf_weight=178.91443466409692 1.4291957682289642 2.2766361221147218 1.3635011529549959 3.1307199634611607 2.3100365986756515 2.2068055478739543 2.0041047848644657 42.883857175038429 1.2671053696831212 1.176826598763 8.7469318348448706 1.7129406217718486 0.98722355472273182 72.507437854394084
leaf_count=19652 230 111 132 35 136 82 198 4917 569 116 1093 118 55 8938
internal_value=0.00114643 0.00348086 0.0354776 0.017161 0.0508352 -0.00263361 -0.0123071 -0.0158252 0.00338887 0.0138017 0.00174771 0.00293916 0.0530469 0.00174073
internal_weight=322.918 199.632 10.2577 7.98108 4.85036 123.286 47.3044 44.888 75.9813 2.54033 189.374 180.627 2.41642 73.7745
internal_count=36382 21393 530 419 384 14989 5400 5115 9589 248 20863 19770 285 9507
is_linear=0
shrinkage=0.03


Tree=175
num_leaves=15
num_cat=0
split_feature=4 4 8 16 18 18 4 18 4 9 10 14 18 18
split_gain=2.57979 4.47193 4.9835 4.83914 2.63438 4.72503 3.99228 5.41202 3.84068 3.24856 4.46148 3.17578 4.37795 3.63911
threshold=0.038837001005805241 0.034767306308860393 70.500000000000014 1.1500000000000001 3786223.6800000002 3448005.8750000005 0.0070402110172252839 7852905.3750000009 0.012803986847049292 9.5000000000000018 2781.0000000000005 363.50000000000006 19892290.000000004 22179972.800000004
decision_type=2 2 2 2 2 2 2 2 2 2 2 2 2 2
left_child=1 4 3 -3 5 8 9 -8 -1 10 -6 -9 -13 -14
right_child=-2 2 -4 -5 6 -7 7 11 -10 -11 -12 12 13 -15
leaf_value=0.001997318714516077 -0.031733419051733894 0.1340470359202853 -0.0082859754508622409 0.01690207488785116 -0.030231110176890071 0.051177164877540822 -0.027188725207224557 0.050144593460079441 -0.0064953825353721165 -0.027241736959214807 0.10356185354137111 -0.03177533005841298 0.090220233808675401 0.0074772265148262441
leaf_weight=231.51272898563184 2.3081033503694917 0.70239274381310612 0.99836661395966064 0.57896898488979787 0.48135038826149212 1.6482005732250389 3.2834851326770131 2.1286287499242462 60.435143670038087 10.438846260134595 0.42006875853985548 1.6977448396792167 0.67599241103744168 1.6364662757841868
leaf_count=24313 678 98 119 134 210 138 642 277 7496 1425 11 487 53 337
internal_value=-0.000131837 9.85195e-05 0.0419642 0.0811164 -0.00020509 0.00052523 -0.0105323 0.00389962 0.000239273 -0.0225234 0.0321175 0.0205279 0.00480724 0.0316652
internal_weight=318.946 316.638 2.27973 1.28136 314.359 293.596 20.7626 9.42232 291.948 11.3403 0.901419 6.13883 4.0102 2.31246
internal_count=36418 35740 351 232 35389 31947 3442 1796 31809 1646 221 1154 877 390
is_linear=0
shrinkage=0.03


Tree=176
num_leaves=15
num_cat=0
split_feature=18 18 18 0 1 19 8 1 15 0 7 0 8 1
split_gain=2.81158 25.0925 6.65238 6.36463 11.8644 6.79512 6.0743 4.56637 4.36266 4.16213 4.08526 4.03374 5.90376 6.94945
threshold=10143.945000000002 9674.2500000000018 17687.560000000001 0.03962791570387475 0.030602335253689633 3.6686734929332685 18.500000000000004 0.093329695934087853 594.00000000000011 0.096565471544660705 0.0095403729200865626 0.0049979767481813002 325.50000000000006 0.056728102862684031
decision_type=2 2 2 2 2 2 2 2 2 2 2 2 2 2
left_child=1 9 6 5 -5 -4 -2 10 -7 -1 -6 12 13 -10
right_child=2 -3 3 4 7 8 -8 -9 11 -11 -12 -13 -14 -15
leaf_value=0.0028706737744474127 0.012760031802653055 0.15656082040246741 0.012480686452651208 0.02846186023334139 0.0054068021263239006 0.010753058847346295 -0.031547512009764606 0.015869669568033401 -0.018686146608347134 -0.019890322220312784 -0.010850776965035974 -0.023372574985051894 0.051349196067399516 0.2058746616533299
leaf_weight=160.47526691679377 3.6148105472675516 0.94877423468278621 10.455110647279069 15.009577137883751 23.040688661858439 5.3118622915353617 12.126932226499774 12.068586539477108 5.2190577476285389 7.5717801889404646 35.105656711850315 28.687597719021142 1.6645693102618677 0.12704869615845371
leaf_count=18060 553 143 2241 191 272 826 1285 98 4225 121 506 7661 156 25
internal_value=4.89853e-05 0.00271372 -0.00290532 -0.000778502 0.00425204 -0.00910888 -0.0213731 -0.000923204 -0.0146129 0.00184512 -0.00440866 -0.0183874 0.00201212 -0.0133495
internal_weight=321.427 168.996 152.431 136.69 85.2245 51.4652 15.7417 70.2149 41.0101 168.047 58.1463 35.6983 7.01068 5.34611
internal_count=36363 18324 18039 16201 1067 15134 1838 876 12893 18181 778 12067 4406 4250
is_linear=0
shrinkage=0.03


Tree=177
num_leaves=15
num_cat=0
split_feature=17 17 17 1 8 10 17 14 19 2 17 19 8 0
split_gain=3.47065 8.19419 7.85563 6.67684 5.13138 6.34554 5.52785 4.77316 8.15827 6.47137 8.15289 4.87507 8.12676 3.60015
threshold=1.9500000000000002 3.0500000000000003 1.5500000000000003 0.043896090289973148 2.5000000000000004 1134.5000000000002 1.3500000000000003 3490.0000000000005 5.8996231932381145 0.0044535661402329276 1.2500000000000002 5.3831175462396574 34.500000000000007 0.041441439554600695
decision_type=2 2 2 2 2 2 2 2 2 2 2 2 2 2
left_child=2 -2 3 4 -1 -6 7 9 11 -7 -11 12 -9 -4
right_child=1 -3 13 -5 5 6 -8 8 -10 10 -12 -13 -14 -15
leaf_value=0.064220568200604775 -0.031608908073511854 -0.00087798296832026536 0.0045898144447874658 -0.022543525558464308 -0.03057583357325748 0.063961594345552125 -0.03440046960116748 0.10316024838238254 -0.031819315385661628 -0.021098732779174213 0.07295274584773101 0.087804138146166971 -0.012140344682779801 0.057960330106787417
leaf_weight=1.5024279126664684 8.0327591219684091 280.37404374597827 1.6352192100312084 7.3039713006583034 3.391570614505329 1.412457533500852 1.82605330151273 0.8424774300947323 1.1181806535751091 5.49877573561389 0.97687838337151323 2.456922510988079 1.5856770070968194 3.7374152999836951
leaf_count=111 1594 30648 347 196 1626 207 164 72 180 925 27 58 301 26
internal_value=-0.000675271 -0.00173391 0.00849672 0.00210321 0.0108372 0.00663993 0.0146705 0.021121 0.0412789 0.00577981 -0.00691069 0.0580109 0.0278646 0.0417164
internal_weight=321.695 288.407 33.288 27.9154 20.6114 19.109 15.7174 13.8914 6.00326 7.88811 6.47565 4.88508 2.42815 5.37263
internal_count=36482 32242 4240 3867 3671 3560 1934 1770 611 1159 952 431 373 373
is_linear=0
shrinkage=0.03


Tree=178
num_leaves=15
num_cat=0
split_feature=17 17 15 12 8 0 17 4 4 15 13 15 11 6
split_gain=3.9547 4.21284 4.09206 3.1736 3.02171 5.09039 5.93355 2.9575 4.41704 2.80017 3.16476 3.72875 2.58856 2.38795
threshold=15213.500000000002 14048.000000000002 12303.000000000002 1.0000000180025095e-35 2.5000000000000004 0.054617363836358193 1.5500000000000003 0.036629592102248788 0.034767306308860393 286.50000000000006 9.5000000000000018 11120.500000000002 50.500000000000007 0.0014656432242510348
decision_type=2 2 2 2 2 2 2 2 2 2 2 2 2 2
left_child=1 3 -3 -1 5 6 -5 8 12 -8 -11 -12 -6 -2
right_child=13 2 -4 4 7 -7 9 -9 -10 10 11 -13 -14 -15
leaf_value=0.05428682814142103 0.064573585517419013 -0.00014863134666916552 0.095521213185865345 0.056835673985397871 5.7578334602920434e-05 0.059969941821670231 0.046078404838584656 -0.03152916508390767 0.054826740247276254 -0.030291560815951298 -0.03034166920715645 0.06026779521303665 -0.01715481772799993 -0.018833168317312177
leaf_weight=0.97514665304333803 0.31698099078494024 0.78483170820982084 0.82572048541624099 1.6200893894419985 282.27205744068488 1.9419680088758466 0.76575750979827706 2.7327666472119736 1.3082253847678647 3.790923259104602 0.74354121880605795 0.90780267096124589 8.0888856815872696 12.168917677015996
leaf_count=53 245 119 86 114 29101 8 71 736 153 834 157 109 1050 3687
internal_value=-0.000165457 0.000508185 0.0489007 0.000252771 7.9543e-05 0.0164934 0.00570786 -0.000465169 -0.000174118 -0.00763481 -0.0151926 0.0194696 -0.000421925 -0.0167157
internal_weight=319.244 306.758 1.61055 305.147 304.172 9.77008 7.82811 294.402 291.669 6.20802 5.44227 1.65134 290.361 12.4859
internal_count=36523 32591 205 32386 32333 1293 1285 31040 30304 1171 1100 266 30151 3932
is_linear=0
shrinkage=0.03


Tree=179
num_leaves=15
num_cat=0
split_feature=19 6 14 4 13 13 5 19 14 17 14 17 3 12
split_gain=3.34697 2.79257 3.56996 2.29482 2.172 4.22873 6.60381 2.47026 4.61439 2.4861 6.19909 4.99583 2.61437 2.24514
threshold=9.5957725515189178 0.031812932008753916 99.500000000000014 0.037572065501796426 175.00000000000003 110.50000000000001 0.002044451395271932 0.89587973461402781 120.50000000000001 0.25000000000000006 3490.0000000000005 0.75000000000000011 0.0021495963407025254 1.0000000180025095e-35
decision_type=2 2 2 2 2 2 2 2 2 2 2 2 2 2
left_child=1 2 -1 4 5 6 -4 8 -8 10 -9 -11 -13 -14
right_child=-2 -3 3 -5 -6 -7 7 9 -10 11 -12 12 13 -15
leaf_value=-0.030738907363747688 -0.034979593052712067 0.01852207627268727 0.076548240175485782 -0.030670575648739175 0.040105071385603978 -0.026719494592951122 0.07441379551742118 -0.031263564854676545 -0.020829630801892714 -0.027032110146526404 0.043418992536270615 0.034255601303867934 0.041998983036966399 -0.00041756465882865232
leaf_weight=3.6859906928730188 2.6278535996971177 6.4708609540248281 0.99858350047725153 2.3334383004985275 1.1635037950472895 5.628975084720877 0.48275500885210831 1.4237831487262145 8.8605438543308974 6.2894632353854822 3.3631371995143127 1.9919903166010033 1.1278157982160326 268.0986505242472
leaf_count=1616 440 195 45 737 85 743 4 354 2505 1086 171 96 48 28376
internal_value=-0.00126445 -0.000980405 -0.00139356 -0.00103511 -0.000804163 -0.000963746 -0.000468325 -0.000732033 -0.0159085 -0.000229726 0.021206 -0.000599486 1.34778e-05 -0.000239878
internal_weight=314.547 311.919 305.449 301.763 299.429 298.266 292.637 291.638 9.3433 282.295 4.78692 277.508 271.218 269.226
internal_count=36501 36061 35866 34250 33513 33428 32685 32640 2509 30131 525 29606 28520 28424
is_linear=0
shrinkage=0.03


Tree=180
num_leaves=15
num_cat=0
split_feature=5 4 7 15 4 3 8 8 18 12 2 1 4 18
split_gain=3.72844 2.7094 2.47661 5.24303 5.00063 3.22835 5.0615 8.04844 11.3781 4.36985 4.45347 10.0501 4.41574 6.5337
threshold=0.0012747217678414715 0.037572065501796426 0.002664275982113351 158.50000000000003 0.016146971918723583 0.0092867480579205373 113.50000000000001 104.50000000000001 10143.945000000002 1219.0000000000002 0.016303011653234899 0.0090135610805759346 0.0063029071547923759 113.92500000000001
decision_type=2 2 2 2 2 2 2 2 2 2 2 2 2 2
left_child=-1 2 -2 4 -4 -5 7 9 -9 12 11 -11 13 -7
right_child=1 -3 3 5 -6 6 -8 8 -10 10 -12 -13 -14 -15
leaf_value=0.060366115021881536 0.020978790576136361 -0.031465159679789807 -0.033348989910864657 -0.0035064445676296734 0.017583242428943265 0.052712129784490788 -0.0030075777239843031 0.12964631565488427 -0.030623926751368904 -0.030104173984083167 0.015119320004138841 0.1756238037055623 -0.0028010804007099167 0.0084689787213649802
leaf_weight=0.88979419687529926 4.598201254149898 2.6277972883835892 8.0122545141493884 152.14068642482744 2.2144324879045589 3.3032608106441321 69.45231349178357 1.1119880849146273 0.62146990752080444 0.34161967647378277 1.5563552651728967 0.57078145811101422 31.939636626164429 33.16629660865874
leaf_count=59 165 784 858 17708 180 489 4540 144 163 278 151 30 6405 4487
internal_value=-0.000956534 -0.00113161 -0.000873675 -0.00120374 -0.0223204 -0.000469714 0.00278242 0.00832051 0.0721871 0.00675853 0.0459704 0.0985955 0.00534345 0.0124763
internal_weight=312.547 311.657 309.029 304.431 10.2267 294.204 142.064 72.6114 1.73346 70.878 2.46876 0.912401 68.4092 36.4696
internal_count=36441 36382 35598 35433 1038 34395 16687 12147 307 11840 459 308 11381 4976
is_linear=0
shrinkage=0.03


Tree=181
num_leaves=15
num_cat=0
split_feature=7 15 9 0 19 9 18 0 15 12 19 15 15 12
split_gain=2.70483 5.17708 4.49459 4.39802 5.20564 7.88542 3.78271 4.71845 3.32669 7.4577 3.93628 3.2948 4.85555 7.99674
threshold=0.0076856582357959754 189.00000000000003 35.500000000000007 0.0024697265718505237 0.61482027553725704 291.50000000000006 2510.0500000000006 0.0059219353287570447 317.00000000000006 92.500000000000014 2.0856528016791152 758.00000000000011 921.00000000000011 15.500000000000002
decision_type=2 2 2 2 2 2 2 2 2 2 2 2 2 2
left_child=2 -2 -1 4 5 -3 -4 -8 9 10 -5 -10 13 -13
right_child=1 3 6 8 -6 -7 7 -9 11 -11 -12 12 -14 -15
leaf_value=-0.03246649150222046 -0.027188026016960111 -0.030019640617618616 -0.0057526407703583204 0.051977123465737629 -0.030052938311426525 0.36754351265029944 0.064844346063216929 0.015612237736642883 -0.018265666188935246 0.088904256015524319 -0.02104325422860703 -0.032160209187998841 -0.00056534855600900243 0.04528355699485459
leaf_weight=1.7963510183617462 6.7871883550833436 0.1109530566027378 4.0448323938180684 0.95872697411687058 6.1823874330148101 0.075423659669468179 2.4306652125087549 6.2754037546692416 9.1317075629776792 1.2175527276704086 2.1643516186741181 1.6008874317049038 267.23261313798139 4.7920794253004715
leaf_count=176 907 199 266 51 6634 40 195 158 843 95 238 159 26159 340
internal_value=-0.000672699 -0.0012848 0.0119609 -0.000685715 -0.0253437 0.130868 0.0182199 0.0293575 -0.00013872 0.0259254 0.00137264 -0.000538832 5.27654e-05 0.0258906
internal_weight=314.801 300.254 14.5473 293.467 6.36876 0.186377 12.7509 8.70607 287.098 4.34063 3.12308 282.757 273.626 6.39297
internal_count=36460 35665 795 34758 6873 239 619 353 27885 384 289 27501 26658 499
is_linear=0
shrinkage=0.03


Tree=182
num_leaves=15
num_cat=0
split_feature=6 0 19 0 17 10 18 18 4 0 3 3 6 19
split_gain=2.4964 5.6764 4.37177 4.02016 5.75005 4.33201 4.20225 4.11229 3.38071 3.45647 7.51905 3.25769 2.98965 3.33039
threshold=0.0079015944006199986 0.027721309448672224 10.697451250521205 0.054617363836358193 189.15000000000003 553.50000000000011 17687.560000000001 896.11000000000013 0.00076574566998797837 0.0011210377644294688 0.0095075652714530171 0.0097289741559167531 0.0026800978628333666 6.1205170784583478
decision_type=2 2 2 2 2 2 2 2 2 2 2 2 2 2
left_child=1 2 8 5 11 -3 7 -7 -1 10 -10 -5 13 -11
right_child=-2 3 -4 4 -6 6 -8 -9 9 12 -12 -13 -14 -15
leaf_value=0.093433673928007832 0.0014579546700460497 0.046769168566928421 0.12447028758086225 -0.028308898091505566 0.017245190963376639 0.021140054580127701 0.025796785022723027 -0.031023525808587343 -0.030044928843227008 -0.022176434400281827 0.31778828708094853 0.0015885374025424405 -0.028283325555505799 0.021543516882244134
leaf_weight=0.24012079843669809 257.33761491588666 2.9669225381221613 0.19412358533008855 8.7366213712375629 6.4003591493237755 2.1708873664028925 5.0858474224805832 3.6421258293557912 0.15913198149064811 3.751014949782987 0.086246727732941508 5.2518148724921039 15.189818695624124 2.6945897838158999
leaf_count=46 22528 49 177 301 120 104 131 186 193 2486 96 167 8642 1213
internal_value=0.000203608 -0.00550247 -0.0172765 0.00216771 -0.00630768 0.0146303 0.00588131 -0.0115429 -0.0185204 -0.019749 0.0922129 -0.0170842 -0.0210189 -0.00389928
internal_weight=313.907 56.5696 22.315 34.2546 20.3888 13.8658 10.8989 5.81301 22.1209 21.8808 0.245379 13.9884 21.6354 6.4456
internal_count=36439 13911 12853 1058 588 470 421 290 12676 12630 289 468 12341 3699
is_linear=0
shrinkage=0.03


Tree=183
num_leaves=15
num_cat=0
split_feature=11 11 15 18 9 8 18 18 14 8 3 17 18 18
split_gain=2.70208 2.98355 9.53123 4.89961 5.49024 5.76294 4.4027 4.50798 4.75538 4.07061 4.1761 3.98043 3.81497 6.57038
threshold=50.500000000000007 6.5000000000000009 66.500000000000014 46.850000000000001 422.50000000000006 480.00000000000006 166.81999999999996 1338.5500000000002 154.50000000000003 152.50000000000003 0.0056828726175592323 16.250000000000004 43.220000000000006 88.099999999999994
decision_type=2 2 2 2 2 2 2 2 2 2 2 2 2 2
left_child=1 12 -3 4 -4 -6 -5 9 -9 10 -8 -11 -1 -14
right_child=-2 2 3 6 5 -7 7 8 -10 11 -12 -13 13 -15
leaf_value=-0.018007323176136972 -0.016580927015993636 0.089282546727885062 -0.0019986910842427329 -0.031772092424702365 0.10042094293572142 0.021616127457093719 0.032850451783611123 0.039934696141274637 -0.0036594798259481556 0.052933995659690626 -0.023220863770050171 0.0088639948137371419 0.025647903693802751 -0.0018656274191411358
leaf_weight=12.347261672024613 9.3380551014852227 1.1969587337516703 2.7990715457708566 3.4301764558767891 1.4369198248023169 1.9943764501367693 1.9415830563520993 2.3811987259541629 41.510016030777479 4.1195023508626036 3.1107971455785446 3.3400773054454476 8.1004580752633029 219.06722581539361
leaf_count=2608 1233 49 492 541 72 190 207 374 4658 114 589 207 983 24085
internal_value=-0.000683343 -0.000199431 0.00538351 0.00386341 0.0291818 0.0546171 0.00122704 0.0032339 -0.0012944 0.0191189 -0.00167317 0.0332014 -0.00176723 -0.000884536
internal_weight=316.114 306.776 67.2607 66.0637 6.23037 3.4313 59.8334 56.4032 43.8912 12.512 5.05238 7.45958 239.515 227.168
internal_count=36402 35169 7493 7444 754 262 6690 6149 5032 1117 796 321 27676 25068
is_linear=0
shrinkage=0.03


Tree=184
num_leaves=15
num_cat=0
split_feature=3 3 3 11 15 12 19 17 17 0 16 10 17 13
split_gain=2.90346 6.64669 9.82571 3.92713 3.33455 4.92587 3.54513 4.43655 12.0197 8.561 14.2819 10.8036 6.90633 6.64695
threshold=0.036688608885933088 0.0277596658635729 0.030571630837728517 15.500000000000002 11065.500000000002 3.5000000000000004 7.2679440397878237 57.20000000000001 27.550000000000004 0.0056636166155663728 7.9000000000000012 579.50000000000011 104.05000000000001 132.50000000000003
decision_type=2 2 2 2 2 2 2 2 2 2 2 2 2 2
left_child=1 4 -3 -4 5 -1 7 8 -7 10 11 -10 -9 -14
right_child=-2 2 3 -5 -6 6 -8 12 9 -11 -12 -13 13 -15
leaf_value=-0.032817428916523582 -0.017471635359057523 0.10193047181368832 0.039229096377898502 -0.031659145288557518 -0.0016421376193205145 0.0050807492402346289 -0.0085224011109585763 -0.02342455189933831 0.17157824989929835 0.027896282956722064 0.21659197307177791 -0.0048772191762280646 0.0042452085616856644 0.069366439807524452
leaf_weight=3.0840773726522448 7.3946547843224826 1.4574919333681453 1.5015436520043297 1.3231131618376819 178.21496786347416 35.90074565372197 14.323804435029158 8.2786769464728405 0.43464226223295499 11.16301689611282 0.60668911293032568 1.1092154974176081 55.515800428023795 1.4474298463610455
leaf_count=264 1116 92 142 191 21485 4084 1491 792 59 410 188 289 5863 94
internal_value=0.00110947 0.00154654 0.0386671 0.00602394 0.00103391 0.00465061 0.00554791 0.00730876 0.0141093 0.0384552 0.0932643 0.0448003 0.00217889 0.00589993
internal_weight=321.756 314.361 4.28215 2.82466 310.079 131.864 128.78 114.456 49.2143 13.3136 2.15055 1.54386 65.2419 56.9632
internal_count=36560 35444 425 333 35019 13534 13270 11779 5030 946 536 348 6749 5957
is_linear=0
shrinkage=0.03


Tree=185
num_leaves=15
num_cat=0
split_feature=19 3 15 6 9 4 3 10 10 15 1 6 2 2
split_gain=2.7803 2.5655 6.85078 4.1265 4.0628 4.48601 3.70678 3.82757 5.00368 5.97708 4.87713 5.12557 4.68326 5.4479
threshold=9.8893099122407015 0.0083400307807972758 317.00000000000006 0.0058224287118868413 413.50000000000006 0.0059219353287570447 0.0092867480579205373 967.00000000000011 1260.0000000000002 625.00000000000011 0.077431659600152816 0.026559410531542659 0.0014352139088228831 0.0093763562153906192
decision_type=2 2 2 2 2 2 2 2 2 2 2 2 2 2
left_child=1 2 4 -4 5 -1 -3 10 -9 -10 11 12 -8 -14
right_child=-2 6 3 -5 -6 -7 7 8 9 -11 -12 -13 13 -15
leaf_value=-0.019847439911540796 -0.036077957635903726 -0.0081359547437939266 -0.017843687321913101 0.0038046776512786293 0.069354182506228768 0.043315808379384826 -0.030064263985733513 -0.01639858584679316 -0.02000661767990531 0.0032009525741352484 -0.021904954007725578 0.091117698258826277 0.027799556024228202 0.0033369630377729537
leaf_weight=1.7140751768893085 1.9751560650474846 65.32420948689105 8.8112560792651475 78.745083777583204 2.0080859896261245 2.4706417809065897 2.4429466631554524 19.295135559455957 11.369750071404267 82.177119881816907 4.3597060209140173 0.71595128168701094 13.473458049586041 20.907888501562411
leaf_count=127 351 7705 2810 7356 75 168 2573 1381 924 7578 73 79 2893 2302
internal_value=-0.000596329 -0.000373007 0.00378288 0.00162609 0.0342764 0.0174439 -0.00214343 0.000386309 -0.00248877 0.000380289 0.00812928 0.0116173 0.0100716 0.0129234
internal_weight=315.79 313.815 93.7491 87.5563 6.1928 4.18472 220.066 154.742 112.842 93.5469 41.9 37.5402 36.8243 34.3813
internal_count=36395 36044 10536 10166 370 295 25508 17803 9883 8502 7920 7847 7768 5195
is_linear=0
shrinkage=0.03


Tree=186
num_leaves=15
num_cat=0
split_feature=3 3 6 9 0 16 17 17 12 4 15 3 15 12
split_gain=2.5882 4.17395 3.3651 3.25797 6.67217 5.60347 3.01468 7.99483 3.42881 5.97515 3.15381 7.94151 5.7979 6.74182
threshold=0.0051214207522026454 0.0068013664151115446 0.0058224287118868413 350.50000000000006 0.031692327823006634 7.9000000000000012 15213.500000000002 14048.000000000002 293.50000000000006 0.016146971918723583 758.00000000000011 0.0079082750769299253 921.00000000000011 15.500000000000002
decision_type=2 2 2 2 2 2 2 2 2 2 2 2 2 2
left_child=-1 2 -2 4 -4 -5 7 10 -8 -10 11 -3 13 -12
right_child=1 6 3 5 -6 -7 8 -9 9 -11 12 -13 -14 -15
leaf_value=-0.01194443118256939 -0.030560977934001674 0.034484191093423759 -0.030979404266016686 0.011248777042064699 0.023423318888425498 0.062278041154306629 -0.022850333110537926 0.055900512718159691 -0.012565114729100831 0.10594629123876184 -0.032134560382603365 -0.015119639653959909 0.00028061374364775322 0.049234415049715922
leaf_weight=15.526772100187371 1.3903758583765036 3.2760157758311861 2.9983530073077436 4.7781342689704598 6.2753938483074307 3.2567206266685389 9.4145895722176629 2.3108936374483156 1.3245513670699427 0.53857259760843579 1.1685716490319453 25.634579681500327 233.77108354435768 4.247392149787629
leaf_count=1812 525 181 885 221 76 156 2940 198 482 36 146 2516 25808 335
internal_value=-8.06804e-07 0.000616554 0.0143421 0.0179491 0.00583403 0.0319322 -0.000294579 0.000339231 -0.0154916 0.0216929 -0.000139685 -0.00949876 0.000991549 0.0316779
internal_weight=315.912 300.385 18.699 17.3086 9.27375 8.03485 281.686 270.409 11.2777 1.86312 268.098 28.9106 239.187 5.41596
internal_count=36317 34505 1863 1338 961 377 32642 29184 3458 518 28986 2697 26289 481
is_linear=0
shrinkage=0.03


Tree=187
num_leaves=15
num_cat=0
split_feature=16 17 8 17 6 8 4 12 9 4 17 17 17 4
split_gain=4.17746 3.55168 8.58958 5.56917 2.98586 6.83667 2.96141 4.08668 4.28103 3.96104 2.75969 5.55607 3.61193 3.23215
threshold=8.2500000000000018 40.100000000000009 338.00000000000006 35.050000000000004 0.006657717319657786 108.50000000000001 0.0012962126755317641 206.50000000000003 159.50000000000003 0.0014503221599221443 15213.500000000002 11005.000000000002 7447.2000000000007 0.011917762104268583
decision_type=2 2 2 2 2 2 2 2 2 2 2 2 2 2
left_child=6 2 3 4 5 -2 7 -1 -9 -8 11 12 13 -11
right_child=1 -3 -4 -5 -6 -7 9 8 -10 10 -12 -13 -14 -15
leaf_value=-0.030184229279382278 -0.031160093088820204 -0.02770885435341372 0.1008252554211559 0.086313701044154784 -0.026146239504993118 0.091721652394743738 0.053928706974623417 0.029858712642706162 -0.02415357469339818 0.0025280627781170636 -0.016945360919379687 0.025598488654743054 -0.027214359991353951 -0.005054720875688189
leaf_weight=6.6944156471872684 0.99661853912402854 9.3370814549271 0.68543863971717733 0.50915620088926505 5.9492896764131729 0.68933078792179003 1.2487659926991899 2.8747142306237947 2.4431261694990098 198.46728323149728 8.0400779140618379 7.9520171930780625 4.2707473014015696 67.899779383005807
leaf_count=624 467 2928 76 64 1295 111 90 152 106 18982 2553 453 578 7910
internal_value=-0.000840489 -0.0148095 -0.00116911 -0.00975303 -0.0161592 0.0190823 5.73161e-06 -0.0145885 0.00504435 0.000614702 0.000382428 0.000882506 0.000156289 0.000595131
internal_weight=318.058 18.1669 8.82983 8.1444 7.63524 1.68595 299.891 12.0123 5.31784 287.879 286.63 278.59 270.638 266.367
internal_count=36389 4941 2013 1937 1873 578 31448 882 258 30566 30476 27923 27470 26892
is_linear=0
shrinkage=0.03


Tree=188
num_leaves=15
num_cat=0
split_feature=10 5 3 3 15 11 13 15 16 13 18 15 10 9
split_gain=3.46721 5.42108 3.22534 3.12881 5.40929 4.03655 4.53851 4.17524 6.56186 6.88913 4.79591 6.92337 4.18016 6.13148
threshold=220.50000000000003 0.033242278286868494 0.029816542703422159 0.0079082750769299253 85.500000000000014 77.500000000000014 64.500000000000014 11110.000000000002 1.8500000000000003 2.5000000000000004 54701.705000000009 5769.0000000000009 1258.5000000000002 204.50000000000003
decision_type=2 2 2 2 2 2 2 2 2 2 2 2 2 2
left_child=1 2 -1 4 -2 6 7 8 9 10 11 -6 13 -9
right_child=3 -3 -4 -5 5 -7 -8 12 -10 -11 -12 -13 -14 -15
leaf_value=-0.018063621124464652 0.058450162801742589 0.083182181637131383 0.046749695757158184 -0.00027446557562489188 -0.031510670756360097 0.043366623373295873 -0.031644333472735882 -0.016348946750788747 0.0018488286515068494 0.010416379489690337 0.086450865611775854 0.071509326582654145 -0.012030844008068111 0.034714770332963323
leaf_weight=16.44467169535347 1.8155300155631255 0.51780496892752026 0.721329102962044 244.08880831113493 1.0222837178153006 2.4654494714632156 3.0158531081106039 3.5759281104255951 15.269340463099068 5.9270857146912022 2.6007690661936067 1.3791841169586403 15.576862883492138 5.1848642334080068
leaf_count=4214 48 126 191 26014 129 127 388 803 1618 531 151 137 1566 388
internal_value=0.000455864 -0.0124553 -0.0153401 0.00121208 0.00748614 0.0058344 0.00410648 0.00623998 0.0145511 0.0322974 0.058224 0.0276546 -0.00270667 0.0138719
internal_weight=319.606 17.6838 17.166 301.922 57.8332 56.0176 53.5522 50.5363 26.1987 10.9293 5.00224 2.40147 24.3377 8.76079
internal_count=36431 4531 4405 31900 5886 5838 5711 5323 2566 948 417 266 2757 1191
is_linear=0
shrinkage=0.03


Tree=189
num_leaves=15
num_cat=0
split_feature=6 9 8 8 7 19 8 6 17 0 9 19 19 11
split_gain=2.60119 5.65185 6.17064 6.85679 5.31669 8.98045 4.78267 5.35988 7.40597 5.9955 5.68708 8.09714 4.32455 3.95999
threshold=0.0095818081573232402 15.500000000000002 19.500000000000004 166.50000000000003 0.010722746510386514 6.4314115648226897 155.50000000000003 0.0010779185360325924 383.60000000000008 0.009252105139139051 226.50000000000003 6.0724681651605019 4.8465452713969457 1.5000000000000002
decision_type=2 2 2 2 2 2 2 2 2 2 2 2 2 2
left_child=1 4 -3 6 -1 -6 7 8 -4 -9 13 -12 -10 -11
right_child=-2 2 3 -5 5 -7 -8 9 12 10 11 -13 -14 -15
leaf_value=0.0095976469042105168 0.0016360449260646285 -0.031557930821089833 0.0052589297955601428 -0.019743429851711698 0.15567223443815234 -0.030234146866132836 0.068392521043279614 -0.030057919129161042 0.25868374766681335 0.016866032480697086 0.051247520167189774 -0.0079094385146551375 0.077385019189187276 -0.018112693580168163
leaf_weight=4.0530957631999618 256.5854862134147 8.5991279615845979 0.76531417967635806 15.651991300837834 0.63086910973652244 0.37161098138312809 1.0311661093146529 4.9466401146783054 0.20758757993462496 4.4596331575885442 4.8148833706509304 3.6693557992111892 0.27564276446355507 8.3988330329302681
leaf_count=1181 22185 3680 329 1950 138 150 204 5721 113 130 134 123 109 320
internal_value=0.00034019 -0.00540483 -0.0083052 -0.00378353 0.024898 0.0867583 0.00496034 0.0025851 0.0633176 -0.000299231 0.006598 0.0256627 0.155268 -0.00598121
internal_weight=314.461 57.8758 52.8202 44.221 5.05558 1.00248 28.5691 27.5379 1.24854 26.2893 21.3427 8.48424 0.48323 12.8585
internal_count=36467 14282 12813 9133 1469 288 7183 6979 551 6428 707 257 222 450
is_linear=0
shrinkage=0.03


Tree=190
num_leaves=15
num_cat=0
split_feature=17 17 9 10 17 17 10 12 17 17 8 10 9 14
split_gain=6.33176 10.2845 16.5245 10.7666 7.70413 6.40558 7.14601 6.62212 5.08448 7.25115 5.53973 4.61625 4.67786 5.49385
threshold=4.0500000000000007 5.0500000000000007 106.50000000000001 2538.0000000000005 4.7500000000000009 10.050000000000002 586.50000000000011 323.00000000000006 1.7500000000000002 1.5500000000000003 2.5000000000000004 1510.5000000000002 435.50000000000006 522.00000000000011
decision_type=2 2 2 2 2 2 2 2 2 2 2 2 2 2
left_child=8 2 -2 4 -4 6 7 -3 9 10 -1 -12 13 -13
right_child=1 5 3 -5 -6 -7 -8 -9 -10 -11 11 12 -14 -15
leaf_value=0.042407223784789914 -0.032120821264879598 0.0038139050212469571 0.055745874108367614 0.080138634926415139 -0.031685999308193838 0.0033482305305912235 -0.024996181062857236 0.111320613909782 -0.022359165941579467 0.038812842304582838 -0.031966657012144142 0.02541966602966542 0.018118494064548539 -0.025473832822734896
leaf_weight=1.9014599015936315 2.8068812086421522 3.051672570523809 1.8251186187262629 5.015051989845233 1.8031732835515868 241.62843260046793 14.122627414995803 0.62052056446555059 16.079497578233713 3.5514307247067327 6.6869699728558798 2.446097681240647 6.2568482065398703 8.6931128843571042
leaf_count=110 374 530 88 165 228 26662 1758 67 2421 188 1932 319 381 1100
internal_value=0.00155572 0.00329703 0.0311214 0.051659 0.0122943 0.00206894 -0.015302 0.0219802 -0.00878455 -0.00139446 -0.00688979 -0.010782 -0.00263872 -0.014298
internal_weight=316.489 270.873 11.4502 8.64334 3.62829 259.423 17.7948 3.67219 45.6154 29.5359 25.9845 24.083 17.3961 11.1392
internal_count=36323 29872 855 481 316 29017 2355 597 6451 4030 3842 3732 1800 1419
is_linear=0
shrinkage=0.03


Tree=191
num_leaves=15
num_cat=0
split_feature=3 12 16 4 4 5 0 15 15 2 17 17 1 12
split_gain=3.56191 3.1283 3.50202 2.75032 4.25589 2.66258 2.60155 5.74607 4.0799 5.36993 3.83758 14.3391 3.47762 6.54453
threshold=0.036688608885933088 204.50000000000003 4.1000000000000005 0.036629592102248788 0.034767306308860393 0.0012747217678414715 0.0079511938875498345 131.00000000000003 8440.5000000000018 0.05383664385226801 72100.000000000015 80286.000000000015 0.019890913707232168 250.50000000000003
decision_type=2 2 2 2 2 2 2 2 2 2 2 2 2 2
left_child=3 -2 -3 4 5 -1 8 -8 -7 10 -10 -12 13 -9
right_child=1 2 -4 -5 -6 6 7 12 9 -11 11 -13 -14 -15
leaf_value=0.048045813833578137 -0.032551765819450754 -0.032617348488230447 0.053633961907376355 -0.031409659494820046 0.05375594536493964 0.0016920452109825954 -0.024151871606206059 0.0024301682004126478 -0.021011183139322095 0.15741261230065284 0.26226002003105731 -0.030087477640299249 -0.00064699616065424744 0.027196449690624347
leaf_weight=1.0129889116506081 5.6050023422867516 0.78631012202822581 0.91864954106858931 2.5754989134438793 1.3062990127073124 20.950100260495674 8.2793943306314741 44.292483245109906 19.733288994611947 0.15749429445713659 0.20497877680463616 0.57335271156625822 195.59133244940313 12.261094451270763
leaf_count=52 814 123 146 832 163 7791 357 4727 16190 9 49 459 3715 1078
internal_value=-0.00103141 -0.0217278 0.0138557 -0.000538513 -0.000277283 -0.000510189 -0.000673035 0.00044 -0.00763764 -0.0170942 -0.0184341 0.0469042 0.0012475 0.00779962
internal_weight=314.248 7.30996 1.70496 306.938 304.363 303.057 302.044 260.424 41.6192 20.6691 20.5116 0.778331 252.145 56.5536
internal_count=36505 1083 269 35422 34590 34427 34375 9877 24498 16707 16698 508 9520 5805
is_linear=0
shrinkage=0.03


Tree=192
num_leaves=15
num_cat=0
split_feature=0 1 4 18 18 14 18 18 0 4 16 12 19 17
split_gain=2.18533 5.45139 5.43387 6.5482 5.55873 4.77902 6.07929 18.7184 14.2667 7.68658 9.09011 9.73172 7.50669 5.33384
threshold=0.047449236363436571 0.025977803689703375 0.0010371629954532781 4515.4500000000016 10143.945000000002 3546.5000000000005 10143.945000000002 6884.7500000000009 0.0081359094342683628 0.023894958758888276 1.2500000000000002 111.50000000000001 3.9674572647882349 219.80000000000004
decision_type=2 2 2 2 2 2 2 2 2 2 2 2 2 2
left_child=1 2 3 -1 -5 -4 7 9 -9 13 -11 -12 -8 -7
right_child=-2 -3 5 4 -6 6 12 8 -10 10 11 -13 -14 -15
leaf_value=-0.012572964097839687 0.0022683196592495143 -0.01334090987479513 -0.009948935592443052 0.13034994862216565 0.026481056288447439 0.0048568693238970079 0.018987844633977697 -0.030200652785907438 0.1095229267213696 0.14961533637600602 -0.006022807386068205 0.13973721855101753 -0.015584079504625857 -0.030906819473849118
leaf_weight=1.2988642532436636 162.41342141304631 33.887384841626044 35.104853882512543 0.87319318414665736 0.98883217421825975 36.807691621972481 7.4937098934169653 0.86639851485961061 2.7303658559103496 0.65088567600469049 2.0086308472673413 0.51870157470693801 23.006356126832543 4.1793183145346111
leaf_count=150 2275 2177 15074 27 182 6344 1448 462 114 109 440 83 6560 1032
internal_value=-0.000144704 -0.00275021 0.000329667 0.0391268 0.0751902 -0.000752072 0.00337323 0.0100548 0.0758659 0.00469527 0.04964 0.0238925 -0.00708993 0.00121016
internal_weight=312.829 150.415 116.528 3.16089 1.86203 113.367 78.2621 47.762 3.59676 44.1652 3.17822 2.52733 30.5001 40.987
internal_count=36477 34202 32025 359 209 31666 16592 8584 576 8008 632 523 8008 7376
is_linear=0
shrinkage=0.03


Tree=193
num_leaves=15
num_cat=0
split_feature=4 4 10 8 15 17 18 18 18 19 19 13 18 17
split_gain=2.55737 2.78748 3.30419 2.2453 4.78495 3.76908 4.76835 3.05487 4.9803 3.45115 4.51478 3.25846 2.78857 4.35654
threshold=0.037572065501796426 0.034767306308860393 1262.5000000000002 617.50000000000011 12303.000000000002 231.65000000000001 37411.650000000009 28260.975000000002 4156.3500000000013 4.7828977861650346 2.4335748805437505 2.5000000000000004 1041657.8000000002 72100.000000000015
decision_type=2 2 2 2 2 2 2 2 2 2 2 2 2 2
left_child=1 3 -3 -1 7 -6 -7 8 9 10 11 -5 -9 -14
right_child=-2 2 -4 4 5 6 -8 12 -10 -11 -12 -13 13 -15
leaf_value=-0.00041729637467327488 -0.031354657854114364 -0.0081708223754114948 0.068169888616776211 -0.016185834742278769 -0.032034112126203391 0.057112011171443794 -0.0088717166269684511 0.039595953938556354 -0.032277746831395074 0.044913148550191892 -0.033439043701219216 0.032904919759956512 -0.033221129448578746 0.040867160845965998
leaf_weight=278.45139786280924 2.2592374375089994 0.89641849312465582 1.1845248972822444 1.7200413313112273 3.9862293438054603 1.2752097280463202 4.3414086466655135 6.4720578549895418 2.4556890537496647 2.6325799628393725 2.0202098431764171 4.1601043887785636 1.4213164134998808 1.4359913832740856
leaf_count=32821 770 152 137 401 530 179 263 75 60 36 125 572 214 191
internal_value=0.000448696 0.000678655 0.0352842 0.000446636 0.00798288 -0.00972433 0.00610938 0.0156018 0.00619519 0.0151649 0.00525213 0.018545 0.028698 0.00401327
internal_weight=314.712 312.453 2.08094 310.372 31.9208 9.60285 5.61662 22.318 12.9886 10.5329 7.90036 5.88015 9.32937 2.85731
internal_count=36526 35756 289 35467 2646 972 442 1674 1194 1134 1098 973 480 405
is_linear=0
shrinkage=0.03


Tree=194
num_leaves=15
num_cat=0
split_feature=19 18 18 7 18 18 1 18 18 18 18 10 9 6
split_gain=2.89798 2.6243 6.14053 5.44077 3.63583 7.82446 13.6062 6.78156 6.58099 5.98011 11.6098 8.09688 9.93081 7.07327
threshold=9.5957725515189178 43.220000000000006 46.850000000000001 0.017457176604288614 63.95000000000001 88.099999999999994 0.056728102862684031 156.40000000000003 240.60000000000005 594.33000000000004 800.5400000000003 3952.5000000000005 210.50000000000003 0.006657717319657786
decision_type=2 2 2 2 2 2 2 2 2 2 2 2 2 2
left_child=1 3 -3 -1 -4 6 -6 -7 -9 13 11 12 -11 -10
right_child=-2 2 4 -5 5 7 -8 8 9 10 -12 -13 -14 -15
leaf_value=-0.014226927440967655 -0.033967985987243453 0.043273667986683237 -0.031292764530583494 0.088075038920113979 -0.0069714472184315883 -0.025332158586896775 0.09943298666780305 0.021820292553166511 0.02740021813684345 0.04080171996830919 -0.00023793492954887646 0.06023307035236844 -0.031278377359560121 -0.02707429436482443
leaf_weight=16.126087112439567 2.2313976338482453 3.0601346007315433 3.1909564437810323 0.48186092119431023 2.4126240988844065 8.9997451222588989 1.9604590279050169 13.175402869470416 2.5736276761163017 3.98434984392952 233.74338278640062 4.8060558630095329 3.0273436479328666 12.88801501112175
leaf_count=3458 439 147 581 41 577 1339 19 1018 802 397 25575 110 392 1626
internal_value=9.83214e-05 0.000343193 0.000998979 -0.0112588 0.000554058 0.000907438 0.0407298 0.000292509 0.00113356 8.93783e-05 0.0012288 0.0302394 0.00968068 -0.0180069
internal_weight=312.661 310.43 293.822 16.6079 290.762 287.571 4.37308 283.198 274.198 261.023 245.561 11.8177 7.01169 15.4616
internal_count=36521 36082 32583 3499 32436 31855 596 31259 29920 28902 26474 899 789 2428
is_linear=0
shrinkage=0.03


Tree=195
num_leaves=15
num_cat=0
split_feature=2 4 17 0 5 17 17 6 16 17 10 4 14 2
split_gain=2.91119 3.41555 4.92085 2.53105 7.60459 2.468 9.50799 12.0683 14.3027 6.19193 4.44369 7.64791 7.90907 7.37047
threshold=0.0014352139088228831 0.030211405774556884 119.45 0.0011490318552223209 0.010344417086656591 260.75000000000006 189.15000000000003 0.0065076765732179033 7.9000000000000012 350.10000000000008 905.50000000000011 0.0014973908276345864 3024.0000000000005 0.0099612101506113739
decision_type=2 2 2 2 2 2 2 2 2 2 2 2 2 2
left_child=1 -1 -3 4 -2 6 10 -8 -9 -7 11 -5 -13 -14
right_child=3 2 -4 5 -6 9 7 8 -10 -11 -12 12 13 -15
leaf_value=-0.030068076251779076 -0.030121555264761551 0.22615036188763668 -0.030094927234945879 0.061334615401045532 0.12049591044148225 -0.029208875697550388 0.082836721796977278 -0.018947899212249947 0.044084232890116648 -0.0027360568437653221 -0.0034837602721563975 -0.019821879630528894 0.033307305720801837 8.3979735476477318e-05
leaf_weight=4.7348453547456293 0.62747574064996914 0.11701972516311787 0.15922020492143929 2.2889132292766581 0.58108306967187673 8.6637768462824152 2.5595298861735492 6.6946629179001302 6.2784704898658674 96.768997629289515 145.89388184386189 8.7869176382373535 9.9521110415516905 15.170617550902532
leaf_count=5204 385 80 149 153 163 849 240 568 194 10222 13529 1628 1598 1381
internal_value=-0.00140566 -0.0240857 0.0784547 -0.00103213 0.0422963 -0.00120492 0.000772493 0.0233028 0.0115571 -0.00491142 -0.00114937 0.00825912 0.00467651 0.0132451
internal_weight=309.278 5.01109 0.27624 304.266 1.20856 303.058 197.625 15.5327 12.9731 105.433 182.092 36.1986 33.9096 25.1227
internal_count=36343 5433 229 30910 548 30362 19291 1002 762 11071 18289 4760 4607 2979
is_linear=0
shrinkage=0.03


Tree=196
num_leaves=15
num_cat=0
split_feature=19 19 18 6 15 17 0 0 18 18 18 18 9 8
split_gain=3.38843 4.28679 5.91359 5.06974 4.81708 6.05405 2.94211 4.40554 2.70036 9.17297 5.63529 5.2285 10.6475 8.63438
threshold=7.3724319131086853 8.2111562950909498 8583976.5000000019 0.016129801848526644 11110.000000000002 15.950000000000001 0.11527428806005251 0.10981109488499695 594.33000000000004 618.05000000000007 240.60000000000005 1338.5500000000002 163.50000000000003 220.50000000000003
decision_type=2 2 2 2 2 2 2 2 2 2 2 2 2 2
left_child=6 -2 3 4 -3 -6 7 8 10 -10 -1 12 -11 -14
right_child=1 2 -4 -5 5 -7 -8 -9 9 11 -12 -13 13 -15
leaf_value=0.0004897236559954683 -0.022421372317500073 -0.026443515832919626 -0.046817537068726177 0.039370002895367184 -0.032033107486574112 0.04102837900754841 -0.018345372381190727 0.048082813332433694 0.082598752790554592 0.043756487675415415 -0.020241407646835363 9.013913456769115e-05 -0.019607816640999014 0.021489691740035927
leaf_weight=47.246332747046836 13.645610090490665 4.2354604267457017 2.0018542286125003 3.4957952427794217 1.5000560732441952 3.1943946857645642 7.2142128604464224 1.7818084908649314 1.2757237411569793 7.8174110863474224 15.729684342339167 180.86098272939853 8.7584443771338574 9.6924267129797936
leaf_count=7031 2078 549 363 124 308 211 77 21 144 956 2355 20960 912 320
internal_value=-0.000430123 -0.0103671 0.00103389 0.00874303 -0.00324651 0.0176824 0.00056483 0.00106425 0.000755537 0.00240057 -0.00468835 0.00190663 0.0144134 0.00198111
internal_weight=308.45 28.0732 14.4276 12.4257 8.92991 4.69445 280.377 273.163 271.381 208.405 62.976 207.129 26.2683 18.4509
internal_count=36409 3633 1555 1192 1068 519 32776 32699 32678 23292 9386 23148 2188 1232
is_linear=0
shrinkage=0.03


Tree=197
num_leaves=15
num_cat=0
split_feature=3 3 4 6 10 15 0 15 19 9 15 0 11 1
split_gain=3.82744 3.68725 4.84515 3.13355 2.93125 2.45361 5.22268 3.91367 3.23673 6.8387 17.4928 6.75167 4.97902 5.09191
threshold=0.033085275019961641 0.0277596658635729 0.0051944489265945033 0.0043103055479771198 4354.5000000000009 189.00000000000003 0.0066192203151801843 11065.500000000002 6.5145642573195568 5.5000000000000009 13487.500000000002 0.010300690231421336 1.5000000000000002 0.028856540268303595
decision_type=2 2 2 2 2 2 2 2 2 2 2 2 2 2
left_child=1 5 -3 -2 -5 6 -1 -7 -9 10 -10 -11 -13 -14
right_child=3 2 -4 4 -6 7 -8 8 9 11 -12 12 13 -15
leaf_value=0.012583696699585669 0.037045452886547071 0.078233196667660515 -0.0014430956672261174 -0.032969211443890679 0.019940897808411857 0.0054944245382415246 -0.023189882390333261 -0.0036555730524953749 -0.031420127279676989 -0.030088871591240931 0.21224601235128318 0.031255772458157145 0.026312714605174928 -0.0075756372900034992
leaf_weight=5.6063561603077714 0.79692106896254511 1.2744537944672623 1.489926005277084 6.6206350527645554 1.0987552128208333 112.2159334449243 10.650283320021115 141.12424874692806 0.57173079776111879 4.4058790574781623 0.4945103187346831 7.2310931265819844 5.5891420931438942 13.950908407336099
leaf_count=811 206 75 144 1014 62 12104 560 17323 134 3293 110 116 157 197
internal_value=0.000245176 0.000799772 0.0352898 -0.0195912 -0.0254381 0.000483898 -0.0108528 0.00112923 -0.00169624 0.00687951 0.0815894 0.00432447 0.00998806 0.00211762
internal_weight=313.121 304.604 2.76438 8.51631 7.71939 301.84 16.2566 285.583 173.368 32.2433 1.06624 31.177 26.7711 19.5401
internal_count=36306 35024 219 1282 1076 34805 1371 33434 21330 4007 244 3763 470 354
is_linear=0
shrinkage=0.03


Tree=198
num_leaves=15
num_cat=0
split_feature=5 6 2 9 18 17 14 10 14 17 18 2 18 17
split_gain=2.50935 2.34809 4.63219 3.55023 3.73388 4.1069 4.25838 7.31452 6.23449 4.39677 3.96791 3.10068 7.23264 3.9996
threshold=0.05191479836495793 0.013831546546760175 0.045024232399861856 23.500000000000004 618.05000000000007 3.6500000000000008 438.00000000000006 1659.5000000000002 353.50000000000006 29.450000000000003 15434.975000000002 0.046274795771180467 717171.09999999998 219.80000000000004
decision_type=2 2 2 2 2 2 2 2 2 2 2 2 2 2
left_child=1 11 3 -3 -5 -6 7 8 10 -8 -7 13 -13 -1
right_child=-2 2 -4 4 5 6 9 -9 -10 -11 -12 12 -14 -15
leaf_value=0.0057735645474726264 -0.031730920524499273 -0.027922037977178609 0.014407494785641158 -0.020214537867873437 0.024995390792705113 0.045703451507160625 -0.03189921539660022 -0.0080842197768089541 0.11051949943094962 -0.004145898983753807 -0.03062043775643029 -0.014383962771347108 0.026292827070907153 -0.0029709254904769656
leaf_weight=132.79969135882857 2.2743771003588327 6.9043055630172594 9.934184462297706 11.886735367967047 4.7684849032084449 2.0559572050406123 6.3901740000001146 5.916653616091935 0.97519427730003361 26.205997494573239 0.87348032547743049 24.316123676078863 4.6934591230237848 72.925678067229455
leaf_count=17067 302 887 208 1472 197 86 540 198 106 2547 300 823 37 11727
internal_value=-0.000334046 -0.000104176 -0.00469068 -0.0075663 -0.00518716 -0.00140157 -0.00436906 0.0129478 0.0448175 -0.00958668 0.0229457 0.00137906 -0.00780287 0.00267381
internal_weight=312.92 310.646 75.9112 65.977 59.0727 47.1859 42.4175 9.82129 3.90463 32.5962 2.92944 234.735 29.0096 205.725
internal_count=36497 36195 6541 6333 5446 3974 3777 690 492 3087 386 29654 860 28794
is_linear=0
shrinkage=0.03


Tree=199
num_leaves=15
num_cat=0
split_feature=3 18 18 2 17 6 17 18 18 18 11 9 17 8
split_gain=2.81717 2.84338 4.90665 3.90344 3.02745 5.33557 3.69182 8.59076 2.77367 6.26455 5.34989 5.20242 7.34198 10.3364
threshold=0.036688608885933088 19892290.000000004 22179972.800000004 0.020444185889020198 19363.000000000004 0.001721867612115825 14048.000000000002 414756.00000000006 7244.3000000000011 45231.500000000007 91.000000000000014 230.50000000000003 19.050000000000004 325.50000000000006
decision_type=2 2 2 2 2 2 2 2 2 2 2 2 2 2
left_child=1 4 -3 -4 6 -6 8 -8 -1 10 -10 -11 -13 -14
right_child=-2 2 3 -5 5 -7 7 -9 9 11 -12 12 13 -15
leaf_value=0.0023865242195101328 -0.02002330863367674 0.064510984030166946 -0.021449007956725222 0.036787618696503883 0.13336723966057404 -0.031838624823762339 0.049829611769687795 -0.034075143467460628 -0.014122279062931672 0.0078003453617101984 0.059031984834740987 0.046864359211836557 -0.024771855555703364 0.0054106026878393528
leaf_weight=150.89163741325319 6.4083217535662689 1.6555380204226811 2.4098798195191193 1.8167619431915225 0.18356803376809594 4.2358904080465436 3.7019908645015667 1.5614859616471219 44.351606400683522 48.060452599645942 0.91835129595710796 2.1971395320724687 20.091354460659204 20.767059249337763
leaf_count=16801 1097 135 807 100 164 2049 154 635 5521 6820 91 39 1579 351
internal_value=-0.000339536 7.69834e-05 0.0207313 0.00358318 -0.000332136 -0.0249766 4.01709e-05 0.0249381 -0.000416006 -0.00351661 -0.0126383 0.00101539 -0.00655828 -0.00943105
internal_weight=309.251 302.843 5.88218 4.22664 296.961 4.41946 292.541 5.26348 287.278 136.386 45.27 91.116 43.0556 40.8584
internal_count=36343 35246 1042 907 34204 2213 31991 789 31202 14401 5612 8789 1969 1930
is_linear=0
shrinkage=0.03


Tree=200
num_leaves=15
num_cat=0
split_feature=11 4 2 15 15 17 17 10 17 10 9 17 0 19
split_gain=3.82189 3.75658 3.40701 3.35503 2.93151 2.81831 5.62205 10.9827 11.9437 14.6553 6.06294 4.82028 3.96289 7.12221
threshold=32.500000000000007 0.013016034717759572 0.05383664385226801 54.500000000000007 40.500000000000007 10.950000000000001 18.050000000000004 1329.5000000000002 14.050000000000002 3162.5000000000005 41.500000000000007 12.050000000000002 0.043113886334574407 7.7731522642669928
decision_type=2 2 2 2 2 2 2 2 2 2 2 2 2 2
left_child=1 2 4 -3 -1 -6 7 10 11 -10 -7 -9 13 -8
right_child=-2 3 -4 -5 5 6 12 8 9 -11 -12 -13 -14 -15
leaf_value=-0.026685883770224624 -0.016190306743107639 0.037112837187421858 0.059202435854873378 -0.0078356215707805037 -0.0042978349126973599 0.050966404575007597 -0.0053477116784219816 0.040530822738852904 0.12094229424275996 0.011651788839826734 -0.031132074027834262 -0.031600681203994521 0.0061324126618166755 0.044288911004849885
leaf_weight=3.3350228697527191 14.306173937613492 1.5312954057299055 0.91620237310416897 62.272719750282704 54.528810298041208 1.0346151052508483 66.471369212376885 1.539501752733486 2.6860364433086943 1.8751685992465352 3.7219274064118508 1.8189759685774332 90.510894885053858 2.7076496171648605
leaf_count=268 1965 98 27 8610 7014 169 15272 121 200 175 468 179 1061 868
internal_value=-0.00104725 -0.000312757 0.00146603 -0.00675686 0.00123627 0.00164668 0.00352726 0.0227576 0.0443984 0.0760116 -0.0132745 0.00146388 0.00200075 -0.00340495
internal_weight=309.256 294.95 231.146 63.804 230.23 226.895 172.366 12.6762 7.91968 4.56121 4.75654 3.35848 159.69 69.179
internal_count=36495 34530 25822 8708 25795 25527 18513 1312 675 375 637 300 17201 16140
is_linear=0
shrinkage=0.03


Tree=201
num_leaves=15
num_cat=0
split_feature=2 11 11 0 6 1 1 17 11 16 14 2 7 19
split_gain=3.45737 2.67178 3.33203 2.27874 2.23816 1.99076 2.73994 10.3752 6.83561 3.74476 7.12033 4.47594 2.28721 3.8463
threshold=0.0014352139088228831 33.500000000000007 31.500000000000004 0.062724290341685057 0.043083169177217821 0.0026023075610145763 0.0032154789124406208 11711.150000000001 12.500000000000002 3.9500000000000006 18542.500000000004 0.014510370415098775 0.011802077450592854 3.748326219084142
decision_type=2 2 2 2 2 2 2 2 2 2 2 2 2 2
left_child=4 2 5 -3 -1 12 7 8 9 10 -7 -12 -2 -14
right_child=1 3 -4 -5 -6 6 -8 -9 -10 -11 11 -13 13 -15
leaf_value=-0.030063419824556459 -0.01973911624006567 -0.021520363699852708 0.04826968851593158 0.0034204390420138351 0.047598476221158779 -0.030250334107329389 0.0010315600117826748 0.21397496234179403 0.085017597684194132 -0.030248889516021851 0.042303326614363854 0.20138994098617236 0.061225944006109617 -0.03005300441909587
leaf_weight=4.666633191285654 7.5727620389807253 8.8120747340144572 1.3466710606298864 5.2679352234117678 0.35972173861227918 0.7673579225665883 278.89925693621626 0.24523091423907306 0.95486063437419932 2.1602654990856536 0.41404337238054723 0.25857066141907126 0.89885786929517031 0.77257895609363914
leaf_count=5383 7205 1494 131 89 50 477 18877 138 153 1053 183 74 387 671
internal_value=0.000175275 0.000577563 0.00118836 -0.0121889 -0.0245054 0.000971929 0.00141835 0.0238908 0.0136573 -0.00526896 0.0322063 0.10346 -0.0127285 0.0190346
internal_weight=313.397 308.37 294.29 14.08 5.02635 292.944 283.7 4.80033 4.5551 3.60024 1.43997 0.672614 9.2442 1.67144
internal_count=36365 30932 29349 1583 5433 29218 20955 2078 1940 1787 734 257 8263 1058
is_linear=0
shrinkage=0.03


Tree=202
num_leaves=15
num_cat=0
split_feature=7 3 17 17 16 17 10 6 10 18 10 5 2 5
split_gain=3.76645 3.8544 5.32534 4.71125 8.68843 4.90383 4.64114 4.52353 3.71029 7.50034 7.62715 5.17057 4.79439 6.00128
threshold=0.017692721161267983 0.0092867480579205373 3.9500000000000006 5.0500000000000007 0.75000000000000011 7.9500000000000011 303.00000000000006 0.005852010437099508 967.00000000000011 186.89500000000004 621.50000000000011 0.033242278286868494 0.0045510931451371193 0.0088289298528310047
decision_type=2 2 2 2 2 2 2 2 2 2 2 2 2 2
left_child=1 6 -3 4 -4 -5 -1 -6 9 -7 11 -11 -12 -14
right_child=-2 2 3 5 7 8 -8 -9 -10 10 12 -13 13 -15
leaf_value=-0.021958072492773002 -0.031259725110756691 -0.011719498046049619 0.056503046761538542 -0.02535537403537164 0.035021169972786426 0.06070317147300075 -0.0017793730044873266 -0.03179842634810133 0.0018657533547728603 0.0015143657936036255 0.090498433140837914 0.078132038405391541 0.063523818317175809 -0.01756700253022014
leaf_weight=11.048395567864643 3.4828094446274909 18.201118196244352 4.3711272318323591 4.8764612012600983 1.5057327411777808 2.7770874399429877 143.47387810781947 2.3117519319348503 84.227326833715779 28.241874222017945 1.43573065730743 0.8156197848438741 1.7201049448922279 1.5720653334865344
leaf_count=3037 551 2986 161 542 128 282 15237 287 7066 5003 253 145 238 383
internal_value=-0.000237734 0.000114684 0.00350565 0.00557591 0.0276243 0.0041392 -0.00322216 -0.00544273 0.00532994 0.0133102 0.00941463 0.00366496 0.0447519 0.0248016
internal_weight=310.061 306.578 152.056 133.855 8.18861 125.666 154.522 3.81748 120.79 36.5625 33.7854 29.0575 4.7279 3.29217
internal_count=36299 35748 17474 14488 576 13912 18274 415 13370 6304 6022 5148 874 621
is_linear=0
shrinkage=0.03


Tree=203
num_leaves=15
num_cat=0
split_feature=15 0 19 9 17 9 10 0 1 3 6 12 9 10
split_gain=2.68354 3.54329 4.26453 13.803 4.49882 6.02552 6.23777 5.7533 7.43573 5.23865 5.05387 3.65157 2.98321 5.83551
threshold=8440.5000000000018 0.047449236363436571 9.5957725515189178 5.5000000000000009 18.050000000000004 15.500000000000002 1656.5000000000002 0.019015130542906034 0.022796263449513583 0.0021495963407025254 0.0044604281194021737 34.500000000000007 249.50000000000003 4361.0000000000009
decision_type=2 2 2 2 2 2 2 2 2 2 2 2 2 2
left_child=12 2 4 -4 5 6 10 -7 -9 -6 -2 -10 13 -1
right_child=1 -3 3 -5 9 7 -8 8 11 -11 -12 -13 -14 -15
leaf_value=0.0071749180566669226 0.066905382078423323 0.0015021962718574674 0.28248352667984028 -0.030289306940900065 0.060122788208392286 -0.019018896496848053 0.13896514659960257 0.032450087795462677 0.014321065143092424 -0.012789634595106276 -0.030184843505904571 -0.022432241026764575 -0.00089268296858030255 0.066849729696533577
leaf_weight=49.313268240017351 1.0555817562853946 106.80738461576402 0.19185228872811322 0.3755873481859453 0.90010551305021991 10.552318150192152 0.52608695381786663 7.1732436048332628 4.0969278386328352 60.300734753953293 0.88880447833798815 5.9900979525409639 60.674380373908207 1.5202888480853278
leaf_count=7340 76 1493 46 240 57 6373 79 207 85 15433 331 160 4279 170
internal_value=-0.000126538 -0.00221544 -0.00652902 0.0754597 -0.00703757 0.00241995 0.0473203 -0.00156836 0.00910029 -0.0117173 0.0225242 -0.00750459 0.00359873 0.00895962
internal_weight=310.367 198.859 92.0513 0.56744 91.4839 30.2831 2.47047 27.8126 17.2603 61.2008 1.94439 10.087 111.508 50.8336
internal_count=36369 24580 23087 286 22801 7311 486 6825 452 15490 407 245 11789 7510
is_linear=0
shrinkage=0.03


Tree=204
num_leaves=15
num_cat=0
split_feature=7 11 1 1 10 7 3 3 5 5 5 6 14 6
split_gain=2.49877 4.08077 5.18391 4.49674 5.03147 2.33004 2.10794 4.17274 1.97737 2.44207 6.17889 2.19517 3.27996 3.21727
threshold=0.0076856582357959754 3.5000000000000004 0.025238407733161435 0.0049614072882206636 2245.0000000000005 0.0088135392280616117 0.0021495963407025254 0.0037369866671916369 0.0012747217678414715 0.0015352268944175621 0.002044451395271932 0.031812932008753916 99.500000000000014 0.016619775223249564
decision_type=2 2 2 2 2 2 2 2 2 2 2 2 2 2
left_child=1 3 -3 4 -1 -2 -7 -8 -9 -10 -11 12 -12 -14
right_child=5 2 -4 -5 -6 6 7 8 9 10 11 -13 13 -15
leaf_value=0.068689456172454963 -0.031580893311340237 0.00055200829639542339 0.059957828382287248 -0.012405469006591121 -0.030366502121415253 0.026232273445633465 -0.032482393618267817 0.039505537103990858 -0.037905881292186548 0.074286377175166368 -0.03090089746998682 0.018272873832064628 0.0003563861050039208 -0.011467772237559308
leaf_weight=1.4667565315321538 2.1919291495869393 2.4305431168759233 2.8987167763989419 6.7256679438869469 0.67337947338819493 2.6242030899738884 3.6886867077555499 1.114750813692807 1.5645585466409091 0.99552947448682871 3.2519483224023125 5.4520771488896562 256.83033717110811 22.526998804838513
leaf_count=191 312 189 37 236 127 123 658 54 248 45 1536 170 30710 1774
internal_value=-0.000181822 0.0121176 0.0328643 -0.000353328 0.0375222 -0.000763324 -0.000536684 -0.000774467 -0.000373555 -0.000526521 -0.000324201 -0.000582052 -0.0009458 -0.000597098
internal_weight=314.436 14.1951 5.32926 8.8658 2.14014 300.241 298.049 295.425 291.736 290.621 289.057 288.061 282.609 279.357
internal_count=36410 780 226 554 318 35630 35318 35195 34537 34483 34235 34190 34020 32484
is_linear=0
shrinkage=0.03


Tree=205
num_leaves=15
num_cat=0
split_feature=3 3 16 5 12 2 1 1 17 8 17 17 8 16
split_gain=3.53676 4.97841 9.54393 4.62482 2.83378 2.21845 2.02224 7.14947 6.37911 6.21006 3.99288 8.67688 6.60217 6.44217
threshold=0.036688608885933088 0.0277596658635729 3.9500000000000006 0.0088289298528310047 396.50000000000006 0.00070424744510863004 0.019890913707232168 0.016756627589038373 104.05000000000001 38.500000000000007 11711.150000000001 708.50000000000011 15.500000000000002 4.3500000000000005
decision_type=2 2 2 2 2 2 2 2 2 2 2 2 2 2
left_child=1 5 -3 -4 -2 -1 7 10 9 -9 11 -7 -12 -14
right_child=4 2 3 -5 -6 6 -8 8 -10 -11 12 -13 13 -15
leaf_value=-0.030059364905739232 -0.027705984100613579 -0.032947658667388649 0.023477038303268402 0.091833344892335855 0.035826266080684115 0.0032036074675806628 -0.0011269941452178159 0.040911266988644945 0.047253753589657693 -0.022568686416771021 -0.030146339108962528 -0.025567526936007241 0.069093479891846693 0.0077439131285831379
leaf_weight=2.1493919153726884 6.0755534274067022 1.5095675783668401 1.8136072110792159 1.7507015609007792 0.70520011377811886 61.855045531323412 206.22992411800078 2.3377307824557629 6.123295915487688 3.4102384651196189 1.7578444688406296 11.131684294989098 2.8309360576822655 3.3793502558255568
leaf_count=2886 993 201 84 147 106 18172 5471 117 251 218 1104 4775 658 1339
internal_value=0.000331789 0.000806239 0.0302755 0.057052 -0.0210986 0.000309822 0.000528093 0.00420517 0.025947 0.00324896 0.00101693 -0.00118447 0.0211814 0.0357099
internal_weight=313.06 306.279 5.07388 3.56431 6.78075 301.205 299.056 92.8261 11.8713 5.74797 80.9549 72.9867 7.96813 6.21029
internal_count=36522 35423 432 231 1099 34991 32105 26634 586 335 26048 22947 3101 1997
is_linear=0
shrinkage=0.03


Tree=206
num_leaves=15
num_cat=0
split_feature=4 4 4 17 17 18 7 15 0 1 6 18 19 13
split_gain=2.5844 4.51135 5.79525 4.07051 4.59973 5.67124 3.56187 3.53774 6.6525 6.63092 4.10556 10.9856 3.80791 3.6007
threshold=0.012803986847049292 0.014229794439067104 0.01432174734518735 16020.500000000002 14048.000000000002 184071.80000000002 0.016847887548471798 11065.500000000002 0.0081359094342683628 0.056728102862684031 0.0014866565664153392 1122762.7800000003 7.2307000371133858 132.50000000000003
decision_type=2 2 2 2 2 2 2 2 2 2 2 2 2 2
left_child=3 -2 -3 4 6 -6 7 10 9 -9 11 -1 13 -12
right_child=1 2 -4 -5 5 -7 -8 8 -10 -11 12 -13 -14 -15
leaf_value=0.0013652271329167942 -0.023289830489572939 0.06526308296786161 -0.0023755840652387584 -0.017986716062208509 0.08842915005150194 -0.0067974221006723394 -0.025509245393617555 -0.025126194794581357 0.0022453724664694831 0.084592465599921202 0.0081702140336079761 0.19207266451232358 -0.0087624218435841533 0.047898354758442105
leaf_weight=0.86372116359416284 9.5288840010471159 1.1630877926363599 57.559145837731194 8.4656738197954819 1.2525865294446696 1.0222045921254901 3.9406628846772938 12.111451901379038 121.17343816003995 0.51689885201631192 82.057279156259028 0.39671529043698683 12.211516037612453 2.1059008045122019
leaf_count=312 1494 113 7692 2706 31 238 443 10593 4039 108 7452 40 1060 129
internal_value=0.00102245 -0.00414288 -0.00103589 0.00245485 0.00318303 0.045638 0.00277272 0.00325428 8.58774e-05 -0.0206352 0.00759634 0.0613893 0.00689281 0.00916428
internal_weight=314.369 68.2511 58.7222 246.118 237.652 2.27479 235.378 231.437 133.802 12.6284 97.6351 1.26044 96.3747 84.1632
internal_count=36450 9299 7805 27151 24445 269 24176 23733 14740 10701 8993 352 8641 7581
is_linear=0
shrinkage=0.03


Tree=207
num_leaves=15
num_cat=0
split_feature=13 10 2 11 12 10 8 1 9 7 4 3 3 0
split_gain=3.05082 6.89871 5.81804 7.02333 23.5374 7.74814 6.30414 6.88744 6.71138 4.48713 4.26496 3.79436 5.20817 3.9991
threshold=1.0000000180025095e-35 4361.0000000000009 0.016321461756784169 1.5000000000000002 396.50000000000006 4347.0000000000009 1.0000000180025095e-35 0.0018600008714027038 112.50000000000001 0.014443935252547299 0.0033183872048748752 0.0021495963407025254 0.0051214207522026454 0.0029417923211847376
decision_type=2 2 2 2 2 2 2 2 2 2 2 2 2 2
left_child=1 2 3 4 6 -5 -1 8 -8 11 -9 -2 -13 -14
right_child=9 -3 -4 5 -6 -7 7 10 -10 -11 -12 12 13 -15
leaf_value=0.10839284357930572 0.040019848202708867 0.048884949360326023 -0.0028863982284533128 -0.0072561093190148364 0.14552206422147296 0.047438121648032676 0.17620737010287921 0.043660501918122568 0.01755925245412604 -0.018814704806856587 -0.010274917520460636 -0.023114098786861718 -0.022238766991204757 0.001344875990782222
leaf_weight=0.62578465032857167 2.1177270994521669 3.2451094022253519 41.948942842398537 13.36488857069344 1.459892814818885 2.823560142540372 0.41722545327502203 1.661159436480373 0.56492838035046589 11.950122476555405 6.415438228083076 8.6739640142768604 6.6815007972472804 205.57587332096591
leaf_count=36 104 185 2196 3683 190 138 43 128 352 1451 1125 1250 6455 18933
internal_value=0.000754911 0.00613354 0.0041311 0.0149012 0.0332295 0.00228356 0.016302 0.00994032 0.084954 -0.000905076 0.000818285 5.44543e-05 -0.000328632 0.000602503
internal_weight=307.526 72.5269 69.2818 27.3329 11.1444 16.1884 9.68454 9.05875 0.982154 234.999 8.0766 223.049 220.931 212.257
internal_count=36269 8076 7891 5695 1874 3821 1684 1648 395 28193 1253 26742 26638 25388
is_linear=0
shrinkage=0.03


Tree=208
num_leaves=15
num_cat=0
split_feature=12 4 12 18 7 13 7 18 16 18 18 16 8 8
split_gain=2.73484 2.67576 4.12323 4.04894 3.94512 4.91546 3.04168 4.11329 4.36316 5.33906 6.57243 6.25377 4.76895 5.27757
threshold=1.0000000180025095e-35 0.0074761455092044876 306.50000000000006 12762290.000000002 0.016645006437064281 1.5000000000000002 0.0097869660328085296 43.220000000000006 4.1000000000000005 34237.200000000004 276339.10000000003 4.7000000000000002 606.50000000000011 44.500000000000007
decision_type=2 2 2 2 2 2 2 2 2 2 2 2 2 2
left_child=-1 2 -2 4 6 -6 7 -3 12 -10 -11 -12 13 -9
right_child=1 3 -4 -5 5 -7 -8 8 9 10 11 -13 -14 -15
leaf_value=0.048278274081365626 0.0012487378504396267 -0.031262743718094885 0.04230775804392977 0.027894880637651418 0.1059101278372267 -0.00072567577123230649 -0.0099377434504129957 0.0048301423624475372 -6.6942723042248982e-05 0.041787061593645966 0.041679495565023386 -0.032611176549488655 0.022889559219015712 -0.021630342011016362
leaf_weight=1.0271617897669774 167.53307058218343 3.8240824822423738 2.2305227391479994 3.538955532028921 0.64836684204055817 0.97271095088217407 63.81611652871652 10.959269430706629 24.641515688548679 7.3706808797141985 1.6329081938893066 2.7160771603230387 4.1396330796414977 17.806162973327446
leaf_count=66 17719 846 181 813 99 155 8761 2099 2711 568 21 697 177 1550
internal_value=-0.000593004 -0.000753985 0.00178821 -0.0037918 -0.0046013 0.0419244 -0.0051522 -0.000973886 0.000698315 0.00786096 0.02453 -0.00471735 -0.00721665 -0.0115492
internal_weight=312.857 311.83 169.764 142.066 138.528 1.62108 136.906 73.0903 69.2662 36.3612 11.7197 4.34899 32.9051 28.7654
internal_count=36463 36397 17900 18497 17684 254 17430 8669 7823 3997 1286 718 3826 3649
is_linear=0
shrinkage=0.03


Tree=209
num_leaves=15
num_cat=0
split_feature=12 13 18 16 18 16 18 19 14 18 18 18 18 19
split_gain=2.73556 4.88951 4.53061 7.33757 7.88429 8.59608 7.29191 6.73577 6.68125 6.08989 6.00738 5.87732 11.9131 7.98158
threshold=45.500000000000007 110.50000000000001 73749.000000000015 4.1000000000000005 260605.80000000002 4.3500000000000005 134683.29000000004 4.2202402997070347 3288.5000000000005 1338.5500000000002 1288.7800000000002 717171.09999999998 988960.80000000016 6.9059529344359722
decision_type=2 2 2 2 2 2 2 2 2 2 2 2 2 2
left_child=1 -1 9 11 6 -6 8 -8 -5 10 -2 -4 -13 -14
right_child=2 -3 3 4 5 -7 7 -9 -10 -11 -12 12 13 -15
leaf_value=0.0043277460784779519 -4.6508767075795748e-05 -0.035732339992993668 -0.014776655956994341 0.063601933648511924 0.044440402117710026 -0.016585647525208511 0.11137649262196221 0.030852996292069629 -0.008923814603975691 -0.01173970018350412 0.053137851673040901 0.073413869458568592 -0.02855204042844299 0.01797444145664449
leaf_weight=134.33427131635835 53.532205830284511 2.7992472462356082 18.172710791171994 1.7896355072443855 2.9829315464885422 6.8428174715372734 1.9485938035359143 1.7972831652732564 3.1647828083077911 63.717413906313595 1.9822120892931696 2.2941371532942894 5.4801025907945577 8.412546673556788
leaf_count=15165 6933 304 1759 131 37 2189 65 226 205 7284 89 189 1264 637
internal_value=0.00034898 0.00351002 -0.00216956 0.00513872 0.0203568 0.00194083 0.0411551 0.0727411 0.0172739 -0.00541116 0.00185251 -0.00306662 0.0100801 -0.000378422
internal_weight=309.251 137.134 172.117 52.8855 18.526 9.82575 8.7003 3.74588 4.95442 119.232 55.5144 34.3595 16.1868 13.8926
internal_count=36477 15469 21008 6702 2853 2226 627 291 336 14306 7022 3849 2090 1901
is_linear=0
shrinkage=0.03


Tree=210
num_leaves=15
num_cat=0
split_feature=19 6 6 14 19 17 17 8 16 8 17 7 17 4
split_gain=2.66674 6.37369 6.13936 5.67335 7.80685 5.31074 8.60087 7.53976 6.47401 8.72491 5.17045 10.2139 9.42415 8.6821
threshold=3.4766128265134482 0.0079015944006199986 0.01246738537560607 3546.5000000000005 2.9548967154817123 13.850000000000003 16.250000000000004 106.50000000000001 7.9000000000000012 186.50000000000003 110.7 0.012447582476343552 180.20000000000002 0.0044504450231294722
decision_type=2 2 2 2 2 2 2 2 2 2 2 2 2 2
left_child=1 3 -3 -1 -5 7 -7 -4 10 -10 11 -8 13 -12
right_child=-2 2 5 4 -6 6 8 -9 9 -11 12 -13 -14 -15
leaf_value=-0.023300028628863226 -0.0021357161606500802 0.046007721811983725 0.017317662540941279 -0.030315157685249616 0.19612880769070798 0.070648941171305948 -0.028503393793088371 -0.027844118289026984 -0.0075458084879705635 0.032378054386701952 0.11474673334144603 0.085055184995829425 -0.001010653476555601 0.019532637077399887
leaf_weight=9.920880133446186 214.48189728688158 3.4355262613244113 5.2241746422369024 0.29279788049461863 0.25755504469270818 1.9566498674103048 8.9710206638846977 9.1617283043160551 7.2455383566557456 15.392179204907732 1.2244874582684158 0.77437557716621164 26.16177454830904 2.9108854005753528
leaf_count=3730 24816 160 764 180 45 186 1153 931 1001 447 107 100 2451 321
internal_value=-0.000296499 0.00394842 0.00674819 -0.018099 0.0756565 0.00504138 0.0087104 -0.0114438 0.00677691 0.0195998 -0.000472427 -0.01948 0.00564154 0.0477256
internal_weight=307.411 92.9296 82.4583 10.4712 0.550353 79.0228 64.6369 14.3859 62.6803 22.6377 40.0425 9.7454 30.2971 4.13537
internal_count=36392 11576 7621 3955 225 7461 5766 1695 5580 1448 4132 1253 2879 428
is_linear=0
shrinkage=0.03


Tree=211
num_leaves=15
num_cat=0
split_feature=1 0 6 14 1 9 11 13 6 10 15 3 8 14
split_gain=2.27083 3.58176 4.73532 3.15673 2.31106 6.08626 2.59202 2.39582 2.24065 2.34521 2.08245 1.93719 4.12829 2.27796
threshold=0.0021622816212865307 0.0011490318552223209 0.0057095915845837538 133.50000000000003 0.0022665805420641672 72.500000000000014 5.5000000000000009 143.50000000000003 0.0013879575633450219 210.50000000000003 84.500000000000014 0.0051214207522026454 5.5000000000000009 18597.000000000004
decision_type=2 2 2 2 2 2 2 2 2 2 2 2 2 2
left_child=1 2 -1 8 5 -2 -7 11 -3 -10 -4 12 -6 -14
right_child=4 3 10 -5 7 6 -8 -9 9 -11 -12 -13 13 -15
leaf_value=0.21978996157229752 0.14982116549729579 0.12242004413775931 0.083783887520300054 -0.030085442821844475 0.035044255313941508 -0.030109795446326408 0.034916885934246203 -0.021200330674173321 0.083833170811511676 -0.030122361220866145 -0.030104117977786848 0.0012098173312119858 -0.022742020168320783 0.013990002908120061
leaf_weight=0.11996148317120869 0.32556543214013745 0.18544428903260257 0.23457123211119324 6.1588758353755111 1.5645337381865818 0.86041271330032065 1.5375890688155776 4.5722803600074249 0.23789391313039232 0.51311583817005157 0.3763054130540695 279.85773799520393 9.5939073111803701 1.8054410225013278
leaf_count=155 115 6 4 8469 156 542 210 360 25 524 464 24139 997 112
internal_value=0.000184091 -0.0157691 0.0474678 -0.0222827 0.000600104 0.0281093 0.0115851 0.000348172 0.0290342 0.00597481 0.0136279 0.000684642 -0.0106526 -0.0169244
internal_weight=307.944 7.82617 0.730838 7.09533 300.117 2.72357 2.398 297.394 0.936454 0.75101 0.610877 292.822 12.9639 11.3993
internal_count=36278 9647 623 9024 26631 867 752 25764 555 549 468 25404 1265 1109
is_linear=0
shrinkage=0.03


Tree=212
num_leaves=15
num_cat=0
split_feature=12 12 19 8 15 12 4 13 3 4 12 15 19 6
split_gain=2.74972 2.20735 2.21547 4.1134 6.39218 4.67403 4.44621 4.37715 4.08982 2.79638 3.78997 2.56008 2.91634 6.65662
threshold=1.0000000180025095e-35 2.5000000000000004 7.3724319131086853 50.500000000000007 13520.500000000002 1002.0000000000001 0.0034857239101620569 5.5000000000000009 0.0090135610805759346 0.012058012246725446 28.500000000000004 11065.500000000002 6.5145642573195568 0.011266468269857144
decision_type=2 2 2 2 2 2 2 2 2 2 2 2 2 2
left_child=-1 -2 11 4 7 6 -6 -4 -9 10 -10 -3 -13 -14
right_child=1 2 3 -5 5 -7 -8 8 9 -11 -12 12 13 -15
leaf_value=0.050835720400032626 -0.032278577994041879 0.0049701068971247635 -0.02184207604703774 -0.023246754277298984 0.062238584896103198 0.096721755127933892 -0.017042211197757014 -0.023610673198111679 0.041713277236743833 0.067649743125738362 -0.034099456883160628 -0.0021936986174356599 -0.031137735842193565 0.01939189463480576
leaf_weight=0.9857305632031047 1.8213530220964447 119.10839953714458 8.1877611987874896 9.5080745062878105 1.1208200644468886 0.89474854216678057 1.4737642551772294 1.8747007514757559 1.5387522860255565 1.2339398311160037 0.96604749292600889 145.31700502456806 2.8154772980633451 14.083892652735811
leaf_count=63 246 12547 1465 741 104 86 411 282 115 124 209 18125 943 1008
internal_value=0.000809624 0.000650524 0.000845172 -0.00739697 0.00131884 0.0375956 0.0172059 -0.00785296 0.0125516 0.0306842 0.0124739 0.00163031 -0.000821963 0.0109735
internal_weight=310.93 309.945 308.123 26.7986 17.2905 3.48933 2.59458 13.8012 5.61344 3.73874 2.5048 281.325 162.216 16.8994
internal_count=36469 36406 36160 3537 2796 601 515 2195 730 448 324 32623 20076 1951
is_linear=0
shrinkage=0.03


Tree=213
num_leaves=15
num_cat=0
split_feature=19 18 14 6 18 19 14 12 12 15 15 12 1 0
split_gain=2.36224 7.72589 5.18266 6.49242 4.71568 8.57308 6.7766 4.77051 8.61332 4.74926 4.59165 5.27018 4.73662 4.23976
threshold=4.7828977861650346 46.850000000000001 526.50000000000011 0.0079015944006199986 134683.29000000004 3.7577049642608613 3288.5000000000005 250.50000000000003 352.50000000000006 13561.000000000002 5764.5000000000009 21.500000000000004 0.037485429543690933 0.0012921366942669087
decision_type=2 2 2 2 2 2 2 2 2 2 2 2 2 2
left_child=2 -2 3 -1 5 6 -4 -6 -9 13 -5 -12 -13 -8
right_child=1 -3 4 10 7 -7 9 8 -10 -11 11 12 -14 -15
leaf_value=-0.030512066886860804 0.056855608709648585 0.00074166107796548326 -0.027658033589514543 -0.015638449695082914 0.0012082610956931428 -0.020931024378874202 0.067309551794777406 0.089469878033802575 -0.0077331146761061616 -0.03155639439785024 0.067974481403266368 -0.0133360795672851 0.033643320320205609 0.0012383455237687251
leaf_weight=2.6808336311223711 2.2396265911811488 157.65896122112463 8.761280849343164 2.5648412694281424 12.78803801853792 32.412850185719435 0.88536062405910243 1.6711945135175477 1.6116961735388029 3.995026573073118 2.4272547776927231 2.8980868398211879 5.7912152835633606 68.699918189144228
leaf_count=1146 91 18335 2558 211 1649 3433 487 131 227 522 146 569 42 6959
internal_value=-0.000996824 0.00152762 -0.00373928 0.0121787 -0.00573013 -0.00786161 -0.00271699 0.00948977 0.0417492 0.000252769 0.0205438 0.0288919 0.0179746 0.002079
internal_weight=307.086 159.899 147.188 16.3622 130.825 114.754 82.3416 16.0709 3.28289 73.5803 13.6814 11.1166 8.6893 69.5853
internal_count=36506 18426 18080 2114 15966 13959 10526 2007 358 7968 968 757 611 7446
is_linear=0
shrinkage=0.03


Tree=214
num_leaves=15
num_cat=0
split_feature=19 5 5 5 4 4 16 6 6 1 6 12 10 1
split_gain=2.41938 2.40981 2.45177 4.36937 2.15416 2.48313 3.35173 2.45964 2.97915 4.97722 4.23909 2.92902 3.67862 6.55106
threshold=9.8893099122407015 0.0012747217678414715 0.0015352268944175621 0.002044451395271932 0.038837001005805241 0.034767306308860393 4.7000000000000002 0.031812932008753916 0.016619775223249564 0.04151461288238107 0.016448129331950022 19.500000000000004 1260.0000000000002 0.0050334930527281196
decision_type=2 2 2 2 2 2 2 2 2 2 2 2 2 2
left_child=1 -1 -3 -4 5 7 -7 8 10 -10 11 12 13 -5
right_child=-2 2 3 4 -6 6 -8 -9 9 -11 -12 -13 -14 -15
leaf_value=0.046814254747959194 -0.034675541800442661 -0.037582465634846629 0.060076237560535165 0.037480340771934129 -0.031553163154388213 0.056809498847768425 -0.012150046653177532 0.017921510564141176 -0.024629388919595176 0.0037491200598570328 0.050973592232804413 -0.0010432898816330675 0.012416491053387968 -0.010343486513477914
leaf_weight=1.0146191972889926 1.7541968596633513 1.5136848511756387 1.111082089570117 3.0143662783375502 1.8782152470521385 1.6055508705467212 1.0486565594328565 7.0554262798978007 11.215420972861468 11.035021102754397 1.511011171620338 211.30858794118103 36.096363014527014 17.80349536734866
leaf_count=56 355 245 50 1691 670 180 186 190 1706 119 58 26430 2961 1458
internal_value=0.000456069 0.000656673 0.000503724 0.000692939 0.000475594 0.000674992 0.0295641 0.000418578 -4.35764e-06 -0.0105552 0.000865983 0.000583706 0.00662434 -0.00341873
internal_weight=308.966 307.212 306.197 304.683 303.572 301.694 2.65421 299.04 291.984 22.2504 269.734 268.223 56.9142 20.8179
internal_count=36355 36000 35944 35699 35649 34979 366 34613 34423 1825 32598 32540 6110 3149
is_linear=0
shrinkage=0.03


Tree=215
num_leaves=15
num_cat=0
split_feature=19 19 18 18 18 14 0 18 17 17 0 2 5 9
split_gain=3.19145 2.3552 8.3684 5.28393 7.8586 7.63231 10.1321 6.64213 6.12311 8.14849 12.378 7.70151 10.9261 7.47968
threshold=9.5957725515189178 5.1503965643432599 46.850000000000001 134683.29000000004 9137.720000000003 208.00000000000003 0.03962791570387475 142142.00000000003 120.05000000000001 260.75000000000006 0.0035684711955571262 0.0074402731091686445 0.0060124491370396448 32.500000000000007
decision_type=2 2 2 2 2 2 2 2 2 2 2 2 2 2
left_child=1 3 -3 4 8 6 -6 -5 13 10 11 12 -10 -1
right_child=-2 2 -4 7 5 -7 -8 -9 9 -11 -12 -13 -14 -15
leaf_value=0.024824638314692959 -0.034104634487466347 0.054377144170066401 0.0016793270274655463 0.061115093971719207 -0.030862958462516365 -0.023405895387534265 0.13295849227111758 0.0053507116246730296 0.22031446404127272 -0.0069832392780603877 0.017704579367474972 0.20839761904710563 -0.03010003290708094 -0.0082078137009756226
leaf_weight=6.7173964274988966 2.5080273477651636 2.7664155948441467 138.03813822173106 2.0931136420404099 0.69196663791081181 25.021816166248755 0.6676021758466959 23.56546479104145 0.23633656246238632 12.602881520855588 13.829273483192081 0.49788729572901502 0.46605291395098902 75.627318256971193
leaf_count=818 437 71 15747 50 203 3464 9 2880 41 1636 657 129 320 9833
internal_value=-0.000402447 -0.000123319 0.00271469 -0.00258976 -0.0049399 -0.0196446 0.0495799 0.00989972 -0.00141254 0.0108073 0.0257253 0.118138 0.0541582 -0.00551314
internal_weight=305.33 302.822 140.805 162.017 136.359 26.3814 1.35957 25.6586 109.977 27.6324 15.0296 1.20028 0.702389 82.3447
internal_count=36295 35858 15818 20040 17110 3676 212 2930 13434 2783 1147 490 361 10651
is_linear=0
shrinkage=0.03


Tree=216
num_leaves=15
num_cat=0
split_feature=19 18 18 16 2 18 17 18 18 14 17 9 17 16
split_gain=3.04723 8.6109 9.13838 7.63295 8.70225 7.28067 4.90865 9.65341 4.89037 6.71156 5.66839 12.0663 11.0899 10.5772
threshold=4.7828977861650346 157784.10000000001 172217.10000000003 4.7000000000000002 0.048391212407616471 46.850000000000001 0.95000000000000007 240.60000000000005 6556.1600000000008 208.00000000000003 104.05000000000001 94.500000000000014 108.20000000000002 5.1000000000000005
decision_type=2 2 2 2 2 2 2 2 2 2 2 2 2 2
left_child=1 8 -3 4 -4 -2 -7 -8 10 -10 11 13 -12 -1
right_child=5 2 3 -5 -6 6 7 -9 9 -11 12 -13 -14 -15
leaf_value=0.052547489018563473 0.052166242531134978 0.09963162641417346 0.0096201248852656636 -0.020776645102917261 0.073977348697052261 -0.023507019734566963 0.047463050512622444 0.0010434606701438011 0.049374958251008322 -0.0205158690567337 0.10100710686880425 -0.014735772569120132 0.0039903452482527588 -0.0013399533219939216
leaf_weight=4.7603718980099066 2.562441327929263 1.1078052302182211 8.0344152211764577 4.8363210849929592 2.4729787217802359 6.9252634164149631 4.1466166972677447 145.8736815530865 1.2938982401101409 27.919014288985636 1.1020809356123233 54.250278665145743 28.047164543575491 10.529091305448672
leaf_count=921 87 42 1311 889 21 1181 136 16829 165 3437 59 7220 2735 1358
internal_value=-0.000852401 -0.00401041 0.0164195 0.0104117 0.024767 0.00200557 0.0011866 0.00232652 -0.00663824 -0.0174203 -0.00344665 -0.00810159 0.00765838 0.0154379
internal_weight=303.861 144.353 16.4515 15.3437 10.5074 159.508 156.946 150.02 127.902 29.2129 98.689 69.5397 29.1492 15.2895
internal_count=36391 18158 2263 2221 1332 18233 18146 16965 15895 3602 12293 9499 2794 2279
is_linear=0
shrinkage=0.03


Tree=217
num_leaves=15
num_cat=0
split_feature=12 18 4 16 15 7 7 19 0 19 10 9 19 6
split_gain=3.10849 5.07892 5.06693 4.83653 3.70114 3.69754 4.00802 6.07588 5.36219 10.7001 7.9523 5.31196 5.59355 3.63379
threshold=45.500000000000007 294201.77500000008 0.0032154789124406208 8.0500000000000025 119.00000000000001 0.014999251303157655 0.010390078433480878 2.1690373735723498 0.024337114416202271 4.1994525141022052 4350.5000000000009 112.50000000000001 2.6063797390931955 0.0058017577709879387
decision_type=2 2 2 2 2 2 2 2 2 2 2 2 2 2
left_child=1 2 -1 5 -5 6 -4 -8 9 11 -11 -9 -13 -3
right_child=-2 13 3 4 -6 -7 7 8 -10 10 -12 12 -14 -15
leaf_value=0.069361073629791034 -0.0024609332561815458 0.021415382226166062 0.0049685706874463597 0.036662616251344309 -0.030753727009254207 -0.016535729716418805 -0.022861560606592665 0.14524941583194528 0.015301806471060072 -0.0087457421265508591 0.14489992687092876 0.10891391884169989 0.0042574132689589209 -0.012991728263135251
leaf_weight=1.1355421697953705 169.79063698554819 3.1628370332327931 74.910244226935902 0.85883349017240007 4.9983838348125573 5.6237329599098294 2.8091306241985903 1.0149858047370828 16.785411359043792 2.6390669629909103 0.34252537456632115 0.97949814806634072 0.86595987598411739 21.826375062737498
leaf_count=93 20791 1020 7387 64 1260 704 516 180 279 832 115 107 264 2694
internal_value=0.000256817 0.0036018 0.00630918 0.00566893 -0.0208686 0.00713571 0.00846233 0.0187514 0.0239175 0.0486723 0.00890507 0.0901237 0.0598051 -0.00863689
internal_weight=307.743 137.953 112.963 111.828 5.85722 105.971 100.347 25.4366 22.6274 5.84204 2.98159 2.86044 1.84546 24.9892
internal_count=36306 15515 11801 11708 1324 10384 9680 2293 1777 1498 947 551 371 3714
is_linear=0
shrinkage=0.03


Tree=218
num_leaves=15
num_cat=0
split_feature=7 15 17 15 16 11 0 0 12 6 2 16 2 2
split_gain=2.66777 3.623 3.85626 3.41342 8.98456 4.02029 3.15522 4.48943 7.22709 7.23659 6.11909 2.97562 3.62726 5.70867
threshold=0.0034281007018386726 158.50000000000003 19997.000000000004 317.00000000000006 2.5500000000000003 8.5000000000000018 0.0053875561269234942 0.0057827301100714405 11.500000000000002 0.015778607023792357 0.00084132567962409959 3.8500000000000001 0.0064932025225957904 0.0075770573247140828
decision_type=2 2 2 2 2 2 2 2 2 2 2 2 2 2
left_child=-1 -2 3 4 -3 -6 11 8 -8 10 -10 -5 -13 -14
right_child=1 2 -4 6 5 -7 7 -9 9 -11 -12 12 13 -15
leaf_value=0.021561757374711756 -0.01801098361861881 0.059022072036214152 -0.02095754741007649 -0.02399760185496437 -0.033273958994306969 0.038186506591909454 0.13960415592732595 0.0012181848669922839 0.17074909662472115 0.10533635414547331 -0.030090022315707163 -0.014466614256017037 0.13138329393318329 0.0093497872886235435
leaf_weight=5.2994427613448343 9.6351351872581272 3.1565488770429502 7.2298411529918658 8.5944466680084606 2.328600614171592 1.0184364860760977 0.52285995855345335 257.39786485477816 0.14874983718618784 0.61746907295309927 1.662186353059951 7.5755991078040079 0.37125247981748533 4.8788621694693575
leaf_count=178 1085 225 3017 6905 303 46 108 14321 122 89 1043 6234 185 2581
internal_value=0.000458877 9.23758e-05 0.000682652 0.00122539 0.0227128 -0.01153 0.000729428 0.00164002 0.0384306 0.016647 -0.0135931 -0.0103382 -0.00118516 0.0179792
internal_weight=310.437 305.138 295.503 288.273 6.50359 3.34704 281.769 260.349 2.95127 2.42841 1.81094 21.4202 12.8257 5.25011
internal_count=36442 36264 35179 32162 574 349 31588 15683 1362 1254 1165 15905 9000 2766
is_linear=0
shrinkage=0.03


Tree=219
num_leaves=15
num_cat=0
split_feature=3 14 17 17 1 8 11 18 19 16 11 16 10 17
split_gain=2.9321 5.03816 4.37197 11.3 5.88533 4.70491 3.70412 4.77096 3.77301 3.65375 3.55823 3.52714 4.13566 3.66133
threshold=0.0083400307807972758 18528.500000000004 40.100000000000009 28.200000000000006 0.066249439247527978 9.5000000000000018 6.5000000000000009 35.50500000000001 4.647259871309366 4.8500000000000005 6.5000000000000009 8.0500000000000025 1329.5000000000002 11.950000000000001
decision_type=2 2 2 2 2 2 2 2 2 2 2 2 2 2
left_child=1 6 3 4 11 10 -1 9 -9 -8 -4 12 -3 -14
right_child=-2 2 5 -5 -6 -7 7 8 -10 -11 -12 -13 13 -15
leaf_value=-0.018097004339886084 -0.002819090120525637 -0.030814070129861121 0.07388838133374119 0.07214674579072243 -0.032209006213073071 -9.1533179771126959e-05 0.069008529087677947 -0.019874527831194543 0.0055217625309764732 -0.0041636823763996052 0.011150334398901226 0.051662257394718705 0.0063961197270990186 0.050583388953233124
leaf_weight=12.389788418382521 213.98692951515841 1.7488545722153519 1.3960309860121918 3.2723477857944081 2.4268987779505542 31.476854693944915 1.5757723481656314 7.6423608709592399 16.923955557431327 1.0064385649020549 1.9501647778379263 2.3861675128282505 5.4041583940561395 2.4540411139605567
leaf_count=2277 25905 414 169 191 49 2431 137 1371 2232 258 308 265 346 186
internal_value=-0.000893127 0.00358394 0.00967372 0.0218175 0.0103964 0.00350384 -0.00450462 0.00169854 -0.0023788 0.040489 0.0373246 0.0190178 0.0109097 0.0201954
internal_weight=306.041 92.0538 52.5155 17.6925 14.4201 34.8231 39.5383 27.1485 24.5663 2.58221 3.3462 11.9932 9.60705 7.8582
internal_count=36539 10634 4359 1451 1260 2908 6275 3998 3603 395 477 1211 946 532
is_linear=0
shrinkage=0.03


Tree=220
num_leaves=15
num_cat=0
split_feature=3 2 18 18 1 18 18 8 6 19 0 18 4 3
split_gain=2.31044 2.17425 2.15825 5.73523 4.69928 2.97146 7.10782 3.83587 4.60524 7.18613 2.91911 2.78239 2.67057 5.9495
threshold=0.050821151692171822 0.00070424744510863004 19892290.000000004 22179972.800000004 0.093329695934087853 3786223.6800000002 3448005.8750000005 14.500000000000002 0.0064064677379287597 7.8310188783667991 0.11527428806005251 8583976.5000000019 0.0036708348564242171 0.018870012042094032
decision_type=2 2 2 2 2 2 2 2 2 2 2 2 2 2
left_child=1 -1 5 -4 -5 6 10 8 9 -7 12 -10 13 -3
right_child=-2 2 3 4 -6 7 -8 -9 11 -11 -12 -13 -14 -15
leaf_value=-0.030052831387380619 -0.026446513509036668 0.0045148373856544934 0.061823885454546861 -0.023559126441444284 0.039638729052049966 -0.030094860718655025 0.056089767968793586 -0.030261914520666951 0.012621725120477887 0.14186615544177375 -0.023660685734544676 -0.029433759474763788 -0.00053714192616588724 0.048778110888057447
leaf_weight=2.0818297896621507 2.8905875995405941 53.806742347893305 1.8897459454310581 2.8822023603133857 1.6739536225795744 0.39153535655350236 2.090724911511642 6.3887309491838096 2.9530163140152581 0.49551000131759793 4.4046788318082681 2.7199301430955529 220.65333071096393 2.8792216801084569
leaf_count=2951 378 5063 127 813 7 315 104 1135 315 41 62 259 24588 213
internal_value=0.000248422 0.000501161 0.00071093 0.0178846 -0.00033993 0.00033793 0.000979091 -0.0137163 0.00239746 0.0659638 0.000570134 -0.00754204 0.000954966 0.00676308
internal_weight=308.202 305.311 303.229 6.4459 4.55616 296.783 283.835 12.9487 6.55999 0.887045 281.744 5.67295 277.339 56.686
internal_count=36371 35993 33042 947 820 32095 30030 2065 930 356 29926 574 29864 5276
is_linear=0
shrinkage=0.03


Tree=221
num_leaves=15
num_cat=0
split_feature=18 9 17 15 0 2 9 18 8 18 18 1 17 18
split_gain=2.22621 4.48194 2.82606 5.33498 2.75006 3.05354 3.08229 2.85794 2.84276 4.73114 5.98936 6.30044 5.38664 4.30819
threshold=19892290.000000004 58.500000000000007 19363.000000000004 13561.000000000002 0.09111741315520476 0.020317818722812856 279.00000000000006 32661.000000000004 38.500000000000007 1194643.5000000002 717171.09999999998 0.081715582469749914 14048.000000000002 172217.10000000003
decision_type=2 2 2 2 2 2 2 2 2 2 2 2 2 2
left_child=2 -2 4 -4 8 -6 -7 -8 -1 10 12 -12 13 -10
right_child=1 -3 3 -5 5 6 7 -9 9 -11 11 -13 -14 -15
leaf_value=0.0072574515040292002 -0.018468567853532285 0.038305237431434484 -0.031443875029750747 0.13482965706987277 0.0064687951787876412 -0.021724365897608646 -0.015415036164581416 0.011185227399253742 0.00072081057514662586 -0.031795396560401805 -0.0014442830352407443 0.074725149888005646 0.038029862584788209 -0.019266428653524483
leaf_weight=75.612456776638282 1.8557673266186601 3.8429973224119749 3.872612594801466 0.18182600292493578 12.223690888145937 13.6477886303328 7.1417433791793865 7.4035946251824498 163.61773569915385 4.0299093735666238 1.8977967324753984 2.0151382088661194 3.334304863572469 10.317856632245819
leaf_count=15216 557 509 2177 179 119 170 157 77 15570 683 209 9 160 800
internal_value=0.00123924 0.0198172 0.000892455 -0.0239871 0.00122731 -0.00605432 -0.011484 -0.00187547 0.00235565 0.000354513 0.0010696 0.0377825 0.000259222 -0.000464832
internal_weight=310.995 5.69876 305.296 4.05444 301.242 40.4168 28.1931 14.5453 260.825 185.213 181.183 3.91293 177.27 173.936
internal_count=36592 1066 35526 2356 33170 523 404 234 32647 17431 16748 218 16530 16370
is_linear=0
shrinkage=0.03


Tree=222
num_leaves=15
num_cat=0
split_feature=13 9 1 4 5 4 2 6 6 0 14 7 4 18
split_gain=3.42816 3.94828 3.38209 3.06272 2.77928 2.42548 2.88632 2.35886 3.49792 2.50089 2.35394 4.21138 2.26224 2.18305
threshold=73.500000000000014 643.50000000000011 0.14653961146057856 0.0061456543911834081 0.0016265813029879537 0.012257963958740493 0.019757403598439572 0.031812932008753916 0.018648222945678531 0.10606139759357953 99.500000000000014 0.0059811209134019395 0.00076574566998797837 157784.10000000001
decision_type=2 2 2 2 2 2 2 2 2 2 2 2 2 2
left_child=2 3 7 -2 -3 6 -5 8 10 -10 11 -1 -12 -14
right_child=1 4 -4 5 -6 -7 -8 -9 9 -11 12 -13 13 -15
leaf_value=0.10486921501908711 -0.03435833385017225 0.067040580745906686 -0.045681590011123867 -0.013830809699332928 -0.0069847219691314688 -0.031949022357800172 0.03467417295530182 0.020242085938517493 -0.02451092644847077 0.012523009544220804 0.026930039816343919 -0.030960457059647509 0.00098492232341498365 0.0074256813781262108
leaf_weight=0.21949603426037301 6.0448279537085892 0.8694781555677753 1.3314277479657892 2.4953488435130566 0.96098442358197644 2.0233678307849914 1.9803689588734412 6.4080396055942392 7.279101635940604 2.1187996119260788 3.4412805544852736 3.2072156272333814 208.01276622286241 61.325271672554663
leaf_count=21 569 45 19 388 178 411 75 179 855 11 125 1543 23243 8571
internal_value=0.00132283 -0.0129816 0.00202377 -0.0189877 0.0281776 -0.00469138 0.00763117 0.00224128 0.0018374 -0.0161615 0.00244982 -0.02226 0.00276022 0.00245141
internal_weight=307.718 14.3744 293.343 12.5439 1.83046 6.49909 4.47572 292.012 285.604 9.3979 276.206 3.42671 272.779 269.338
internal_count=36233 1666 34567 1443 223 874 463 34548 34369 866 33503 1564 31939 31814
is_linear=0
shrinkage=0.03


Tree=223
num_leaves=15
num_cat=0
split_feature=19 17 17 0 12 11 10 17 0 3 11 15 18 15
split_gain=2.42014 2.08609 4.72148 3.89991 8.61632 11.5433 12.0819 3.55005 2.94905 2.41064 2.39773 2.3955 3.37493 3.82061
threshold=9.8893099122407015 16020.500000000002 11005.000000000002 0.0048950419009684059 105.50000000000001 3.5000000000000004 419.50000000000006 7447.2000000000007 0.18889930447672823 0.0018689484346756907 14.500000000000002 1854.0000000000002 142142.00000000003 11065.500000000002
decision_type=2 2 2 2 2 2 2 2 2 2 2 2 2 2
left_child=1 2 7 4 -3 6 -6 8 9 -1 -5 -4 -13 -14
right_child=-2 3 11 10 5 -7 -8 -9 -10 -11 -12 12 13 -15
leaf_value=0.038397789688809573 -0.03498256582169839 -0.030124521930537343 0.059401749033285621 -0.027922372865932073 -0.03003522787869916 -0.030163640044257336 0.35543627219582674 -0.027264936172356941 -0.035098736143720305 6.061314995365357e-05 0.012918653410983135 0.060154426839701083 -0.03700875077794373 0.019153160881550692
leaf_weight=1.4840325930854295 1.8134615120943625 0.83165791165083536 1.3090798076882473 7.3966593059594725 0.10667967797780875 0.26362866138515528 0.23304093195474707 4.3659373213449717 2.1386597505770615 278.35112725180807 1.5680076239514162 1.257940027528093 1.4161364616156786 4.736028953557252
leaf_count=76 357 977 108 1912 235 301 88 751 25 30774 249 63 186 421
internal_value=-0.000428307 -0.000223163 0.00024228 -0.0134287 0.0324889 0.118795 0.23439 -0.000419941 -4.28743e-06 0.000263924 -0.0207789 0.0219898 0.0153805 0.00622553
internal_weight=307.272 305.459 295.059 10.3997 1.43501 0.603349 0.339721 286.34 281.974 279.835 8.96467 8.71919 7.41011 6.15217
internal_count=36523 36166 32404 3762 1601 624 323 31626 30875 30850 2161 778 670 607
is_linear=0
shrinkage=0.03


Tree=224
num_leaves=15
num_cat=0
split_feature=1 7 2 5 0 9 15 4 0 1 17 11 4 11
split_gain=5.15198 4.73831 6.18667 6.16268 4.18509 9.81054 4.2123 3.8743 3.29083 3.88104 4.03555 12.237 8.64073 4.57287
threshold=0.0098420199876976377 0.0095403729200865626 0.010957851508233446 0.044000037141233524 0.0036708348564242171 184.50000000000003 107.50000000000001 0.0041070546279101732 0.0035381693360077601 0.007476775031380954 14615.600000000002 2.5000000000000004 0.0055641086074163628 3.5000000000000004
decision_type=2 2 2 2 2 2 2 2 2 2 2 2 2 2
left_child=1 2 3 8 5 -2 -6 -7 -1 10 13 12 -12 -10
right_child=4 -3 -4 -5 6 7 -8 -9 9 -11 11 -13 -14 -15
leaf_value=-0.020574674705649561 0.10927755032982622 -0.016458785352487588 -0.030185641324125989 0.1316841766987569 -0.025480393108138349 0.058483289530926283 0.00089841860024923693 -0.011978392506447128 -0.0054278933411559364 -0.030371747414392022 0.29315020867279695 -0.0080787453911743811 0.063999015946082982 0.034898737398367297
leaf_weight=3.0755405263626114 1.0573889261577267 33.052910467915353 4.3216686298546838 0.36697137064766039 5.5759959544520816 0.93844413451734032 237.67311948971474 2.7911437738221139 5.4486282983707479 1.5697910162853066 0.27755603594414313 0.81465976672188845 0.31751870199514087 4.7256885624665301
leaf_count=2550 189 18619 2584 125 171 189 6967 726 1783 450 76 332 144 1395
internal_value=-0.000987371 -0.00938734 0.00178638 0.0101118 0.000840402 0.0286191 0.000293737 0.00575127 0.00736291 0.0138951 0.0198938 0.0674631 0.17088 0.0133027
internal_weight=302.007 53.9709 20.918 16.5964 248.036 4.78698 243.249 3.72959 16.2294 13.1538 11.5841 1.40973 0.595075 10.1743
internal_count=36300 28058 9439 6855 8242 1104 7138 915 6730 4180 3730 552 220 3178
is_linear=0
shrinkage=0.03


Tree=225
num_leaves=15
num_cat=0
split_feature=4 4 7 15 13 8 3 1 19 4 1 3 7 4
split_gain=2.9332 7.86949 5.90721 6.19514 3.89844 5.05396 4.21021 3.8888 5.61345 3.99016 4.47587 4.80231 3.51085 6.44791
threshold=0.0045584829311070725 0.0049430315696807198 0.0017359313065501692 603.00000000000011 1.0000000180025095e-35 20.500000000000004 0.0018689484346756907 0.029237829527496831 4.562262140174151 0.0057967512212610062 0.0090135610805759346 0.010257698281316086 0.0093503261399233671 0.0080671974084614972
decision_type=2 2 2 2 2 2 2 2 2 2 2 2 2 2
left_child=2 -2 -1 -4 5 7 -6 8 -3 -10 11 -11 13 -7
right_child=1 4 3 -5 6 12 -8 -9 9 10 -12 -13 -14 -15
leaf_value=0.076259628480698435 -0.028019606053412496 -0.031008025381438105 -0.026891231418357177 0.0053573875393231269 0.051433015330443962 -0.0091131907303673675 -0.0040218137560357504 -0.00024277335272002284 0.096589238482701567 -0.030149928309931868 0.065513934589444725 0.049656839992910443 -0.0029630460490389552 0.049737095301069442
leaf_weight=1.0073658586479712 10.355120713706127 0.95369497111823687 5.7485805048490866 79.583045277307974 1.2420245766406868 3.2951822562608859 155.14278316148557 3.9304430804913864 1.1890211476857073 1.3758649937371958 2.3890693564899266 1.3390306664805391 33.63793565321248 3.4090623001975473
leaf_count=16 1445 407 662 8279 51 219 20006 115 179 854 151 258 3584 284
internal_value=-0.000643223 -0.00249482 0.00403748 0.00318488 -0.0012235 0.00593377 -0.00358139 0.023785 0.0368171 0.0470959 0.0355659 0.00921207 0.00098796 0.0208118
internal_weight=304.598 218.259 86.339 85.3316 207.904 51.5193 156.385 11.1771 7.24668 6.29299 5.10397 2.7149 40.3422 6.70424
internal_count=36510 27553 8957 8941 26108 6051 20057 1964 1849 1442 1263 1112 4087 503
is_linear=0
shrinkage=0.03


Tree=226
num_leaves=15
num_cat=0
split_feature=0 8 7 16 11 4 12 0 12 19 9 2 2 9
split_gain=2.62494 4.28958 3.54269 5.55053 2.23585 2.19459 2.05905 5.50898 5.44101 6.11373 5.07409 4.90881 5.47038 3.40552
threshold=0.0029417923211847376 138.50000000000003 0.0093503261399233671 7.9000000000000012 14.500000000000002 0.037572065501796426 315.50000000000006 0.0088972023776565327 396.50000000000006 7.3412889952397471 318.50000000000006 0.01415834864892652 0.0064932025225957904 4.5000000000000009
decision_type=2 2 2 2 2 2 2 2 2 2 2 2 2 2
left_child=1 -1 3 -3 -4 6 13 -8 10 11 -9 12 -10 -2
right_child=5 2 4 -5 -6 -7 7 8 9 -11 -12 -13 -14 -15
leaf_value=-0.030134157704737013 -0.031073428894732177 0.00048561452237452839 -0.030086795128449858 0.11944117647361652 0.029989236167241931 -0.031346845699392382 -0.030124113737598626 0.0090988881768101562 -0.01317070443292628 0.040353316098741591 0.058394989148779684 -0.010104124303274708 0.048928916277676961 0.0001056765881049261
leaf_weight=6.4189944600948348 3.1922357198491218 0.92380940567818448 1.8375841759116158 0.5713716419559205 0.80040094928699534 1.9417881528497662 3.2001502994535249 3.7966794401290818 2.1734747989685337 3.6273700132151125 3.7209232897730544 15.917470333515665 3.0941721845883876 255.30080006521894
leaf_count=6794 638 277 1813 146 212 561 2372 134 181 102 72 372 120 22579
internal_value=-8.27498e-05 -0.0147857 0.00905125 0.0459435 -0.0118589 0.000441459 0.000651395 0.00742297 0.0111395 0.00436525 0.0334986 -0.00179672 0.0233061 -0.000279367
internal_weight=306.517 10.5522 4.13317 1.49518 2.63799 295.965 294.023 35.5302 32.3301 24.8125 7.5176 21.1851 5.26765 258.493
internal_count=36373 9242 2448 423 2025 27131 26570 3353 981 775 206 673 301 23217
is_linear=0
shrinkage=0.03


Tree=227
num_leaves=15
num_cat=0
split_feature=14 14 12 0 19 17 17 16 4 17 7 16 17 16
split_gain=2.62896 2.23509 2.07861 4.82505 5.77101 5.54395 17.9321 4.6194 8.1245 7.35902 7.31282 5.15963 5.4863 6.67434
threshold=38.500000000000007 45.000000000000007 45.500000000000007 0.09458445277537629 7.1310187583124689 1200.5000000000002 1051.0000000000002 0.55000000000000016 0.030211405774556884 47.050000000000004 0.0095307075255696427 4.7000000000000002 10.950000000000001 8.2500000000000018
decision_type=2 2 2 2 2 2 2 2 2 2 2 2 2 2
left_child=-1 -2 3 4 5 6 7 8 10 -10 -3 -9 -13 -14
right_child=1 2 -4 -5 -6 -7 -8 11 9 -11 -12 12 13 -15
leaf_value=-0.029169924066705585 0.026663367696973729 -0.012199941748519521 -0.0011801354623831772 0.02261064352804093 -0.018037915178688777 -0.0097967908429837346 0.10237293596360621 -0.018265096643218567 0.16516147021124042 0.017951824570289338 0.022267575419131658 -0.012157674788789662 0.015065509219431797 -0.030674090417218903
leaf_weight=2.572560735497972 3.0915623392793341 7.8416933617554667 168.64231123992067 11.28194173472002 11.583120152572517 20.537197824931354 1.7577204399276514 10.501854366972109 0.60861517315788549 0.61391009783255868 18.874043222007458 12.464396014576776 32.213965769013157 3.1521711907844283
leaf_count=830 169 782 20285 133 1780 3602 150 1106 115 137 1833 2192 2699 659
internal_value=0.0010293 0.00128556 0.0010241 0.00385243 0.00209103 0.00423864 0.00751313 0.00558041 0.0156113 0.0912379 0.0121506 0.000776144 0.00495691 0.0109888
internal_weight=305.737 303.165 300.073 131.431 120.149 108.566 88.0284 86.2706 27.9383 1.22253 26.7157 58.3324 47.8305 35.3661
internal_count=36472 35642 35473 15188 15055 13275 9673 9523 2867 252 2615 6656 5550 3358
is_linear=0
shrinkage=0.03


Tree=228
num_leaves=15
num_cat=0
split_feature=15 3 3 16 18 18 9 16 18 4 12 9 4 19
split_gain=3.0264 2.16066 2.24917 6.89433 4.27809 2.33758 3.85089 2.79675 2.78093 2.64403 4.72164 7.27378 8.58357 4.32016
threshold=40.500000000000007 0.036688608885933088 0.0277596658635729 3.9500000000000006 3462.0000000000005 19892290.000000004 51.500000000000007 13.250000000000002 22179972.800000004 0.0088660600810181543 306.50000000000006 399.50000000000006 0.0082969402019515293 7.2679440397878237
decision_type=2 2 2 2 2 2 2 2 2 2 2 2 2 2
left_child=-1 2 5 -4 -5 7 -7 9 -8 10 13 12 -12 -2
right_child=1 -3 3 4 -6 6 8 -9 -10 -11 11 -13 -14 -15
leaf_value=-0.025751606369844401 0.0032492737378959813 -0.017193671693457611 -0.032977723734581639 0.0043312227014523294 0.074219754685983574 -0.030815046275667626 0.063749114590046937 -0.031594110937154293 0.015030144574193756 -0.0031899085799168355 -0.021812815823579083 0.052532503304402879 0.09222474627704369 -0.013044508909262426
leaf_weight=3.9803490097110616 150.4349657027924 6.033401629785657 1.4478433982731065 1.3323056327062661 1.9304754314944146 1.1185123236355128 1.569493686314672 2.4649957158835596 3.2134549632464768 108.09645962575451 3.5847096497454896 4.2211183359322604 0.7120326482108793 16.224843299904023
leaf_count=345 15605 1091 192 117 129 498 74 1430 436 13798 461 187 147 1842
internal_value=0.000237085 0.000579179 0.000941016 0.0215053 0.0456819 0.000608859 0.0192979 0.000222869 0.031017 0.000499734 0.00277649 0.0245625 -0.00291513 0.00166302
internal_weight=306.365 302.385 296.351 4.71062 3.26278 291.641 5.90146 285.739 4.78295 283.274 175.178 8.51786 4.29674 166.66
internal_count=36352 36007 34916 438 246 34478 1008 33470 510 32040 18242 795 608 17447
is_linear=0
shrinkage=0.03


Tree=229
num_leaves=15
num_cat=0
split_feature=12 4 19 8 16 8 17 3 7 13 17 17 8 12
split_gain=3.10062 4.17883 4.26905 5.07231 4.10379 11.0658 11.7471 7.63678 4.18399 3.83559 3.6623 6.33406 4.91034 3.95269
threshold=47.500000000000007 0.021568400531855356 7.1310187583124689 138.50000000000003 9.7000000000000011 88.500000000000014 40.100000000000009 0.0092867480579205373 0.0092890069835300272 110.50000000000001 1.9500000000000002 1.0500000000000003 27.500000000000004 293.50000000000006
decision_type=2 2 2 2 2 2 2 2 2 2 2 2 2 2
left_child=9 4 3 -3 10 -6 7 -7 -8 -1 11 -2 -13 -12
right_child=1 2 -4 -5 5 6 8 -9 -10 -11 13 12 -14 -15
leaf_value=0.0040563365115390939 -0.0071294638929971276 -0.031491481189593801 0.076241365932733188 0.027686471331585496 -0.031099152837249781 0.042023505397014403 0.047206500606074751 0.13234265844539639 -0.030432432310413319 -0.035595811251459504 -0.0098149593931719601 0.064666579874446364 0.011675976950092001 0.0017300300600027415
leaf_weight=136.89536075587966 9.8572204712836555 1.8473721344489593 1.0271707671636248 4.4282044597202912 3.226261291492845 2.6518972902122191 0.87851751796552013 1.2348850094713268 2.1622617479879409 2.2313258303620378 95.481984243757324 2.430569868447491 4.4649161394627299 37.045195559912827
leaf_count=15593 1548 558 108 231 1509 247 61 181 631 299 10782 155 289 4185
internal_value=0.000113711 -0.00264542 0.0195458 0.010266 -0.00366187 0.0147929 0.0361655 0.0707192 -0.00800162 0.00342039 -0.00491714 0.00829909 0.0303545 -0.0065878
internal_weight=305.863 166.736 7.30275 6.27558 159.434 10.1538 6.92756 3.88678 3.04078 139.127 149.28 16.7527 6.89549 132.527
internal_count=36377 20485 897 789 19588 2629 1120 428 692 15892 16959 1992 444 14967
is_linear=0
shrinkage=0.03


Tree=230
num_leaves=15
num_cat=0
split_feature=13 5 12 2 5 7 12 12 12 19 8 12 10 17
split_gain=2.09364 3.86852 3.41058 3.67047 2.33389 2.05458 4.89162 7.20788 6.9379 6.80475 4.27687 8.31562 3.70579 3.06118
threshold=110.50000000000001 0.002044451395271932 101.50000000000001 0.019757403598439572 0.0022916271515757447 0.012447582476343552 118.50000000000001 144.50000000000003 21.500000000000004 3.2771162522949617 18.500000000000004 13.500000000000002 1262.5000000000002 16.250000000000004
decision_type=2 2 2 2 2 2 2 2 2 2 2 2 2 2
left_child=1 -1 -2 -4 -3 -6 8 -8 10 -9 11 -7 -12 -14
right_child=2 4 3 -5 5 6 7 9 -10 -11 12 -13 13 -15
leaf_value=0.055436922161049881 -0.033857795912521776 -0.032059145561549783 -0.020200664910121777 0.043866330941330953 -0.00019098646003357089 -0.0070741582904015003 0.10646057367285562 0.071206175625336307 -0.014218352483626656 -0.011051071394658029 -0.020654287529884522 0.10963303904311163 -0.014786409223905748 0.034502137467399503
leaf_weight=1.1530448558332853 4.0931908176426068 1.9827891717723094 1.8839219054643765 1.4050562657648695 270.99976980342763 1.0068994547764369 1.0177525669860177 1.375799511442892 11.181983928006956 2.6456725705647841 2.5284140707371972 1.209486177191138 1.4996092612564096 4.6524217837431934
leaf_count=46 495 265 358 57 32306 218 74 132 1219 358 368 158 158 283
internal_value=0.000205022 0.000591811 -0.0155792 0.00716885 0.000381085 0.000596846 0.00846993 0.03514 0.0023828 0.0170902 0.0194184 0.0566132 0.00992139 0.0224876
internal_weight=308.636 301.254 7.38217 3.28898 300.101 298.118 27.118 5.03922 22.0788 4.02147 10.8968 2.21639 8.68045 6.15203
internal_count=36495 35585 910 415 35539 35274 2968 564 2404 490 1185 376 809 441
is_linear=0
shrinkage=0.03


Tree=231
num_leaves=15
num_cat=0
split_feature=12 18 18 18 9 8 3 19 9 9 5 1 1 2
split_gain=4.41624 4.10909 5.80796 5.79663 6.15453 6.87488 4.62251 4.717 4.0472 4.83981 5.71404 5.53886 9.38702 5.40051
threshold=48.500000000000007 73749.000000000015 5732.9000000000005 5269.0800000000008 32.500000000000007 21.500000000000004 0.0022420755288589376 5.4103057685793852 606.50000000000011 257.00000000000006 0.0075669798990463631 0.0090135610805759346 0.032257643733281209 0.017777818806881538
decision_type=2 2 2 2 2 2 2 2 2 2 2 2 2 2
left_child=-1 2 3 4 5 -2 -4 -8 9 11 -11 -3 13 -13
right_child=1 8 6 -5 -6 -7 7 -9 -10 10 -12 12 -14 -15
leaf_value=0.0042868933545442888 0.0019662949071751453 -0.023759952171931203 0.058855684936338255 0.042747795658755756 -0.0058201752004186204 0.062809974824514725 -0.028699440528011086 -0.0068884408821883484 0.02343428052969871 0.023164649536142279 -0.029594487997812675 0.0063090037539116038 -0.00481683539632583 0.047732270874340565
leaf_weight=142.59360712945636 4.8241662056534542 4.6345795229135573 0.72855182882631098 2.5853533217014038 66.830313720245613 2.5574400785553735 17.344687978955335 18.381164908278151 8.2725969156890624 2.408278989751123 7.9345710313937161 4.664762081520168 13.966864341055041 7.2120600666385144
leaf_count=16089 827 4448 19 160 8210 122 2426 2009 499 140 541 322 251 207
internal_value=0.000434675 -0.00294886 -0.00609129 -0.00141056 -0.00294893 0.0230463 -0.015952 -0.0174776 0.00430023 0.000422622 -0.0173098 0.00644015 0.011856 0.0314628
internal_weight=304.939 162.345 113.252 76.7973 74.2119 7.38161 36.4544 35.7259 49.0937 40.8211 10.3429 30.4783 25.8437 11.8768
internal_count=36270 20181 13773 9319 9159 949 4454 4435 6408 5909 681 5228 780 529
is_linear=0
shrinkage=0.03


Tree=232
num_leaves=15
num_cat=0
split_feature=11 11 13 2 0 5 8 18 17 19 6 9 5 13
split_gain=2.19487 6.12349 2.08006 2.07809 2.3734 2.22595 2.16398 1.89269 6.23846 2.49673 3.74216 2.51232 4.4477 7.61824
threshold=33.500000000000007 31.500000000000004 1.5000000000000002 0.0054357811118971129 0.08157871100121436 0.010637967915447149 225.50000000000003 1.5200000000000002 0.45000000000000007 1.599336558775341 0.016129801848526644 97.500000000000014 0.031609136964115124 15.500000000000002
decision_type=2 2 2 2 2 2 2 2 2 2 2 2 2 2
left_child=1 7 -2 5 -5 6 -4 8 -1 10 -9 12 -11 -14
right_child=2 -3 3 4 -6 -7 -8 9 -10 11 -12 -13 13 -15
leaf_value=-0.031130335880068513 -0.031849072701191618 0.0626502587121857 -0.030366989953561577 -0.024989811532950334 0.0088389776559605268 0.081918085372128843 0.042091205094565702 -0.013449253708494901 0.049395155151964118 -0.0053721683951511385 0.041250394255313745 0.0028916577368945863 -0.015255375705952267 0.085037579388029985
leaf_weight=1.3204249908449122 3.3642381794197709 1.4449866463837668 0.74605330382473567 4.6462544341193279 3.1199433491565287 0.448673299877555 0.73781230798340403 17.91978302970529 2.5152498567040311 64.887485627856222 1.201076563913374 200.72346996447595 1.3955811551131767 1.3324472505482843
leaf_count=416 569 140 406 635 47 86 78 3565 352 13528 98 16116 334 102
internal_value=0.0005086 0.00104549 -0.011523 -0.00447248 -0.0113996 0.0233654 0.0056609 0.000739895 0.0216744 0.000460559 -0.0100133 0.00120689 -0.00379452 0.0337306
internal_weight=305.803 292.741 13.063 9.69874 7.7662 1.93254 1.48387 291.296 3.83567 287.46 19.1209 268.339 67.6155 2.72803
internal_count=36472 34651 1821 1252 682 570 484 34511 768 33743 3663 30080 13964 436
is_linear=0
shrinkage=0.03


Tree=233
num_leaves=15
num_cat=0
split_feature=6 15 5 3 3 17 18 17 18 18 9 17 14 17
split_gain=2.53755 3.68073 6.55521 3.42435 2.93935 2.75042 6.28178 2.85473 3.61445 8.51801 7.10552 4.2301 4.43575 8.15748
threshold=0.0050689436099621921 3803.0000000000005 0.0098062518009984136 0.0092867480579205373 0.0017214582655868205 0.15000000000000005 1.5200000000000002 0.25000000000000006 594.33000000000004 618.05000000000007 422.50000000000006 0.95000000000000007 3034.5000000000005 1.0500000000000003
decision_type=2 2 2 2 2 2 2 2 2 2 2 2 2 2
left_child=1 2 -1 -4 -3 -2 -7 -8 10 -10 -9 -12 -13 -14
right_child=5 4 3 -5 -6 6 7 8 9 -11 11 12 13 -15
leaf_value=-0.030686532072773831 -0.031951550224697596 0.082093094363729108 0.075040868286759085 0.011998840013894393 -0.018597423055295499 0.047501135332731939 0.032591269527244789 -0.015693094755552937 0.077420408375869609 0.0010351960067340683 -0.032165139282827319 0.035083508332038355 0.10898762376384304 -0.0057964110350636824
leaf_weight=1.9975875014642976 2.357813353315577 0.26508122147061186 1.3441297047975242 1.8329196521808624 16.643930339210783 2.5453109883092102 2.4210047796077552 32.532262740001897 1.3216213952982787 224.87515351916954 2.0596261293103479 5.5212439649621947 0.59407496778294344 8.9849584597686754
leaf_count=659 437 25 208 370 6549 287 157 4274 127 20916 128 322 40 1674
internal_value=-0.000448875 -0.0102435 0.0118962 0.0386703 -0.0170189 0.000314866 0.000585746 0.000156677 -0.000127946 0.0014815 -0.00745407 0.00816571 0.0136667 0.00132229
internal_weight=305.297 22.0836 5.17464 3.17705 16.909 283.213 280.855 278.31 275.889 226.197 49.6922 17.1599 15.1003 9.57903
internal_count=36173 7811 1237 578 6574 28362 27925 27638 27481 21043 6438 2164 2036 1714
is_linear=0
shrinkage=0.03


Tree=234
num_leaves=15
num_cat=0
split_feature=16 7 12 8 17 14 13 18 18 7 4 1 17 16
split_gain=2.60157 4.89778 3.89654 3.90773 6.95808 7.15737 2.54105 4.59506 6.25957 5.5931 6.17408 4.96864 4.84451 11.0603
threshold=8.2500000000000018 0.0015781973014117833 118.50000000000001 88.500000000000014 40.100000000000009 18542.500000000004 5.5000000000000009 32661.000000000004 5520.5500000000002 0.010770446649717892 0.0026419661230663791 0.021802194733561837 400.20000000000005 2.3500000000000001
decision_type=2 2 2 2 2 2 2 2 2 2 2 2 2 2
left_child=6 -2 -3 -4 5 -5 -1 8 -8 10 -9 12 -10 -14
right_child=1 2 3 4 -6 -7 7 9 11 -11 -12 -13 13 -15
leaf_value=-0.0014109605508338691 0.091931535586762106 -0.02523467969766972 -0.030942545153643388 0.091813033800178315 -0.022454257128799997 -0.0071522383714832383 0.005319786574704108 -0.019797396936296657 -0.0062340297588742407 -0.015663889394564187 0.023284641509196211 -0.029455459523469198 0.18013856568638292 -0.030647285746029033
leaf_weight=196.39222487836378 0.40411927131936209 10.452001554076562 2.0326918902865136 1.5740984857402511 2.0868780880846316 1.1297427450190296 45.291666660486953 3.3826748754363534 5.123962954341553 5.1123370140121542 26.041774982135394 10.004321000364142 0.42600788657728106 0.47256574417406227
leaf_count=20991 7 3179 994 148 436 124 4903 386 1011 611 2956 347 153 191
internal_value=-0.000132663 -0.0113077 -0.0137228 0.00391104 0.0186993 0.0504625 0.000543372 0.00454749 -0.000382025 0.0132996 0.0183319 -0.0164953 0.00503354 0.0692849
internal_weight=309.927 17.6795 17.2754 6.82341 4.79072 2.70384 292.248 95.8553 61.3185 34.5368 29.4244 16.0269 6.02254 0.898574
internal_count=36437 4888 4881 1702 708 272 31549 10558 6605 3953 3342 1702 1355 344
is_linear=0
shrinkage=0.03


Tree=235
num_leaves=15
num_cat=0
split_feature=18 18 18 19 19 18 1 17 17 17 17 12 1 18
split_gain=2.1617 5.45689 2.67943 2.77581 5.49097 2.64178 4.18773 2.53568 5.42628 4.1516 3.98449 5.94642 6.01759 5.58877
threshold=3786223.6800000002 3448005.8750000005 19892290.000000004 7.1895826890082004 7.896124674498914 1679390.5000000002 0.093329695934087853 6130.5000000000009 6515.0000000000009 4002.5000000000005 2500.5000000000005 108.50000000000001 0.081715582469749914 1412951.0700000001
decision_type=2 2 2 2 2 2 2 2 2 2 2 2 2 2
left_child=1 5 3 -2 -5 7 -7 9 -9 10 13 -12 -13 -1
right_child=2 -3 -4 4 -6 6 -8 8 -10 -11 11 12 -14 -15
leaf_value=-0.000409443276634235 -0.033705655640407201 0.05232725886165409 0.007679749379881042 0.024301089480118672 -0.025390194162073502 -0.031609500002206338 0.048299175492960839 0.065840383021666976 0.0067072647170461196 -0.032325633420980847 -0.0016542181808934669 0.02515280896352011 0.11687931085237127 0.058509924794564724
leaf_weight=251.99746900059108 5.3246171426872051 1.8351247002574371 5.7213026759854975 3.2790637874277291 5.1364131762966281 4.4261741717054965 0.68107032775878895 1.5338450158305956 15.612808996127567 3.5083403420576351 3.699309601521235 1.9299040847545259 0.96582171320915211 1.4572927976842027
leaf_count=28158 1888 123 1069 202 414 1245 3 47 1891 528 502 312 6 128
internal_value=0.000105649 0.000760331 -0.00957081 -0.0167538 -0.00602814 0.000429233 -0.0209534 0.000818276 0.011997 9.10073e-05 0.000528341 0.0235492 0.0557467 -7.06737e-05
internal_weight=307.109 287.647 19.4614 13.7401 8.41548 285.812 5.10724 280.705 17.1467 263.558 260.05 6.59504 2.89573 253.455
internal_count=36516 32943 3573 2504 616 32820 1248 31572 1938 29634 29106 820 318 28286
is_linear=0
shrinkage=0.03


Tree=236
num_leaves=15
num_cat=0
split_feature=4 5 0 18 11 3 6 0 6 6 2 3 1 18
split_gain=2.24789 1.74912 1.65739 5.06115 3.64018 10.3072 3.45416 3.44637 5.99751 4.28206 4.14421 3.36819 3.23413 2.77921
threshold=0.037572065501796426 0.05435992981464479 0.086073227930178506 717171.09999999998 33.500000000000007 0.0040272908099271499 0.016129801848526644 0.064791692781596494 0.01775495084831686 0.013143008260700745 0.0013599223353228708 0.0021495963407025254 0.05803720441745152 10143.945000000002
decision_type=2 2 2 2 2 2 2 2 2 2 2 2 2 2
left_child=1 2 4 6 5 -1 12 8 13 -9 -10 -6 -4 -7
right_child=-2 -3 3 -5 11 7 -8 9 10 -11 -12 -13 -14 -15
leaf_value=0.10592162795875358 -0.031128967222636091 -0.031736046700870817 0.0073234917546787862 0.011632859999119491 0.013097852928814244 0.0047679202931360442 0.01095232889189969 0.028437184283637198 0.043465436437785929 0.004376334257818343 -0.03317676334575697 -0.026921977047982718 -0.015240264958281265 -0.0026540181370440451
leaf_weight=0.86594547954155032 2.0298778779542763 1.5030995722190699 6.8336350303143254 15.060431838035582 2.5857639230089244 111.92829729283403 7.1929236669093362 9.3206872057635319 0.70197585184359823 23.292894614860415 6.6514153413882013 7.0618819266965147 34.991861569462344 76.403592428832781
leaf_count=96 756 207 86 104 131 15850 49 158 180 276 874 1596 595 15327
internal_value=0.000336251 0.00054608 0.00070628 -0.00357784 0.00185581 0.00261577 -0.00825118 0.00222392 0.000719154 0.0112527 -0.0258603 -0.0161959 -0.0115537 0.00175694
internal_weight=306.424 304.394 302.891 64.0789 238.812 229.165 49.0184 228.299 195.685 32.6136 7.35339 9.64765 41.8255 188.332
internal_count=36285 35529 35322 834 34488 32761 730 32665 32231 434 1054 1727 681 31177
is_linear=0
shrinkage=0.03


Tree=237
num_leaves=15
num_cat=0
split_feature=3 7 17 17 0 2 11 17 8 10 4 7 4 17
split_gain=2.56095 2.34138 2.78701 7.96575 4.33611 7.20601 6.30351 10.1254 2.66498 2.47544 2.14856 4.03819 3.99788 6.16418
threshold=0.050821151692171822 0.0060682578574170068 15213.500000000002 14048.000000000002 0.0048950419009684059 0.021768994617505467 1.5000000000000002 72100.000000000015 49.500000000000007 2791.5000000000005 0.0036708348564242171 0.014443935252547299 0.0024256493485124552 32.650000000000013
decision_type=2 2 2 2 2 2 2 2 2 2 2 2 2 2
left_child=1 8 3 10 5 6 7 -4 -1 -6 11 12 -3 -14
right_child=-2 2 4 -5 9 -7 -8 -9 -10 -11 -12 -13 13 -15
leaf_value=-0.0067995012356702163 -0.03262926788632451 -0.0011528404165683872 -0.030059317713375201 0.069468210657728582 -0.032785636553211484 0.28226624632534397 -0.030232247077858199 0.26171288281461441 0.024894742815090996 0.0097420772401181997 -0.0019160994223795058 -0.032730824890571317 -0.0034235001102268614 0.026748698798253461
leaf_weight=3.6888063873047923 2.2118007895041947 30.236863901634933 0.22523989004548528 1.4699320593645087 6.7266294344590261 0.096030254440847673 0.93631664185522823 0.20399356503912713 6.7692839545197785 1.507980241673067 219.06711749291571 2.5011002380488199 10.002969784967719 15.594570025961728
leaf_count=262 362 2723 359 197 2070 52 1105 78 214 119 26097 264 1180 1453
internal_value=-0.000466854 -0.000228959 -0.000734323 -0.000184575 -0.0165456 0.0310734 0.0134087 0.108606 0.0137155 -0.0249977 -0.000553659 0.00456271 0.00623327 0.0149581
internal_weight=301.239 299.027 288.569 278.873 9.69619 1.46158 1.36555 0.429233 10.4581 8.23461 277.403 58.3355 55.8344 25.5975
internal_count=36535 36173 35697 31914 3783 1594 1542 437 476 2189 31717 5620 5356 2633
is_linear=0
shrinkage=0.03


Tree=238
num_leaves=15
num_cat=0
split_feature=4 4 6 18 18 19 17 17 10 17 18 14 19 9
split_gain=2.1175 2.31028 2.34549 1.94146 5.12513 8.8861 5.69927 7.81803 8.23962 8.21673 4.62338 3.95276 3.80891 6.77384
threshold=0.037572065501796426 0.034767306308860393 0.013552463211115537 73749.000000000015 87051.240000000005 5.2915444505844222 140.10000000000002 250.05000000000004 1659.5000000000002 200.05000000000004 60216.250000000007 18528.500000000004 4.2794390867278116 152.50000000000003
decision_type=2 2 2 2 2 2 2 2 2 2 2 2 2 2
left_child=1 3 -3 10 5 -5 -6 8 9 -8 -1 -7 -9 -14
right_child=-2 2 -4 4 6 11 7 12 -10 -11 -12 -13 13 -15
leaf_value=-0.001681184596544079 -0.031235013725079697 0.055091453297999207 -0.0085537280959896624 -0.031528745013837609 -0.027432402887722619 0.074579906696334602 0.020246034948854793 0.012094048024922862 -0.013542009562753627 0.12013278427328371 -0.032038281233892664 0.021900058964335872 0.0053660074831848948 -0.015871232706530358
leaf_weight=203.40751075337175 2.0338676769606527 1.3320910144248039 0.85600757741485711 1.7020894960878639 5.9574767488666103 2.50062303210143 1.4664528092544054 19.491328745709325 1.6117425560369154 1.4986319899326188 4.6177502422506214 2.6302485812339 33.104613535004319 22.844869739099522
leaf_count=23314 759 159 106 203 867 129 122 1879 166 112 554 77 5589 2254
internal_value=-0.000726676 -0.000521905 0.0301928 -0.000745307 0.00286287 0.0278699 0.000875404 0.00298298 0.0410543 0.0707314 -0.00235505 0.0475745 0.000673275 -0.00330542
internal_weight=305.055 303.021 2.1881 300.833 92.8081 6.83296 85.9751 80.0176 4.57683 2.96508 208.025 5.13087 75.4408 55.9495
internal_count=36290 35531 265 35266 11398 409 10989 10122 400 234 23868 206 9722 7843
is_linear=0
shrinkage=0.03


Tree=239
num_leaves=15
num_cat=0
split_feature=8 7 12 7 17 11 16 6 11 17 9 19 1 7
split_gain=2.09556 4.29489 4.41995 4.86966 4.4003 3.82273 3.69587 2.424 5.37735 6.11846 5.1309 6.36736 3.23274 5.20396
threshold=617.50000000000011 0.0097388280704546332 92.500000000000014 0.0095307075255696427 156.65000000000003 4.5000000000000009 1.8500000000000003 0.0014866565664153392 2.5000000000000004 383.60000000000008 109.50000000000001 5.8544986509371677 0.0026023075610145763 0.011919504036559916
decision_type=2 2 2 2 2 2 2 2 2 2 2 2 2 2
left_child=7 2 3 -2 6 -6 -4 8 -1 -10 11 -11 13 -9
right_child=1 -3 4 -5 5 -7 -8 12 9 10 -12 -13 -14 -15
leaf_value=-0.030172550392517088 -0.020237548895595685 -0.002898226347872112 0.044502996409961589 0.028435750182394214 0.082528874697521168 0.019955299903573941 -0.03120227277341955 -0.030095363134573606 -0.0020903765394195781 0.25226204805387742 0.027300633504954368 0.061787009538281229 -0.0007509337825400117 0.033690901469125956
leaf_weight=1.0485190882609452 3.6638605736952758 16.611093507963233 1.1540641525061803 3.7366537464549765 2.3366979407146578 1.4082361673354169 1.1675064523005856 7.0313582184171519 0.96597371615644112 0.31686438957694896 0.48130116972606629 0.3149504168832209 258.97192792572605 1.3764708149828946
leaf_count=714 415 1452 21 260 175 108 249 9563 500 116 131 96 21366 1253
internal_value=-0.000202901 0.00730902 0.0198993 0.00433848 0.0388819 0.0589989 0.00643119 -0.00103816 0.0252195 0.0531546 0.101097 0.157313 -0.00134531 -0.0196527
internal_weight=300.585 30.0781 13.467 7.40051 6.0665 3.74493 2.32157 270.507 3.12761 2.07909 1.11312 0.631815 267.38 8.40783
internal_count=36419 2680 1228 675 553 283 270 33739 1557 843 343 212 32182 10816
is_linear=0
shrinkage=0.03


Tree=240
num_leaves=15
num_cat=0
split_feature=2 3 13 12 12 5 13 5 5 3 3 2 15 16
split_gain=2.12421 2.01235 2.25819 2.01486 1.88412 1.78852 2.5621 2.12785 2.99192 1.89921 8.50698 3.74387 3.20953 2.07872
threshold=0.00070424744510863004 0.045352602047333927 175.00000000000003 204.50000000000003 1.0000000180025095e-35 0.0012747217678414715 143.50000000000003 0.0015352268944175621 0.002044451395271932 0.0277596658635729 0.030571630837728517 0.01845411411159523 13487.500000000002 0.55000000000000016
decision_type=2 2 2 2 2 2 2 2 2 2 2 2 2 2
left_child=-1 2 4 -3 -2 -6 7 -7 -9 13 -11 12 -12 -10
right_child=1 3 -4 -5 5 6 -8 8 9 10 11 -13 -14 -15
leaf_value=-0.030055267247189717 0.039835923014973296 -0.032622958238819326 0.045604633956990541 0.016784437800962674 0.039404335059747574 -0.036856305524069079 -0.031670707783285214 0.047723019610576463 0.0034725817014711912 0.073471834717435167 -0.015119825454859475 -0.033793531081362127 0.045626303593821707 -0.0017338666207465595
leaf_weight=2.0250137304246882 1.1145463902212203 3.001412719226209 1.0205993585695967 0.9871850386407458 1.0737906612630457 1.3401998606277619 2.1955224493140113 1.2299454568419594 118.96992526357644 1.7538883066445112 1.4418979793408655 2.1062417760840617 1.7124862574855795 164.3729709545878
leaf_count=3032 55 459 84 138 49 225 316 36 11637 77 329 174 191 19739
internal_value=0.000568316 0.00077344 0.00105645 -0.0203945 0.000903525 0.000757028 0.000616412 0.000858407 0.00103175 0.000833969 0.0162545 -0.00282175 0.0178587 0.000452215
internal_weight=304.346 302.321 298.332 3.9886 297.311 296.197 295.123 292.928 291.587 290.357 7.01451 5.26063 3.15438 283.343
internal_count=36541 33509 32912 597 32828 32773 32724 32408 32183 32147 771 694 520 31376
is_linear=0
shrinkage=0.03


Tree=241
num_leaves=15
num_cat=0
split_feature=17 6 1 7 19 6 17 17 12 14 17 17 12 5
split_gain=2.52773 5.08475 5.66525 7.88993 5.44754 4.33746 5.97554 4.44602 6.14436 4.49643 3.85498 6.44286 4.77528 4.61578
threshold=260.75000000000006 0.0014866565664153392 0.0032154789124406208 0.011919504036559916 4.7072753070138882 0.016448129331950022 588.50000000000011 880.80000000000007 6.5000000000000009 1567.0000000000002 1101.2500000000002 1953.7500000000002 101.50000000000001 0.010344417086656591
decision_type=2 2 2 2 2 2 2 2 2 2 2 2 2 2
left_child=-1 2 4 -4 -2 7 -7 8 -3 -9 12 -12 13 -11
right_child=1 5 3 -5 -6 6 -8 9 -10 10 11 -13 -14 -15
leaf_value=0.0021530730237754757 0.24172876645932531 0.040650747055325377 -0.030371368859310435 0.13318848648317222 0.05020561675524543 0.048691831337525943 -0.00062398450590334586 -0.031690523495954047 -0.018812306422138096 0.014559450889243744 -0.025707613711469283 0.0019839418436462149 -0.019396166773135111 0.070613415592424511
leaf_weight=195.27288804680575 0.21899598678282828 1.6505792821408274 1.0269783161638768 0.35795631646760728 0.34300623365561478 3.1131217544898373 7.6334445305401459 4.2761624448321518 29.800691613098024 3.9838065770309168 9.1482287587277806 43.606284628804133 2.1050576169800479 1.9788747500278985
leaf_count=22102 99 144 425 50 162 135 731 1914 3205 250 1080 5927 190 96
internal_value=0.000108712 -0.0035456 0.0445024 0.011903 0.124837 -0.00441745 0.0136621 -0.00642981 -0.0156917 -0.00195509 0.000135482 -0.00281809 0.0194487 0.0331625
internal_weight=304.516 109.243 1.94694 1.38493 0.562002 107.296 10.7466 96.5497 31.4513 65.0984 60.8223 52.7545 8.06774 5.96268
internal_count=36510 14408 736 475 261 13672 866 12806 3349 9457 7543 7007 536 346
is_linear=0
shrinkage=0.03


Tree=242
num_leaves=15
num_cat=0
split_feature=17 18 14 10 19 0 18 18 10 13 14 7 17 18
split_gain=2.79343 3.17625 4.37627 6.75737 3.00785 3.90995 3.68977 5.89142 2.80208 5.12374 2.97838 2.58916 2.54874 5.55124
threshold=0.15000000000000005 3.3550000000000004 526.50000000000011 3952.5000000000005 1.599336558775341 0.0089949464737828205 97.040000000000006 88.099999999999994 3533.0000000000005 1.0000000180025095e-35 18597.000000000004 0.016569603304263322 0.25000000000000006 82.800000000000026
decision_type=2 2 2 2 2 2 2 2 2 2 2 2 2 2
left_child=-1 2 -2 -4 5 6 7 8 9 -3 -11 -10 -6 -14
right_child=1 4 3 -5 12 -7 -8 -9 11 10 -12 -13 13 -15
leaf_value=-0.031707484173611578 0.060358507483758345 0.10219488201457712 -0.031134133919814511 0.074639997329047011 0.031621567947364849 -0.026154332318544655 -0.022143920058761122 0.13680815889717282 -0.030278922507099973 -0.030387698079779313 0.040950708958322618 0.068887888125516258 -0.02396606785884212 0.0011835891790603242
leaf_weight=2.4676154569606288 1.8753136619779969 0.66023321426473769 1.8317163240571974 0.77295993937877927 2.38082045468036 8.8254049263778125 3.3596205332432874 0.35151916745235201 1.7733436655398693 1.0205703043757239 1.0884756802406628 0.27350207010749716 8.1364766486512945 270.55836557846487
leaf_count=667 81 155 606 37 215 510 1636 58 756 370 139 18 1666 29657
internal_value=8.24639e-05 0.000341438 0.0254143 0.000255243 -3.49551e-05 -0.0121565 0.00233077 0.0182424 0.00958853 0.0292616 0.00642995 -0.0170281 0.000713388 0.000449347
internal_weight=305.376 302.908 4.47999 2.60468 298.428 17.3527 8.52726 5.16764 4.81612 2.76928 2.10905 2.04685 281.076 278.695
internal_count=36571 35904 724 643 35180 3642 3132 1496 1438 664 509 774 31538 31323
is_linear=0
shrinkage=0.03


Tree=243
num_leaves=15
num_cat=0
split_feature=7 19 13 16 2 4 4 16 16 0 11 9 11 9
split_gain=2.62145 4.45952 4.95209 5.31003 1.92541 1.51117 2.01566 2.62268 1.84276 5.36749 8.89901 6.64617 3.96586 4.976
threshold=0.015374608309934258 5.3831175462396574 2.5000000000000004 0.95000000000000007 0.00070424744510863004 0.038837001005805241 0.034767306308860393 4.7000000000000002 7.2500000000000009 0.0018600008714027038 1.5000000000000002 292.50000000000006 10.500000000000002 291.50000000000006
decision_type=2 2 2 2 2 2 2 2 2 2 2 2 2 2
left_child=4 -2 3 -3 -1 6 8 -8 -6 10 11 -10 -11 -14
right_child=1 2 -4 -5 5 -7 7 -9 9 12 -12 -13 13 -15
leaf_value=-0.030050105251258803 -0.032134429120438478 0.073960104009089547 -0.031772594138722854 -0.0035100011125854015 -0.0010279282291753278 -0.030678732421107129 0.0496743992038121 -0.011624080277698781 0.19175808012143039 0.0004412400633087535 -0.0059706271576382575 0.034356494240564202 -6.6568291735316735e-05 0.031841910725811606
leaf_weight=1.8153820199004247 5.842686956326359 1.3567639072716704 1.9591523770359343 1.9276097011170348 179.27214458076924 1.3540220663708158 1.6929079038673074 0.99881540272326663 0.51571486814645995 90.234586486738408 1.1238495735888134 0.45394897568621673 8.7297857095109084 8.865508030576164
leaf_count=2904 859 143 248 165 19395 596 156 159 150 8838 1010 217 1066 562
internal_value=0.000212325 -0.0141093 0.00597558 0.0284926 0.000750432 0.000941111 0.00108779 0.0269284 0.000847276 0.00390551 0.0514821 0.11807 0.00298181 0.0160107
internal_weight=306.143 11.0862 5.24353 3.28437 295.057 293.241 291.887 2.69172 289.196 109.923 2.09351 0.969664 107.83 17.5953
internal_count=36468 1415 556 308 35053 32149 31553 315 31238 11843 1377 367 10466 1628
is_linear=0
shrinkage=0.03


Tree=244
num_leaves=15
num_cat=0
split_feature=1 0 6 12 10 3 1 2 13 19 15 12 6 13
split_gain=2.3415 3.8369 4.76638 2.13517 4.60825 4.6014 5.55026 5.81501 5.69346 5.02839 4.74332 6.63579 4.07782 3.90562
threshold=0.0018112653404688021 0.0011490318552223209 0.0048405136613782753 20.500000000000004 4361.0000000000009 0.0094296677935687221 0.0036383029956890598 0.045024232399861856 8.5000000000000018 5.9688352246924987 1864.0000000000002 6.5000000000000009 0.01246738537560607 48.500000000000007
decision_type=2 2 2 2 2 2 2 2 2 2 2 2 2 2
left_child=1 2 -1 4 5 13 7 8 -7 10 -8 -12 -13 -2
right_child=3 -3 -4 -5 -6 6 9 -9 -10 -11 11 12 -14 -15
leaf_value=0.21466204823736265 0.011741085128311469 -0.030091967783556068 0.0095027206328287053 -0.0014521209111905057 0.042634923595196092 -0.030132370092481084 -0.026589762539021164 0.16067493036462768 0.082080409772384844 -0.033735867264651179 0.059551043247081131 0.038287903093325915 -0.010486094376717743 -0.033004664388814497
leaf_weight=0.12235851213335891 36.497876376437489 4.6552010607265402 0.61006983683910221 232.9604986145132 2.7530495034588958 0.92408207908738649 5.1862779521034161 0.31110827648080874 0.72717296578048263 6.3172987043799358 1.8764823096862517 1.8809833897103079 8.5793984657211677 1.8443301071820304
leaf_count=114 3188 7348 494 22520 125 559 405 26 126 558 138 212 465 218
internal_value=-0.000447737 -0.0200498 0.0437764 -9.55412e-05 0.0046285 0.0029973 -0.00679737 0.0416993 0.0192834 -0.0107892 -0.00251672 0.00760331 -0.00171557 0.00958873
internal_weight=305.246 5.38763 0.732428 299.859 66.8981 64.145 25.8028 1.96236 1.65126 23.8404 17.5231 12.3369 10.4604 38.3422
internal_count=36496 7956 608 28540 6020 5895 2489 711 685 1778 1220 815 677 3406
is_linear=0
shrinkage=0.03


Tree=245
num_leaves=15
num_cat=0
split_feature=4 15 6 7 15 17 15 4 9 17 12 19 13 12
split_gain=2.4679 2.65992 3.35248 1.91272 3.48123 3.46571 3.38612 9.19001 2.7891 3.36018 1.99365 4.36787 3.87837 4.27632
threshold=0.029573227539139924 13487.500000000002 0.013225780879673067 0.0060682578574170068 227.50000000000003 1.9500000000000002 300.00000000000006 0.0052835459474540923 413.50000000000006 52.550000000000004 248.50000000000003 2.0476720312775929 83.500000000000014 252.50000000000003
decision_type=2 2 2 2 2 2 2 2 2 2 2 2 2 2
left_child=3 -2 -3 8 5 -5 7 -6 9 -1 -8 -12 13 -13
right_child=1 2 -4 4 6 -7 10 -9 -10 -11 11 12 -14 -15
leaf_value=-0.031462881254567102 -0.02776452146048786 0.037401111304835304 -0.032182308886159049 0.039367709477434412 -0.035727199006219429 -0.027414313188697657 -0.0012952220807503721 0.071493423079264914 0.035418587582436323 0.014810925031285858 -0.022359270648922215 0.053371861088853036 0.04048477006742135 0.003869176898381713
leaf_weight=1.9390195830492283 5.7078484502198972 1.5240416737069611 1.0542058160499435 0.78115279483608802 1.1454040886892465 6.6813328827411169 219.20931594163267 1.9346398649649925 3.3510731674032286 5.1994761715759523 4.771425243743578 1.6262385767622607 3.0458969203173174 45.874453952084878
leaf_count=143 1224 234 236 103 87 923 26394 176 83 218 960 142 207 5262
internal_value=-0.000193307 -0.0163408 0.00894952 0.000259393 -0.000203551 -0.0204238 0.000339997 0.0316203 0.0128406 0.00224164 -1.09502e-05 0.00507825 0.00766826 0.00556396
internal_weight=303.846 8.2861 2.57825 295.559 285.07 7.46249 277.607 3.08004 10.4896 7.1385 274.527 55.318 50.5466 47.5007
internal_count=36392 1694 470 34698 34254 1026 33228 263 444 361 32965 6571 5611 5404
is_linear=0
shrinkage=0.03


Tree=246
num_leaves=15
num_cat=0
split_feature=5 12 11 12 9 5 12 12 5 13 12 1 6 2
split_gain=2.07319 2.24845 4.27618 8.44912 4.45688 4.62468 7.80808 5.1196 3.78978 4.36266 3.91201 4.49538 9.9969 4.34804
threshold=0.0012747217678414715 48.500000000000007 3.5000000000000004 46.500000000000007 395.50000000000006 0.0095818081573232402 15.500000000000002 16.500000000000004 0.012913587754709787 10.500000000000002 8.5000000000000018 0.0018600008714027038 0.013831546546760175 0.01845411411159523
decision_type=2 2 2 2 2 2 2 2 2 2 2 2 2 2
left_child=-1 2 8 4 -4 6 -6 -7 10 -10 13 12 -12 -2
right_child=1 -3 3 -5 5 7 -8 -9 9 -11 11 -13 -14 -15
leaf_value=0.042840846844056174 0.0262744005642092 -0.0028271571771727451 0.00023470056232080059 0.085015034941001225 -0.010108652667983496 0.029810412896104883 0.042194954051225829 -0.019832317514355807 -0.020558207040835844 0.036904130079184722 -0.030111781681364205 -0.0081545286749982095 0.1038761324759036 -0.0077516044035997626
leaf_weight=1.0027858254616138 7.5016665686707693 157.4680581775101 33.557005883776583 1.2797920560406044 3.4738986818410948 3.0672260453575282 9.8588395446131454 4.7887220334960148 1.6384174939448701 4.3363166494382313 0.99339520242938251 62.429010985666537 1.0114072960859628 6.1517233380582184
leaf_count=54 1017 20214 4898 194 229 186 564 415 176 474 1366 5985 298 290
internal_value=-0.00022233 -0.000367457 0.00239742 0.00881774 0.00703647 0.0178086 0.028567 -0.000450128 -0.00188159 0.0211466 -0.00364355 -0.00673452 0.0374841 0.0109435
internal_weight=298.558 297.555 140.087 56.0255 54.7457 21.1887 13.3327 7.85595 84.0619 5.97473 78.0872 64.4338 2.0048 13.6534
internal_count=36360 36306 16092 6486 6292 1394 793 601 9606 650 8956 7649 1664 1307
is_linear=0
shrinkage=0.03


Tree=247
num_leaves=15
num_cat=0
split_feature=12 9 0 18 18 2 18 5 2 6 12 18 19 10
split_gain=1.8725 3.78197 8.79095 3.87944 7.34167 3.54828 16.2856 4.7085 3.60264 3.55716 3.51946 6.69154 3.2757 4.33682
threshold=21.500000000000004 956.50000000000011 0.0054728211186011932 726.19500000000005 844.42000000000019 0.0014638734335558521 2059.6700000000005 0.064802287091598007 0.018079556932702665 0.016619775223249564 7.5000000000000009 20080.720000000005 3.0796111151707293 1188.5000000000002
decision_type=2 2 2 2 2 2 2 2 2 2 2 2 2 2
left_child=1 3 -3 -1 -5 6 -6 -8 10 12 11 -7 -10 -14
right_child=-2 2 -4 4 5 8 7 -9 9 -11 -12 -13 13 -15
leaf_value=-0.012696924841937263 -0.001177463906611044 -0.0010606758454608373 0.092248965964286389 0.056314753818067102 0.32970313979720478 0.03545375626357606 -0.0072244951541218811 0.17692128365404394 -0.012538369127322448 -0.025225979687947035 -0.014277131963858951 -0.031220420918775492 0.056807814015131325 0.012207224592453351
leaf_weight=12.129459295640116 226.67005115403299 2.4891859159397423 1.4311822358286006 2.4942673839104819 0.16604022853425604 3.961203209677481 1.1105781967708024 0.14081399142742146 4.2136500713531921 2.5225646031321949 15.919210235835633 2.0588632704893826 2.1483498019806602 22.639055981853744
leaf_count=1773 28256 599 90 97 45 258 985 1 153 114 2401 404 164 1114
internal_value=0.000171269 0.00433497 0.0330032 0.00271794 0.00597677 0.00368895 0.0505376 0.0134967 0.00244687 0.00894366 -0.00688809 0.0126512 0.0119158 0.0160728
internal_weight=300.094 73.4244 3.92037 69.5041 57.3746 54.8803 1.41743 1.25139 53.4629 31.5236 21.9393 6.02007 29.0011 24.7874
internal_count=36454 8198 689 7509 5736 5639 1031 986 4608 1545 3063 662 1431 1278
is_linear=0
shrinkage=0.03


Tree=248
num_leaves=15
num_cat=0
split_feature=17 17 8 17 19 18 6 16 18 17 17 2 6 9
split_gain=1.94219 5.85014 5.26364 5.25033 6.86747 8.81423 14.0359 7.67884 6.40514 6.62867 6.77388 8.2898 4.58174 5.3923
threshold=135.05000000000004 59.95000000000001 2.5000000000000004 260.75000000000006 6.9059529344359722 6556.1600000000008 0.0065076765732179033 2.3500000000000001 4787.085 231.65000000000001 147.05000000000004 0.0025744228933693943 0.0014866565664153392 152.50000000000003
decision_type=2 2 2 2 2 2 2 2 2 2 2 2 2 2
left_child=1 -1 -3 4 5 8 -7 -6 9 10 -2 -12 13 -5
right_child=3 2 -4 12 7 6 -8 -9 -10 -11 11 -13 -14 -15
leaf_value=0.00034036252144134023 0.049512422031445201 0.038722262660853754 -0.017745811809015632 0.079066236911098112 0.0043699079222051631 0.04360481181801211 -0.026277623204866211 0.1325492865488315 0.077826875622877378 0.070666991364416606 0.061277347988588825 -0.017300108417444306 -0.0013112707937988632 -0.030353038561556495
leaf_weight=133.9228124559304 2.8865059587406057 1.5724494203750534 26.92100803014182 1.324459558003581 0.79228619960485847 3.5234452142321961 9.7296455274481541 0.89669362406129949 1.8683349259663362 1.8793272485199839 1.4608618108904901 6.9904857741203159 108.1760541013864 0.58411731448722992
leaf_count=16368 121 122 3246 488 147 288 882 99 91 127 178 390 13636 233
internal_value=-5.32967e-05 -0.00228588 -0.0146295 0.00253468 0.013654 0.0101515 -0.00769879 0.0724214 0.0258336 0.018484 0.00983427 -0.00371756 -0.000498324 0.0455786
internal_weight=302.528 162.416 28.4935 140.112 30.0276 28.3386 13.2531 1.68898 15.0855 13.2172 11.3379 8.45135 110.085 1.90858
internal_count=36416 19736 3368 16680 2323 2077 1170 246 907 816 689 568 14357 721
is_linear=0
shrinkage=0.03


Tree=249
num_leaves=15
num_cat=0
split_feature=4 19 8 10 17 18 12 4 6 13 6 7 10 5
split_gain=2.1016 1.95898 5.35219 3.95892 6.0326 5.63294 5.60373 6.11859 5.2136 3.90823 3.90677 7.59098 4.27201 3.89034
threshold=0.037572065501796426 6.0724681651605019 39.500000000000007 2795.5000000000005 4002.5000000000005 32661.000000000004 47.500000000000007 0.0052835459474540923 0.013552463211115537 10.500000000000002 0.0040622421936500376 0.006378661724341551 4361.0000000000009 0.0088289298528310047
decision_type=2 2 2 2 2 2 2 2 2 2 2 2 2 2
left_child=1 13 3 -3 5 9 7 -7 -8 -5 11 -4 -12 -1
right_child=-2 2 10 4 -6 6 8 -9 -10 -11 12 -13 -14 -15
leaf_value=0.0075840321859261348 -0.031098782889198522 -0.0023018847809629468 0.11871038378759864 -0.032122668907042601 -0.034631289706819564 0.10570135786300694 -0.023572168480126231 0.030226756480958236 0.052307199565514585 0.051436063806188363 -0.02352116579067497 -0.011915821062594709 0.021118614082210631 -0.00053658975266033116
leaf_weight=84.07275287828088 1.836857011723622 38.36011242789391 0.55968773702625441 1.9628445925773106 1.6871907950553566 1.7888305678498002 1.7547168996243274 2.103397249331465 1.5216719582385847 0.67771901204832818 18.867191826881029 1.4067193307273553 2.1492241109372108 144.09630245513836
leaf_count=9683 772 5958 6 288 143 101 230 133 91 105 1585 346 103 16813
internal_value=0.000892946 0.00108817 -0.00319527 0.00232607 0.0177683 0.026781 0.0405786 0.0649142 0.0116689 -0.0106767 -0.0151727 0.0252636 -0.0189561 0.00245559
internal_weight=302.845 301.008 72.8393 49.8565 11.4964 9.80918 7.16862 3.89223 3.27639 2.64056 22.9828 1.96641 21.0164 228.169
internal_count=36357 35585 9089 7049 1091 948 555 234 321 393 2040 352 1688 26496
is_linear=0
shrinkage=0.03


Tree=250
num_leaves=15
num_cat=0
split_feature=5 5 0 9 17 17 18 18 5 12 9 17 0 18
split_gain=2.8512 3.31974 2.81954 3.48454 2.57772 3.51271 3.09954 3.1558 2.5739 2.2488 2.20865 1.98148 4.85421 5.18425
threshold=0.0066438029548522909 0.0033183872048748752 0.027721309448672224 1117.0000000000002 147.05000000000004 198.05000000000004 77984.10000000002 243315.06000000003 0.05191479836495793 24.500000000000004 218.50000000000003 250.05000000000004 0.051212898359563962 157784.10000000001
decision_type=2 2 2 2 2 2 2 2 2 2 2 2 2 2
left_child=1 2 3 -1 -3 -6 -7 10 11 -9 -8 -2 -13 -14
right_child=8 4 -4 -5 5 6 7 9 -10 -11 -12 12 13 -15
leaf_value=-0.030580916027073874 0.0041785558762262214 -0.020159194141172239 0.017369415407174987 0.041048404365405966 0.038515304549593558 -0.031947761525657162 0.0013331099016824144 0.016418535701942644 -0.031559365822630366 -0.027821165792239394 0.053393378033801321 -0.0091254741362184304 -0.0077891240517822162 0.011806807379617626
leaf_weight=2.7886759162429358 169.78224076059996 15.814976442969057 7.6996200963621959 0.78281300771050144 1.6722993535804551 3.401179212589339 1.4951784099102954 1.5603915448591577 2.0421092949036384 3.0661176749490551 1.4395800652855539 40.178624105574272 19.032236569561064 33.604096213821322
leaf_count=1043 18658 2247 118 83 111 528 156 245 311 703 62 11584 299 302
internal_value=0.000865938 -0.00662885 0.00715022 -0.0148809 -0.0120878 -0.00198479 -0.008163 0.00253577 0.00199086 -0.0129004 0.0268701 0.00225177 -0.00127282 0.00472131
internal_weight=304.36 39.7208 11.2711 3.57149 28.4497 12.6347 10.9624 7.56127 264.639 4.62651 2.93476 262.597 92.815 52.6363
internal_count=36450 5296 1244 1126 4052 1805 1694 1166 31154 948 218 30843 12185 601
is_linear=0
shrinkage=0.03


Tree=251
num_leaves=15
num_cat=0
split_feature=8 14 5 14 8 0 13 12 10 14 14 11 7 17
split_gain=2.25705 5.21364 4.45801 4.42806 4.31563 6.85558 4.2796 3.70587 5.68397 5.18708 4.42716 4.08118 10.0223 3.64467
threshold=31.500000000000004 864.50000000000011 0.031609136964115124 1202.5000000000002 17.500000000000004 0.005741464185669923 12.500000000000002 18.500000000000004 1260.0000000000002 522.00000000000011 1393.0000000000002 6.5000000000000009 0.0095307075255696427 7008.0000000000009
decision_type=2 2 2 2 2 2 2 2 2 2 2 2 2 2
left_child=1 4 3 -3 5 -1 -4 8 11 -10 -11 -2 -13 -5
right_child=7 2 6 13 -6 -7 -8 -9 9 10 -12 12 -14 -15
leaf_value=0.093960300639011007 -0.018820076959836007 0.056222498971122671 0.00099412253926797539 0.0072956025543861628 -0.033911867690085779 -0.0063582272331565923 0.072672351485577574 -0.0035458522709959626 0.051013237238171964 -0.031928217164584806 0.01274995083294081 0.1035375169542429 -0.031492389018337702 -0.015219071158226996
leaf_weight=0.64766060964030003 10.070940945515757 1.5489051869080857 1.2824866267619648 61.607083941853489 5.0915015412756466 11.485820755420717 1.8044645649788433 167.493746551816 2.9613305879174758 2.1672485244344015 25.272859845455969 0.88467838629730922 1.1222831905761266 7.2304278177180086
leaf_count=106 1238 207 262 9791 949 2371 124 17018 239 217 1726 95 205 1921
internal_value=0.000169569 0.0041244 0.00760702 0.00605946 -0.0107308 -0.00100343 0.0428933 -0.00153873 0.00637525 0.0132921 0.00922122 -0.0110352 0.0280294 0.00493075
internal_weight=300.671 90.6984 73.4734 70.3864 17.225 12.1335 3.08695 209.973 42.4793 30.4014 27.4401 12.0779 2.00696 68.8375
internal_count=36469 15731 12305 11919 3426 2477 386 20738 3720 2182 1943 1538 300 11712
is_linear=0
shrinkage=0.03


Tree=252
num_leaves=15
num_cat=0
split_feature=17 17 10 10 17 8 8 17 17 18 9 18 1 16
split_gain=2.19414 5.70258 4.75914 4.23373 7.67704 6.06869 5.36461 5.13578 4.68719 4.03508 4.76333 3.89368 6.62524 11.6975
threshold=10.950000000000001 5.0500000000000007 553.50000000000011 2278.0000000000005 4.3500000000000005 56.500000000000007 103.50000000000001 0.75000000000000011 1.7500000000000002 200.98500000000004 206.50000000000003 211.35000000000002 0.022758549874997574 7.9000000000000012
decision_type=2 2 2 2 2 2 2 2 2 2 2 2 2 2
left_child=1 3 9 8 5 7 -6 -5 -1 -3 -11 -7 13 -13
right_child=-2 2 -4 4 6 11 -8 -9 -10 10 -12 12 -14 -15
leaf_value=0.0025120700868739168 0.0013033496726500852 0.059032507880929765 -0.02734112384240641 -0.032303062529178514 0.0072063281531219627 -0.031216629028480582 0.072370949079764282 0.031909262428591351 -0.022078828244953573 -0.031610085785645135 0.066336146661036821 -0.031936644874995125 -0.017204968416662081 0.12938659257647042
leaf_weight=17.225886014828578 232.30049130156112 1.1019260121975123 14.11408262720215 1.3491260254086288 1.9984265766106535 5.4766848021099559 2.6376782021834515 6.6300993543118238 11.723823477805125 1.9891121664259119 0.57634593546390522 0.74856158060720168 3.7557084584550466 0.8801615065021906
leaf_count=2664 26525 82 1971 311 152 945 74 606 2237 453 8 195 112 49
internal_value=-0.000101248 -0.00474873 -0.0194297 0.000230642 0.00969769 0.0011876 0.0442813 0.0210523 -0.00744656 0.0110177 -0.00960586 -0.0134062 0.00470945 0.0552424
internal_weight=302.508 70.2076 17.7815 52.4262 23.4764 18.8403 4.6361 7.97923 28.9497 3.66738 2.56546 10.8611 5.38443 1.62872
internal_count=36384 9859 2514 7345 2444 2218 226 917 4901 543 461 1301 356 244
is_linear=0
shrinkage=0.03


Tree=253
num_leaves=15
num_cat=0
split_feature=13 11 4 17 17 9 9 4 5 17 18 17 11 6
split_gain=2.23579 1.84426 5.61861 1.83754 4.95426 10.2051 4.42604 3.85734 3.69772 3.11167 2.881 3.34035 3.95983 3.27004
threshold=175.00000000000003 49.500000000000007 0.023894958758888276 4.0500000000000007 5.0500000000000007 285.00000000000006 297.50000000000006 0.015306217548635585 0.0042764529964537503 5.9500000000000011 49595.500000000007 1.9500000000000002 8.5000000000000018 0.013143008260700745
decision_type=2 2 2 2 2 2 2 2 2 2 2 2 2 2
left_child=1 3 -3 8 5 -5 -7 -8 -1 -6 11 12 13 -10
right_child=-2 2 -4 4 9 6 7 -9 10 -11 -12 -13 -14 -15
leaf_value=0.025433065717534748 0.043148503569814756 -0.022636493317104402 0.06019101732859309 -0.017612516697780793 -0.031759867741831538 0.079595355842868393 0.0031903964806370842 0.065788992843360525 -0.027318771956172161 0.000280428738139056 0.036821650665305898 -0.023718431902999163 0.019959480031444325 -0.0015384381903713767
leaf_weight=3.0892998007620909 1.0551065022009414 7.51634547676076 0.81723466076073226 3.6741190887696558 2.7596233348303931 2.2111577104660682 2.4066281232226179 1.4020653059997128 6.6009022248326863 237.96744092478184 1.2103359373577394 11.357171342169748 4.9407395444432032 13.452530241556813
leaf_count=371 92 1157 91 503 259 25 224 60 2108 27759 119 2032 608 1074
internal_value=-0.000445252 -0.000598877 -0.014514 -0.000200478 0.000759895 0.0217874 0.0458344 0.0262343 -0.00611663 -8.68717e-05 -0.00871147 -0.0102275 -0.00409735 -0.0100244
internal_weight=300.461 299.406 8.33358 291.072 250.421 9.69397 6.01985 3.80869 40.651 240.727 37.5617 36.3513 24.9942 20.0534
internal_count=36482 36390 1248 35142 28830 812 309 284 6312 28018 5941 5822 3790 3182
is_linear=0
shrinkage=0.03


Tree=254
num_leaves=15
num_cat=0
split_feature=19 6 6 2 2 0 12 19 18 18 2 1 15 6
split_gain=2.61151 4.65538 5.98696 4.34101 5.95004 4.42787 7.03432 4.23232 5.84961 7.22773 4.74448 4.22021 4.07874 4.34831
threshold=3.839450000181905 0.0079015944006199986 0.011975898245995672 0.020444185889020198 0.02312776055242732 0.0011210377644294688 142.50000000000003 4.7828977861650346 157784.10000000001 172217.10000000003 0.048391212407616471 0.0026023075610145763 13561.000000000002 0.013934222370361318
decision_type=2 2 2 2 2 2 2 2 2 2 2 2 2 2
left_child=1 3 -3 5 -5 6 -1 8 -2 -10 -11 -9 13 -4
right_child=7 2 12 4 -6 -7 -8 11 9 10 -12 -13 -14 -15
leaf_value=-0.030050964038190558 -0.016397735752175496 0.045694006418968251 0.0082850717684339655 0.047477537239104153 -0.030711080484527215 -0.030483577558973393 0.31701165441361667 -0.030095885733167911 0.090801517026285777 -0.018226970524434952 0.031896444400430012 0.00093669470471352382 -0.022182925174181269 -0.015491902864262226
leaf_weight=0.13423754835093671 32.497747393732425 3.3044525046134359 75.94379011739511 2.0010613432386894 1.5578925764129961 7.6603516047107405 0.086380644206656143 4.048361223525716 0.93117390127735955 4.2348492502787849 2.8390270110685378 153.04221766878618 4.8492321591766077 7.6165320522122775
leaf_count=157 3769 200 7077 188 267 3902 94 5173 35 961 24 13165 583 748
internal_value=-7.25921e-05 0.0037965 0.00604737 -0.0142487 0.0132513 -0.0266674 0.105838 -0.00209246 -0.0107393 0.0122321 0.00188954 0.000136958 0.00456551 0.0061178
internal_weight=300.747 103.154 91.714 11.4399 3.55895 7.88097 0.220618 197.593 40.5028 8.00505 7.07388 157.091 88.4096 83.5603
internal_count=36343 13216 8608 4608 455 4153 251 23127 4789 1020 985 18338 8408 7825
is_linear=0
shrinkage=0.03


Tree=255
num_leaves=15
num_cat=0
split_feature=12 12 13 0 12 13 0 12 18 18 8 2 17 0
split_gain=2.97484 3.37814 4.56955 4.36782 9.0721 15.0174 4.89722 4.2178 3.81406 5.65742 5.61636 13.4011 6.59408 9.95674
threshold=248.50000000000003 48.500000000000007 91.500000000000014 0.0089949464737828205 46.500000000000007 2.5000000000000004 0.015806379029920825 9.5000000000000018 684.40000000000009 1322898.1500000001 7.5000000000000009 0.018079556932702665 11711.150000000001 0.004706997871062363
decision_type=2 2 2 2 2 2 2 2 2 2 2 2 2 2
left_child=1 2 3 4 7 -6 -5 -1 -9 10 11 -10 -12 -14
right_child=-2 -3 -4 6 5 -7 -8 8 9 -11 12 -13 13 -15
leaf_value=-0.017758693436543415 0.0059782561992467332 -0.0058064091900357278 -0.034198273015536955 -0.023351882904142474 0.28444867737236829 -0.030240783785569398 0.0012562480070933831 -0.0054060222255895738 0.0044607074097443222 -0.019399410464615709 0.018864660654065769 0.18134618856724161 -0.030174846047113426 0.22344725846985566
leaf_weight=3.9741656039696016 54.59507215936901 106.02498496953194 3.1936580580077125 7.8236671202757853 0.28566728699661226 0.26134064828511328 104.43002659309423 5.5756369027221835 0.85063736865413264 2.3544672403004361 11.21417692955583 0.70491835530265234 0.23144753637461768 0.34994977919268422
leaf_count=1877 6559 13676 402 1574 126 161 2096 2857 428 1498 4725 144 254 69
internal_value=-0.000359801 -0.00175916 0.00127879 0.00209948 0.0132295 0.134101 -0.000458848 0.0106115 0.0159095 0.0234768 0.031038 0.0846184 0.023972 0.122483
internal_weight=301.87 247.275 141.25 138.056 25.8024 0.547008 112.254 25.2554 21.2812 15.7056 13.3511 1.55556 11.7956 0.581397
internal_count=36446 29887 16211 15809 12139 287 3670 11852 9975 7118 5620 572 5048 323
is_linear=0
shrinkage=0.03


Tree=256
num_leaves=15
num_cat=0
split_feature=14 7 0 1 9 16 19 6 2 3 16 13 7 1
split_gain=2.28225 1.72569 1.60256 4.51453 6.1528 6.29659 3.10155 3.65584 5.24407 3.7367 5.52019 5.54813 6.7431 12.2108
threshold=35.500000000000007 0.018586283968961777 0.0036708348564242171 0.011835946192725528 184.50000000000003 6.3500000000000005 0.50031594015395309 0.0013879575633450219 0.019061479201689772 0.0097289741559167531 7.9000000000000012 1.0000000180025095e-35 0.0092890069835300272 0.0018600008714027038
decision_type=2 2 2 2 2 2 2 2 2 2 2 2 2 2
left_child=-1 2 3 6 -5 -6 -2 8 -8 -9 -11 12 -12 -14
right_child=1 -3 -4 4 5 -7 7 9 -10 10 11 -13 13 -15
leaf_value=-0.035462836699733935 0.025531607378249027 -0.031056897332751458 0.0003676878247348703 0.093317250850384864 -0.030378318008373033 0.046564493869470355 -0.030278054642972795 -0.030109475887485932 0.14574041555270809 -0.030137454157605107 0.021251893021850616 -0.0019129264440451478 0.42869498095851555 0.076944863343728603
leaf_weight=1.5735883619927324 3.1765602241648621 1.526062160352011 276.08215007232502 1.1844716411433172 1.6083903202961667 2.3643374452367425 0.29013959373696607 5.147612853033932 0.3207249919505557 1.6523926508671141 0.45022602513199661 1.0330150623049119 0.13069744744279888 0.27721521130297333
leaf_count=741 923 286 23759 186 513 330 320 6172 49 1836 37 994 160 141
internal_value=0.000570385 0.000762434 0.000927757 0.00969545 0.033306 0.0154136 -6.2404e-05 -0.00880254 0.0621377 -0.0137886 0.00992023 0.0449206 0.101298 0.189648
internal_weight=296.818 295.244 293.718 17.6358 5.1572 3.97273 12.4786 9.30202 0.610865 8.69116 3.54355 1.89115 0.858139 0.407913
internal_count=36447 35706 35420 11661 1029 843 10632 9709 369 9340 3168 1332 338 301
is_linear=0
shrinkage=0.03


Tree=257
num_leaves=15
num_cat=0
split_feature=4 4 16 2 0 3 14 4 17 17 5 13 6 17
split_gain=1.6899 1.37571 5.34235 5.59198 4.46838 4.17408 6.44316 3.04932 5.54163 4.20955 4.88261 3.75214 3.55771 2.30001
threshold=0.038837001005805241 0.021203536960837845 4.9500000000000011 0.020709697463187297 0.03043336263763189 0.0068013664151115446 18542.500000000004 0.01312357474390524 1953.7500000000002 3135.9000000000005 0.0077861857681015296 9.5000000000000018 0.031812932008753916 19363.000000000004
decision_type=2 2 2 2 2 2 2 2 2 2 2 2 2 2
left_child=1 7 3 4 5 -3 -7 13 12 -10 11 -11 -9 -1
right_child=-2 2 -4 -5 -6 6 -8 8 9 10 -12 -13 -14 -15
leaf_value=0.0016128539070356985 -0.031223268992190065 0.1142757161297817 -0.011197160280277662 0.039091080457898018 -0.020152692739823459 -0.030426366232874532 0.044324598696058412 -0.017555515159752084 0.05639034696880852 0.11627557906649573 -0.014566069860834099 0.0067603457367124854 0.026531330859218116 -0.017668623171417177
leaf_weight=238.7279988905284 1.5091471346022434 0.40786866063717919 8.7949388389388314 6.5624524998420375 4.1477191818412393 1.7519275459053458 2.5458882582024671 24.851766892679738 1.7212977834569745 0.51479206103249431 3.7701485664438223 0.62146744997153291 1.7643403210677195 5.700871921661018
leaf_count=25442 665 110 1392 173 100 738 310 3873 196 58 808 189 21 2404
internal_value=0.000443438 0.000601744 0.0074602 0.0181045 0.00254845 0.0225579 0.0138537 3.74169e-06 -0.00852092 0.0160248 0.00186345 0.0563772 -0.0146331 0.00116315
internal_weight=303.393 301.883 24.2108 15.4159 8.8534 4.70568 4.29782 277.673 33.2438 6.62771 4.90641 1.13626 26.6161 244.429
internal_count=36479 35814 2823 1431 1258 1158 1048 32991 5145 1251 1055 247 3894 27846
is_linear=0
shrinkage=0.03


Tree=258
num_leaves=15
num_cat=0
split_feature=12 4 1 1 7 10 7 19 18 9 18 14 1 4
split_gain=1.81465 1.77097 1.77173 4.66479 4.26705 5.85567 5.77406 6.1846 11.103 3.79031 4.66872 3.54373 5.65832 3.36368
threshold=1.0000000180025095e-35 0.037572065501796426 0.019890913707232168 0.016756627589038373 0.011802077450592854 43.500000000000007 0.0097978710607291714 9.5957725515189178 1122762.7800000003 104.50000000000001 3156.860000000001 18597.000000000004 0.012260568431489921 0.0014973908276345864
decision_type=2 2 2 2 2 2 2 2 2 2 2 2 2 2
left_child=-1 2 3 4 6 -6 7 -2 -9 -5 -11 -8 -13 -7
right_child=1 -3 -4 9 5 13 11 8 -10 10 -12 12 -14 -15
leaf_value=0.037210257105998457 0.0021542419123650922 -0.031052862799408328 -0.0023063621171896366 -0.016362831004092141 0.13673894039102602 0.089803636819760391 -0.020504295939864765 -0.030477566530467085 0.28776104996556623 -0.002163517459462846 0.04434154002135849 -0.0087107737843807997 0.0868420481922339 0.0096596284602506344
leaf_weight=1.1278466159419611 47.721349281957373 1.7445410397558578 203.23293291451409 1.9862163272919122 0.35400613053934549 0.4914369844191232 18.466035590587129 0.20691794744925474 0.18860422159195878 2.8572968415683118 6.0707083033048548 2.2986052080668737 0.73645377997308958 11.513170254605937
leaf_count=61 16080 775 5582 161 62 94 8741 108 99 181 249 607 24 3552
internal_value=-0.000771281 -0.000915094 -0.000737545 0.00269482 0.000241796 0.0164867 -0.002642 0.00313341 0.121274 0.0211195 0.0294582 -0.0155667 0.014475 0.0129405
internal_weight=298.996 297.868 296.124 92.8908 81.9766 12.3586 69.618 48.1169 0.395522 10.9142 8.92801 21.5011 3.03506 12.0046
internal_count=36376 36315 35540 29958 29367 3708 25659 16287 207 591 430 9372 631 3646
is_linear=0
shrinkage=0.03


Tree=259
num_leaves=15
num_cat=0
split_feature=10 6 6 17 0 0 19 18 5 0 5 4 5 6
split_gain=2.90917 3.98332 3.92372 3.66663 3.64096 4.18606 3.61699 8.81833 3.45951 3.14291 3.39318 6.7552 2.90203 3.28122
threshold=609.50000000000011 0.043083169177217821 0.013934222370361318 11711.150000000001 0.11527428806005251 0.10981109488499695 9.5957725515189178 834250.00000000012 0.003266122606398096 0.051212898359563962 0.04204186341751482 0.0048755171763496799 0.011779655196314078 0.0026282859224379986
decision_type=2 2 2 2 2 2 2 2 2 2 2 2 2 2
left_child=1 2 6 4 5 8 9 -8 -2 10 -1 -12 13 -10
right_child=3 -3 -4 -5 -6 -7 7 -9 12 -11 11 -13 -14 -15
leaf_value=-0.012870608351438502 0.019692118440617166 0.023075602850542692 -0.033110933385065468 0.020209722202521329 -0.021316043542533459 0.037239851747746869 -0.032542025242659478 0.19825376577224507 -0.030210669689157931 0.0038541772632687695 0.15560823399487658 -0.03064740729153799 -0.012645108638075822 0.0013934136467876643
leaf_weight=35.153782814064471 8.2581946395657706 3.9632384029682717 5.1131507780664824 8.7912569143009005 6.7042306768707922 2.8514659870415917 0.34479979453317255 0.2623720996780321 3.0036810004094141 17.816722390474752 0.31961821646836952 0.38799562098574825 15.383392921343328 188.58977192592283
leaf_count=11429 682 92 1074 1422 76 26 131 112 1784 213 66 156 1868 17354
internal_value=-0.000343171 -0.00604449 -0.00798747 0.00120337 0.000460061 0.00112948 -0.00562108 0.0671898 0.000651088 -0.00644467 -0.0115614 0.0534814 -0.000108632 0.000897945
internal_weight=296.944 63.3617 59.3984 233.582 224.791 218.087 54.2853 0.607172 215.235 53.6781 35.8614 0.707614 206.977 191.593
internal_count=36485 13273 13181 23212 21790 21714 12107 243 21688 11864 11651 222 21006 19138
is_linear=0
shrinkage=0.03


Tree=260
num_leaves=15
num_cat=0
split_feature=10 1 12 17 7 3 11 9 17 4 18 17 3 12
split_gain=2.64956 3.49052 7.92456 7.8165 2.76841 2.46096 2.43929 2.41689 3.16191 3.01033 3.09284 2.27077 2.11705 4.87083
threshold=4350.5000000000009 0.020544304533765007 49.500000000000007 104.05000000000001 0.011304319760254828 0.036688608885933088 1.0000000180025095e-35 135.50000000000003 26.550000000000004 0.009641835147914635 1338.5500000000002 314.50000000000006 0.0277596658635729 45.500000000000007
decision_type=2 2 2 2 2 2 2 2 2 2 2 2 2 2
left_child=5 2 3 4 -2 12 -4 8 -3 -9 -11 -5 -1 -14
right_child=1 7 6 11 -6 -7 -8 9 -10 10 -12 -13 13 -15
leaf_value=8.113574902984214e-05 -0.031093862565801378 -0.020174427170268048 0.029675597605882464 0.13287329111546309 0.075590299789592461 -0.021663842196880858 -0.031426844160965813 -0.026402488241665526 0.016789655946671971 0.020256975740919891 -0.018908791051851091 0.060559524889026349 0.049160291605029369 -0.017684773202804184
leaf_weight=252.86922422624775 0.96836226845334683 3.6881481102318521 0.74651826682384159 0.71690544969169401 0.28285836116992868 4.620518539020849 2.7694403201749083 14.055248106742512 4.7846662091906182 3.0731362008664282 4.4310911484644748 0.85921326505194884 2.4066025992215136 1.6562988221121484
leaf_count=32553 336 122 86 79 105 1013 732 535 168 118 203 135 154 247
internal_value=-0.00101898 -0.00860522 0.0116156 0.049008 -0.00697621 3.6079e-05 -0.0184534 -0.0128762 0.000699487 -0.0182114 -0.0028696 0.0934518 0.000426318 0.02191
internal_weight=297.928 36.3756 6.3433 2.82734 1.25122 261.553 3.51596 30.0323 8.47281 21.5595 7.50423 1.57612 256.932 4.0629
internal_count=36586 2619 1473 655 441 33967 818 1146 290 856 321 214 32954 401
is_linear=0
shrinkage=0.03


Tree=261
num_leaves=15
num_cat=0
split_feature=6 1 15 0 17 9 17 9 0 17 9 17 17 18
split_gain=2.15402 1.89528 2.5339 1.80955 4.90605 3.43718 3.23415 5.99217 4.71728 3.67364 20.3699 14.6109 8.09251 6.91539
threshold=0.0010051016661702787 0.0015534744260973705 92.500000000000014 0.086073227930178506 6130.5000000000009 53.500000000000007 4002.5000000000005 167.50000000000003 0.032095654545061213 999.50000000000011 224.00000000000003 1101.2500000000002 1051.0000000000002 134683.29000000004
decision_type=2 2 2 2 2 2 2 2 2 2 2 2 2 2
left_child=-1 2 -2 6 5 -5 9 -8 -9 -3 11 12 -11 -13
right_child=1 3 -4 4 -6 -7 7 8 -10 10 -12 13 -14 -15
leaf_value=-0.030206292461979336 0.028200725682681775 0.0020888078446573014 -0.030079292776180915 -0.023076728265837964 0.016483448470293066 -0.003389711460536017 -0.026776372603539399 0.019545317323827475 -0.018725471729426419 0.040511520342880594 -0.02096900908803901 -0.031111811348008816 0.13332025159148717 0.033705312339398275
leaf_weight=2.0445507903350508 0.82961968483868886 186.68980349767662 3.520951789279934 9.5778496658895147 9.6136192018166167 47.888004469685256 9.4149404274940043 7.6367911363195145 4.6720158392563462 1.5055770059989326 8.2022806575405394 1.8967317163624082 1.9288623907486908 6.7657608305744361
leaf_count=1183 120 20555 6476 103 57 716 3455 988 89 170 876 344 72 1229
internal_value=0.000482051 0.000691098 -0.0189658 0.000980215 -0.00335254 -0.00667095 0.00225097 -0.00876093 0.00501899 0.00340669 0.0155271 0.0402731 0.0926351 0.019513
internal_weight=302.187 300.143 4.35057 295.792 67.0795 57.4659 228.713 21.7237 12.3088 206.989 20.2992 12.0969 3.43444 8.66249
internal_count=36433 35250 6596 28654 876 819 27778 4532 1077 23246 2691 1815 242 1573
is_linear=0
shrinkage=0.03


Tree=262
num_leaves=15
num_cat=0
split_feature=0 4 4 4 1 0 6 5 15 5 5 9 8 8
split_gain=3.10414 2.04304 2.64197 2.59278 2.14214 2.49892 7.29829 2.25877 4.12216 3.42772 3.12435 5.64095 4.28034 9.31862
threshold=0.18889930447672823 0.031882207124881205 0.020114417974102943 0.019452255531699384 0.0021622816212865307 0.0011210377644294688 0.0045595072086785354 0.0047681225231923459 13487.500000000002 0.0061142243267097432 0.0075669798990463631 408.00000000000006 38.500000000000007 103.50000000000001
decision_type=2 2 2 2 2 2 2 2 2 2 2 2 2 2
left_child=1 2 3 4 5 6 -1 8 -6 -9 11 12 -11 -14
right_child=-2 -3 -4 -5 7 -7 -8 9 -10 10 -12 -13 13 -15
leaf_value=0.28115245451236703 -0.035873703604328115 -0.018058561582671731 0.010015355944062523 -0.032031172430677581 0.016950100593062647 -0.024103880143524735 -0.030153145492017336 -0.016796929630691047 -0.012886448692111425 -0.022850085399176632 -0.00077171185949990941 0.031294168331965966 0.057394986326026125 -0.017648659519024536
leaf_weight=0.096107721998122453 2.1627641818486145 5.4178458050300824 24.26243424887798 2.3006682417108086 16.661021128398719 5.0092586032915278 0.22993638421758078 11.093802745890569 5.5575690323312292 4.8884586710191815 210.15888370788889 7.9025290971621862 2.6284345184976701 3.4361105000425596
leaf_count=63 24 1311 2635 401 1283 8119 321 1180 508 871 18814 461 197 178
internal_value=-6.19394e-05 0.000196543 0.000532691 -0.000319547 -4.6972e-05 -0.0188658 0.0616101 0.000335773 0.00948704 -0.000511046 0.000277867 0.0119762 -0.00196161 0.014876
internal_weight=301.806 299.643 294.225 269.963 267.662 5.3353 0.326044 262.327 22.2186 240.108 229.014 18.8555 10.953 6.06455
internal_count=36366 36342 35031 32396 31995 8503 384 23492 1791 21701 20521 1707 1246 375
is_linear=0
shrinkage=0.03


Tree=263
num_leaves=15
num_cat=0
split_feature=18 18 17 18 17 17 17 14 18 18 2 2 8 8
split_gain=2.09205 6.58486 8.92263 8.22656 7.43265 4.51371 4.90137 12.1082 4.20066 4.0822 5.20054 7.74483 6.21662 6.01798
threshold=1338.5500000000002 1031.0700000000004 189.15000000000003 1084.6000000000001 4.7500000000000009 9.8500000000000032 11.950000000000001 1202.5000000000002 896.11000000000013 594.33000000000004 0.0068491180210041242 0.018079556932702665 57.500000000000007 155.50000000000003
decision_type=2 2 2 2 2 2 2 2 2 2 2 2 2 2
left_child=1 8 3 -3 -5 -2 7 -7 9 -1 -11 13 -13 -12
right_child=5 2 -4 4 -6 6 -8 -9 -10 10 11 12 -14 -15
leaf_value=-0.0018379207549932908 -0.016448742499936088 0.060188238595514497 0.083441217894560979 0.043528576387112779 -0.019371941811567622 0.089379260592855586 -0.0013849477635044488 -0.031010853552711024 -0.032108747393855226 -0.030424646522234526 0.015753413255317174 0.034812330125819642 -0.024760637205904035 0.078133793406738178
leaf_weight=59.759426956050447 18.095086787478067 2.5325657453067825 1.891701942498911 2.3588209122244717 5.9696190035756445 1.7249432646494818 188.64433952434774 1.3328128402063155 3.491805726880556 1.8626992826611957 2.5926893826690485 2.775266901939176 3.6498473787069088 3.0051633007824421
leaf_count=9459 2336 131 91 207 435 101 21695 318 421 631 236 113 130 58
internal_value=-0.000485457 0.00334384 0.0233134 0.0128408 -0.00155695 -0.00212616 -0.000774222 0.0369037 4.23521e-05 0.00156676 0.0162194 0.0234459 0.000971338 0.0492418
internal_weight=299.687 89.8896 12.7527 10.861 8.32844 209.797 191.702 3.05776 77.1369 73.6451 13.8857 12.023 6.42511 5.59785
internal_count=36362 11912 864 773 642 24450 22114 419 11048 10627 1168 537 243 294
is_linear=0
shrinkage=0.03


Tree=264
num_leaves=15
num_cat=0
split_feature=4 3 9 4 10 17 17 18 18 1 19 17 17 5
split_gain=2.99081 4.56063 2.65358 2.92057 3.4003 2.61804 4.08963 3.53126 6.13765 10.5596 3.94739 6.5674 4.48534 7.30178
threshold=0.0088660600810181543 0.036688608885933088 1.5000000000000002 0.0098416366036261603 4361.0000000000009 219.80000000000004 210.05000000000004 82865.85000000002 25768.090000000004 0.032900969303524381 3.748326219084142 65.050000000000011 32.650000000000013 0.0079338965421441657
decision_type=2 2 2 2 2 2 2 2 2 2 2 2 2 2
left_child=1 5 -2 4 -4 6 7 8 10 -10 -1 12 -12 -14
right_child=2 -3 3 -5 -6 -7 -8 -9 9 -11 11 -13 13 -15
leaf_value=0.010285660228047404 0.053239221750340342 -0.032201015522638814 -0.020386568396586775 -0.0030741764519984604 0.046330878437048383 -0.0024381983719534823 0.041255532116372749 -0.018915759677041653 -0.020291433611890043 0.049562871852329354 -0.002531349640980013 -0.03162613885180493 -0.032873608170293556 0.035571438913356651
leaf_weight=40.188367683877004 0.70734338584588741 3.530659239870146 14.530302704326456 93.735433800131432 0.72165811038576144 67.938938780680473 2.7331117711437392 5.6879239146219325 2.7800630863930547 6.5042292554862797 41.659056104079355 6.0235677395103258 1.7705581434711328 6.7530904228042345
leaf_count=4426 71 601 2126 13432 55 8227 65 661 803 112 4450 649 126 475
internal_value=-0.000752161 0.00156924 -0.00467925 -0.00505515 -0.0172298 0.00222421 0.00500037 0.00411061 0.00534995 0.0286459 0.0031062 -0.00202723 0.0015256 0.0213538
internal_weight=295.264 185.57 109.695 108.987 15.252 182.039 114.1 111.367 105.679 9.28429 96.3946 56.2063 50.1827 8.52365
internal_count=36279 20595 15684 15613 2181 19994 11767 11702 11041 915 10126 5700 5051 601
is_linear=0
shrinkage=0.03


Tree=265
num_leaves=15
num_cat=0
split_feature=17 17 17 17 10 19 2 0 15 13 6 4 9 12
split_gain=2.2107 8.20254 3.65333 8.16492 6.43895 4.91697 3.42339 3.08352 2.70907 4.17327 3.69329 3.36122 4.04492 2.53453
threshold=4.3500000000000005 4.7500000000000009 1.9500000000000002 1.5500000000000003 113.50000000000001 9.4692518242942363 0.020317818722812856 0.047449236363436571 12303.000000000002 24.500000000000004 0.011266468269857144 0.0042764529964537503 422.50000000000006 19.500000000000004
decision_type=2 2 2 2 2 2 2 2 2 2 2 2 2 2
left_child=2 -2 3 6 -4 -6 8 -5 9 -1 -10 -12 13 -13
right_child=1 -3 4 7 5 -7 -8 -9 10 -11 11 12 -14 -15
leaf_value=-0.021137220026166664 0.052083584839845917 -0.00027800640250659508 0.084585903082003075 0.001511259393204878 -0.029040902583791502 0.03865701397365455 -0.033418365655541252 0.051531396301682776 -0.030826498378075357 0.026077057567201928 0.055709519585361862 0.031522307084906095 0.051739704111172305 -0.031976573606833661
leaf_weight=9.0354522743582582 2.7216784727061158 251.67108947268571 0.51280631797271681 1.6956071138847608 12.326000937362549 1.0476520140364289 4.0640059481956987 3.2070556802209467 1.4976712766147091 2.0711047374788896 1.8263843835593432 0.79535242462589018 1.2325548574153797 1.9595082464511504
leaf_count=1904 139 29569 66 318 2273 52 337 22 786 342 109 64 60 271
internal_value=-0.000762664 0.000282196 -0.00720311 -0.00084711 -0.0197374 -0.0237377 -0.00849676 0.0342317 -0.00299771 -0.0123329 0.011183 0.0220049 0.00656691 -0.0136439
internal_weight=295.664 254.393 41.2712 27.3847 13.8865 13.3737 22.482 4.90266 18.418 11.1066 7.31147 5.8138 3.98742 2.75486
internal_count=36312 29708 6604 4213 2391 2325 3873 340 3536 2246 1290 504 395 335
is_linear=0
shrinkage=0.03


Tree=266
num_leaves=15
num_cat=0
split_feature=18 18 1 18 19 19 19 14 18 19 19 16 18 18
split_gain=2.063 10.4089 7.75002 5.55716 5.32849 5.96476 9.85972 5.26584 4.25747 6.90399 5.39868 4.70914 4.56107 5.10813
threshold=88.099999999999994 75.600000000000023 0.056728102862684031 166.81999999999996 5.4103057685793852 1.2946333325561221 1.1785366391390582 526.50000000000011 240.60000000000005 2.1690373735723498 3.0796111151707293 0.95000000000000007 316.72500000000008 333.51000000000005
decision_type=2 2 2 2 2 2 2 2 2 2 2 2 2 2
left_child=1 4 -3 -2 5 6 7 -1 9 -5 -11 -12 -10 -14
right_child=3 2 -4 8 -6 -7 -8 -9 12 10 11 -13 13 -15
leaf_value=0.036235318578769556 -0.023929854521694272 -0.0050417701919563832 0.096154830631849222 -0.031694263494231024 0.043832027293736149 -0.02396339574601463 0.077682770641180732 -0.013946765604241759 -0.031476279356438167 0.065316103966204533 0.043963328545920374 -0.012656067912483934 0.071431679379011084 -0.001118576382153321
leaf_weight=2.4878042826021645 9.5574601090338529 1.0561990469432196 1.9178680535405872 1.9763038112141647 2.2917404071777119 8.2905317332697432 1.6320453094813263 7.7281574856751831 4.4586852475476908 2.7152506103448086 2.4439362085686298 2.8800606865697773 0.87654897253378194 245.18110827718192
leaf_count=249 1488 276 13 247 121 2025 176 1919 721 155 161 282 139 28547
internal_value=-0.000693658 0.00747962 0.0602162 -0.00146243 0.000487186 -0.0044454 0.00921213 -0.00172636 -0.000638224 0.0185417 0.0308913 0.0133346 -0.00140503 -0.000860125
internal_weight=295.494 25.4043 2.97407 270.089 22.4303 20.1385 11.848 10.216 260.532 10.0156 8.03925 5.324 250.516 246.058
internal_count=36519 4779 289 31740 4490 4369 2344 2168 30252 845 598 443 29407 28686
is_linear=0
shrinkage=0.03


Tree=267
num_leaves=15
num_cat=0
split_feature=17 18 14 19 9 9 7 17 17 6 16 16 9 17
split_gain=1.63294 5.891 11.9026 10.5223 7.29055 8.11102 9.04777 6.68668 4.92266 11.9716 9.34545 7.31536 4.81134 4.72523
threshold=250.05000000000004 134683.29000000004 357.50000000000006 4.2794390867278116 152.50000000000003 82.500000000000014 0.0097869660328085296 4002.5000000000005 189.15000000000003 0.0065076765732179033 7.9000000000000012 0.75000000000000011 408.00000000000006 6130.5000000000009
decision_type=2 2 2 2 2 2 2 2 2 2 2 2 2 2
left_child=8 2 12 7 5 -5 -7 -3 -1 11 -11 -10 -2 -9
right_child=1 3 -4 4 -6 6 -8 13 9 10 -12 -13 -14 -15
leaf_value=0.00028959414109471854 0.0067153457472696378 0.05611146100789962 -0.018433312406500809 -0.01005008959766299 -0.018207679686012748 -0.0073119871292479759 0.040751821588357301 -0.032659073111765184 0.14088556787629755 -0.018931878227520019 0.032503120162489706 0.035936816026200864 0.068393454359829894 0.018972549291345554
leaf_weight=174.84806543594459 2.7095711020665467 4.0209753013623439 34.074602871864045 15.878610224826845 20.985091004185961 5.9933427692594696 8.5584390044677985 1.8341319784958603 1.0032104913843789 6.4738163808506197 6.2472355708741816 1.4790189581253796 1.9628537183452861 12.24952054114692
leaf_count=20941 408 78 4571 4482 2258 558 577 103 113 603 199 156 41 1476
internal_value=3.80645e-05 -0.00290265 -0.0122762 0.00232169 -0.00460411 0.00477704 0.0209561 0.0219903 0.00171331 0.018087 0.00632755 0.0783526 0.0326259 0.0122485
internal_weight=298.318 108.267 38.747 69.5201 51.4155 30.4304 14.5518 18.1046 190.051 15.2033 12.7211 2.48223 4.67242 14.0837
internal_count=36564 14552 5020 9532 7875 5617 1135 1657 22012 1071 802 269 449 1579
is_linear=0
shrinkage=0.03


Tree=268
num_leaves=15
num_cat=0
split_feature=3 3 3 9 15 13 17 0 4 15 9 7 19 19
split_gain=2.09948 2.82712 4.95652 2.92704 2.41875 4.78103 7.59127 5.49964 7.64878 4.36588 3.81177 5.54334 6.25717 6.28214
threshold=0.036688608885933088 0.0277596658635729 0.030571630837728517 634.50000000000011 11065.500000000002 1.0000000180025095e-35 4.3500000000000005 0.0018600008714027038 0.0060987474010219525 5769.0000000000009 401.50000000000006 0.012447582476343552 5.8142797632841665 3.2771162522949617
decision_type=2 2 2 2 2 2 2 2 2 2 2 2 2 2
left_child=1 4 -3 -4 5 6 -1 8 -8 10 11 -9 13 -13
right_child=-2 2 3 -5 -6 -7 7 9 -10 -11 -12 12 -14 -15
leaf_value=-0.031580459167347863 -0.018405117226328239 0.060245639987355978 -0.021063178091404663 0.04374450809501168 -0.0024319736915301539 -4.9947113953478016e-05 0.18738679092555444 0.0027440353367182584 0.028328859601235604 0.037323475229349187 -0.012969770671177756 0.062058140937030271 0.085172121320500477 -0.032024157301555466
leaf_weight=2.9601418991660493 5.4558850270332178 1.9399241386126949 2.0688146292086462 0.90011234508710902 162.11423921029927 97.717552206027904 0.4073456986661792 8.2211596354027332 0.81951220096379984 6.3988720657216609 5.2744209365046109 1.2377940537116949 1.919383252476109 1.3198588900704633
leaf_count=499 1089 89 294 51 21385 10618 121 852 159 528 337 113 170 175
internal_value=3.40952e-05 0.000377097 0.0229526 -0.00141494 -7.17371e-06 0.0031058 0.0139037 0.0191634 0.0811398 0.0160435 0.00846715 0.0173714 0.0442314 0.0135076
internal_weight=298.755 293.299 4.90885 2.96893 288.39 126.276 28.5585 25.5983 1.22686 24.3715 17.9726 12.6982 4.47704 2.55765
internal_count=36480 35391 434 345 34957 13572 2954 2455 280 2175 1647 1310 458 288
is_linear=0
shrinkage=0.03


Tree=269
num_leaves=15
num_cat=0
split_feature=18 17 17 19 18 18 6 18 17 19 17 17 18 17
split_gain=1.82405 5.15165 3.02864 7.70089 1.66481 2.92292 4.04242 2.75687 2.43401 4.99392 4.61169 2.4315 10.6021 4.86322
threshold=3.3550000000000004 0.45000000000000007 0.8500000000000002 1.2088489500472754 7.2000000000000002 10.630000000000001 0.013276053736176938 20.840000000000003 0.25000000000000006 5.8544986509371677 0.95000000000000007 1.7500000000000002 200.98500000000004 3.0500000000000003
decision_type=2 2 2 2 2 2 2 2 2 2 2 2 2 2
left_child=1 -1 -3 -4 -2 6 -6 -7 9 -9 -10 12 -12 -13
right_child=4 2 3 -5 5 7 -8 8 10 -11 11 13 -14 -15
leaf_value=-0.031175825351385106 -0.030658194605253639 0.058894391006593452 -0.031032556303849091 0.094916865538463582 0.0037086123090423334 -0.031163559454409177 0.092790362545124211 0.052084029555757728 -0.026994519774105951 -0.03145597809481733 -0.032877104673847871 -0.026832616236872397 0.031277755113352256 -0.00043919822483999441
leaf_weight=1.5132124581141386 1.6926038259261975 2.092663994684699 1.4238251136266629 0.63032987504266191 1.2931235821743023 2.7139760113495859 0.71029211315908458 2.0688018258515508 6.0426157377150949 0.93511331333138503 3.2375244174545506 6.4416279064025721 8.1654755405615997 255.33421333730803
leaf_count=514 486 96 496 9 209 705 86 76 1076 327 500 1422 701 29764
internal_value=-0.000662132 0.0162039 0.0334932 0.00761579 -0.000992869 -0.00081788 0.0352917 -0.00107177 -0.000782395 0.0260782 -0.00107137 -0.000497955 0.013063 -0.00108867
internal_weight=294.295 5.66003 4.14682 2.05415 288.635 286.943 2.00342 284.939 282.225 3.00392 279.221 273.179 11.403 261.776
internal_count=36467 1115 601 505 35352 34866 295 34571 33866 403 33463 32387 1201 31186
is_linear=0
shrinkage=0.03


Tree=270
num_leaves=15
num_cat=0
split_feature=15 4 4 11 16 17 17 4 0 4 5 4 8 8
split_gain=2.33148 3.66307 4.39928 4.09638 4.4192 4.32478 7.95293 3.3459 4.08767 5.81271 4.88106 3.49714 3.12996 7.82278
threshold=8440.5000000000018 0.01756067318106868 0.01432174734518735 2.5000000000000004 3.9500000000000006 38.050000000000004 45.050000000000004 0.0071114349605579975 0.0018600008714027038 0.0043665033337337593 0.010344417086656591 0.0041900421936388087 152.50000000000003 186.50000000000003
decision_type=2 2 2 2 2 2 2 2 2 2 2 2 2 2
left_child=7 2 3 -2 -5 12 -7 8 9 10 11 -1 -6 -14
right_child=1 -3 -4 4 5 6 -8 -9 -10 -11 -12 -13 13 -15
leaf_value=-0.03013831559029748 0.0031357669134807228 0.0086197529839675286 -0.025150081854690812 -0.013893482720148015 -0.022861309791906329 0.074076263459982403 0.0033192927392017603 -0.002493542624557745 0.006756597499060853 -0.00076151906737624521 0.18390396653633495 0.14679179519159541 0.054032594468501699 -0.012695450447029093
leaf_weight=0.25806526347150682 65.103443017796963 24.98268049145554 8.1867880275749467 41.645862280849542 10.102716688728835 1.5130645506433236 25.934205881756498 48.204238030848501 60.082774155467632 0.85919314874627162 0.41185504170425702 0.16471747672767378 1.98962153882894 7.7027973164222203
leaf_count=248 7816 3597 1583 5320 2196 98 3217 5801 5250 412 100 15 111 696
internal_value=-3.65075e-05 -0.00207357 -0.00372082 -0.00258156 -0.00676904 -0.000488587 0.00721986 0.0034301 0.00805231 0.0540131 0.110399 0.0387942 -0.0111769 0.00100222
internal_weight=297.142 187.161 162.178 153.992 88.8883 47.2424 27.4473 109.981 61.7766 1.69383 0.834638 0.422783 19.7951 9.69242
internal_count=36460 24634 21037 19454 11638 6318 3315 11826 6025 775 363 263 3003 807
is_linear=0
shrinkage=0.03


Tree=271
num_leaves=15
num_cat=0
split_feature=12 19 12 16 17 18 0 17 0 3 3 19 3 9
split_gain=2.7101 4.38953 3.34146 3.81967 4.5677 7.45917 4.55223 4.0967 6.03278 4.89146 4.9821 4.65698 6.43325 5.55101
threshold=249.50000000000003 8.3603054224669862 47.500000000000007 2.6500000000000008 2078.0000000000005 717171.09999999998 0.0070218676679324804 10.950000000000001 0.09458445277537629 0.0277596658635729 0.035004045775695117 3.748326219084142 0.0083400307807972758 413.50000000000006
decision_type=2 2 2 2 2 2 2 2 2 2 2 2 2 2
left_child=1 2 3 4 5 -1 -6 -5 9 11 -11 -9 13 -13
right_child=-2 -3 -4 7 6 -7 -8 8 -10 10 -12 12 -14 -15
leaf_value=0.0082188631163487985 0.0056799506711959699 -0.028859381170236856 -0.005198146414665419 -0.016503664053781387 0.037258839311592365 0.051110920976178427 -0.0160582499839029 0.0071284809340196181 0.039292808772413181 0.072463569452003523 -0.010908669040719177 -0.01554263241129673 -0.020510255619271625 0.03077960582280044
leaf_weight=43.614557328561204 53.767518413776997 5.2649992117658249 103.70644565750263 15.15292133400362 1.6696424118053972 3.9822209865524192 10.535133356985169 21.629693377981312 3.4834909434430292 1.5696642736438655 1.0951430060667915 4.3120453379087866 20.602678716750233 5.0609121364250313
leaf_count=4148 6620 1110 13510 2649 992 209 723 2433 40 54 199 826 2791 221
internal_value=-0.000411686 -0.00176692 -0.00116357 0.00198931 0.007609 0.0118075 -0.00876435 -0.00262024 0.00102238 -0.00143412 0.0382005 -0.00348078 -0.0111362 0.00946898
internal_weight=295.447 241.68 236.415 132.708 59.8016 47.5968 12.2048 72.9065 57.7536 54.2701 2.66481 51.6053 29.9756 9.37296
internal_count=36525 29905 28795 15285 6072 4357 1715 9213 6564 6524 253 6271 3838 1047
is_linear=0
shrinkage=0.03


Tree=272
num_leaves=15
num_cat=0
split_feature=2 5 13 4 15 18 18 15 17 12 18 18 2 18
split_gain=2.37404 2.39576 5.26074 1.91026 1.95127 2.9953 3.92086 4.02332 3.70546 4.96578 3.17081 3.21353 7.36634 6.16371
threshold=0.0014352139088228831 0.0045584829311070725 26.500000000000004 0.036629592102248788 5804.5000000000009 156.40000000000003 240.60000000000005 13520.500000000002 94.100000000000009 62.500000000000007 316.72500000000008 1338.5500000000002 0.02312776055242732 3156.860000000001
decision_type=2 2 2 2 2 2 2 2 2 2 2 2 2 2
left_child=1 2 -1 4 -2 8 7 -7 -6 -10 -8 12 -12 -13
right_child=3 -3 -4 -5 5 6 10 -9 9 -11 11 13 -14 -15
leaf_value=0.21068126381448168 0.0044436402667998049 -0.030066202633390233 -0.030060510179031767 -0.030526792504476749 -0.015376103508037366 0.029407699961617739 -0.031533431567535214 -0.019805419780163473 -0.030870920841094766 0.089453255298328357 0.015239296023170876 -0.019255945236430254 -0.031847537436029326 0.00040405511351551985
leaf_weight=0.12267726758727748 93.9793173144717 3.6079774799291044 0.24453209854254965 1.7517262113033201 18.311664639702943 7.3753556744341022 2.9368101800500872 1.87521490342624 0.54080197098664828 0.71922914714377839 23.796747251079072 16.332037317435606 3.4198881562770103 118.39256126068358
leaf_count=21 8817 5059 366 725 3475 453 451 209 142 182 2498 1834 205 11985
internal_value=0.000390097 -0.0226362 0.0503665 0.000706351 0.000896534 -0.000824447 0.00042626 0.0194315 -0.0119519 0.0378104 -0.000640041 -7.97884e-05 0.00932263 -0.00197924
internal_weight=293.407 3.97519 0.367209 289.431 287.68 193.7 174.129 9.25057 19.5717 1.26003 164.878 161.941 27.2166 134.725
internal_count=36422 5446 387 30976 30251 21434 17635 662 3799 324 16973 16522 2703 13819
is_linear=0
shrinkage=0.03


Tree=273
num_leaves=15
num_cat=0
split_feature=7 19 17 7 19 17 17 9 19 19 17 17 14 0
split_gain=2.99693 5.46813 3.29054 2.38679 5.99353 7.64515 7.003 4.66702 5.5348 2.43396 5.54022 6.08378 4.30156 5.57342
threshold=0.014999251303157655 7.1310187583124689 14615.600000000002 0.012758946851414441 3.6975906269598711 140.10000000000002 39.95000000000001 99.500000000000014 5.6849391560979354 4.7828977861650346 2078.0000000000005 1953.7500000000002 526.50000000000011 0.03962791570387475
decision_type=2 2 2 2 2 2 2 2 2 2 2 2 2 2
left_child=3 2 -2 9 5 6 -5 -6 -9 12 11 -11 13 -1
right_child=1 -3 -4 4 7 -7 -8 8 -10 10 -12 -13 -14 -15
leaf_value=-0.012219345328174419 -0.028772320000681102 0.037442650759415684 0.034121378278011455 0.026054337074761534 -0.036106499357356617 -0.012060069224970587 0.12244390152703885 -0.014010415117999921 0.037556597433051196 0.003810639591069425 -0.01163390245577307 0.05555744871342494 -0.0055118675263689824 0.026285706437562648
leaf_weight=5.4091841015106175 9.1712489987985428 1.5198360845679406 0.81522954156389538 1.4223503717366832 2.5041296598355967 1.5155124376396996 1.296916692110244 3.8321442862070398 3.664680482033873 116.33201105824992 22.126627145713428 2.0813770547683808 114.36376727838069 9.0328754617366922
leaf_count=1819 1270 199 175 169 473 194 63 258 152 12580 4127 132 14651 146
internal_value=-0.000561016 -0.0155701 -0.0236381 4.79778e-05 0.0120196 0.0419339 0.072026 -0.000647174 0.0111971 -0.00058476 0.00214541 0.0047202 -0.00356365 0.0118639
internal_weight=295.088 11.5063 9.98648 283.582 14.2357 4.23478 2.71927 10.001 7.49682 269.346 140.54 118.413 128.806 14.4421
internal_count=36408 1644 1445 34764 1309 426 232 883 410 33455 16839 12712 16616 1965
is_linear=0
shrinkage=0.03


Tree=274
num_leaves=15
num_cat=0
split_feature=19 0 0 2 18 18 18 10 10 18 18 18 6 2
split_gain=2.13638 2.15715 4.04044 2.37931 2.36572 15.3221 4.8987 3.42932 6.43293 8.48212 7.12073 6.24237 4.78728 4.41087
threshold=9.8893099122407015 0.11527428806005251 0.10981109488499695 0.05383664385226801 10143.945000000002 9674.2500000000018 14706.330000000002 553.50000000000011 540.50000000000011 2731.0600000000004 2890.0000000000005 177.26500000000001 0.0099685348556698989 0.0010141181736387712
decision_type=2 2 2 2 2 2 2 2 2 2 2 2 2 2
left_child=1 2 3 4 5 7 -6 8 10 -10 11 -1 -9 -13
right_child=-2 -3 -4 -5 6 -7 -8 12 9 -11 -12 13 -14 -15
leaf_value=-0.021489978728514006 -0.03414169872631502 -0.012084810535639198 0.035426989656524174 0.047243118358726112 -0.025275870960993881 0.10832199606149391 -0.00060412947427596021 -0.012885814028791017 0.016103287721363335 0.11628823306217138 -0.023280232387127439 0.09215147581668616 0.0031312729480520345 0.02236761145391666
leaf_weight=2.9029914604689173 1.5677797771204485 10.967820558929814 3.1197332553565493 1.00205090898089 7.7131706672007558 1.2431490893068247 118.8456396016627 19.797573549971275 2.1225185263901944 1.1853169036330653 5.2034908103232729 0.88447668685694125 110.71122520651261 10.405549103408701
leaf_count=923 348 101 26 35 1239 142 16296 5834 189 90 713 239 8997 1134
internal_value=0.000786111 0.000971043 0.00147324 0.00109763 0.000933088 0.0034247 -0.00210776 0.00257358 0.0133343 0.0520032 0.00673984 0.0177459 0.000701556 0.0278346
internal_weight=297.672 296.105 285.137 282.017 281.015 154.456 126.559 153.213 22.7043 3.30784 19.3965 14.193 130.509 11.29
internal_count=36306 35958 35857 35831 35796 18261 17535 18119 3288 279 3009 2296 14831 1373
is_linear=0
shrinkage=0.03


Tree=275
num_leaves=15
num_cat=0
split_feature=17 17 17 1 8 6 3 10 6 10 18 17 12 18
split_gain=2.09868 6.50676 5.41873 4.66918 2.76282 4.89454 4.46399 4.48823 3.25717 2.41615 5.31924 7.14713 6.9137 8.80613
threshold=1.9500000000000002 3.0500000000000003 1.5500000000000003 0.043896090289973148 2.5000000000000004 0.0095818081573232402 0.0094296677935687221 1134.5000000000002 0.013831546546760175 3533.0000000000005 684.40000000000009 5.0500000000000007 63.500000000000007 844.42000000000019
decision_type=2 2 2 2 2 2 2 2 2 2 2 2 2 2
left_child=2 -2 3 4 -1 -6 7 -7 -9 -3 -11 -12 13 -13
right_child=1 9 -4 -5 5 6 -8 8 -10 10 11 12 -14 -15
leaf_value=0.04521354737948801 -0.03133595834509844 0.0015501605339371762 0.034577442869990933 -0.021191568046763812 -0.023888800651521862 -0.031057526405262822 -0.021475165669475219 0.046260017354465825 0.0071846740912185824 -0.02532025622594989 0.041378827086147138 0.067691586308083501 -0.017151539434321156 0.0010108573315278117
leaf_weight=1.7406117598293445 6.1211132337048175 200.66439362389065 5.4875567279814268 6.0707545863697296 3.8749816123818155 1.1582490885193681 2.4118255959183434 5.2579292455047817 3.0241305993695278 9.9548504398844653 3.2950353463820639 1.9169549049984222 21.166851402798784 25.411484344571363
leaf_count=108 1572 24864 350 199 2196 412 443 298 199 1940 124 54 1869 1827
internal_value=6.84288e-05 -0.000759908 0.00773168 0.00147309 0.00934999 0.00538077 0.0149503 0.0242563 0.031992 -4.66737e-05 -0.00523619 -0.00137575 -0.00428072 0.00568818
internal_weight=297.557 268.531 29.026 23.5385 17.4677 15.7271 11.8521 9.44031 8.28206 262.41 61.7452 51.7903 48.4953 27.3284
internal_count=36455 32250 4205 3855 3656 3548 1352 909 497 30678 5814 3874 3750 1881
is_linear=0
shrinkage=0.03


Tree=276
num_leaves=15
num_cat=0
split_feature=1 1 14 3 12 1 18 17 9 18 17 18 12 18
split_gain=2.11895 5.41004 4.77548 3.85467 3.33106 8.38614 3.8426 6.69771 6.51747 4.70112 3.92342 3.87386 4.86472 3.69437
threshold=0.019890913707232168 0.016983802365318972 11048.000000000002 0.0097289741559167531 1221.5000000000002 0.0090135610805759346 1483939.9300000002 14048.000000000002 50.500000000000007 23595.775000000005 708.50000000000011 834250.00000000012 24.500000000000004 1122762.7800000003
decision_type=2 2 2 2 2 2 2 2 2 2 2 2 2 2
left_child=1 4 3 -3 6 -6 7 10 -9 -10 13 -12 -13 -1
right_child=-2 2 -4 -5 5 -7 -8 8 9 -11 11 12 -14 -15
leaf_value=0.0038674556932865672 -0.00057593730281720002 -0.031378734119038423 0.044236205405232397 0.036478843074310145 -0.030253749072094143 0.089083828115978397 -0.019784756968142081 0.18815009066523297 0.14079313967098953 0.018151536948179142 -0.024613163376840299 0.081551584534072713 -0.030399033932821635 0.088543655863387402
leaf_weight=63.594443331021466 202.73798436272773 1.7635596877662449 5.5243363693589345 1.3153423831972757 0.91052500574733075 1.2680123151512814 6.9151867658874826 0.27465063905401566 0.32345520239323411 2.1583610615562066 7.8541957754787273 0.75115123181603827 0.65305851340235677 0.46713141804502711
leaf_count=19610 5723 184 171 135 722 52 4695 194 60 752 3468 155 382 103
internal_value=0.00114884 0.00487781 0.02755 -0.0023892 0.00258764 0.0392064 0.00162639 0.00357262 0.0494812 0.0341354 0.00184668 -0.0164079 0.0294865 0.00448491
internal_weight=296.511 93.7734 8.60324 3.0789 85.1702 2.17854 82.9916 76.0764 2.75647 2.48182 73.32 9.25841 1.40421 64.0616
internal_count=36406 30683 490 319 30193 774 29419 24724 1006 812 23718 4005 537 19713
is_linear=0
shrinkage=0.03


Tree=277
num_leaves=15
num_cat=0
split_feature=0 15 0 12 14 5 11 15 14 0 9 17 18 16
split_gain=3.2583 4.03497 2.32346 3.42761 2.58437 2.13352 2.12451 4.28078 5.70096 4.0727 4.02443 3.12907 3.468 7.20234
threshold=0.0029417923211847376 15.500000000000002 0.003166381865386677 44.500000000000007 18542.500000000004 0.0011470390448528863 2.5000000000000004 603.00000000000011 18573.500000000004 0.05550860274688315 163.50000000000003 0.75000000000000011 10143.945000000002 0.55000000000000016
decision_type=2 2 2 2 2 2 2 2 2 2 2 2 2 2
left_child=1 -1 3 4 -2 -3 7 8 -4 10 -10 -9 13 -13
right_child=2 5 6 -5 -6 -7 -8 11 9 -11 -12 12 -14 -15
leaf_value=0.057949092834501469 0.0155647045534359 0.053017766337025367 -0.028497766222968124 -0.030222830751607879 0.10432183624396765 -0.024853283411102989 -0.0018808610817077818 -0.024586774484915794 0.069615862522568531 -0.022977537386460013 0.004023249188250852 0.025705955534489157 0.00075945140963690053 0.0032597446391332994
leaf_weight=0.60559578475658682 0.5469600789801905 0.32855897434637782 8.1472731000540062 0.49884496787126398 0.64157631775015034 8.740099053080483 156.44000599019637 3.0880490987765361 1.4155771914520294 2.0118671655654907 2.0771531414357014 20.064780847649672 56.164819006051403 35.857627538323868
leaf_count=35 165 11 979 374 86 9186 15035 582 155 28 107 1104 5590 3080
internal_value=9.88284e-05 -0.0170253 0.000676143 0.0357757 0.0634761 -0.022032 0.000468526 0.00332148 -0.0125626 0.0110227 0.0306074 0.00520425 0.006025 0.0113134
internal_weight=296.629 9.67425 286.955 1.68738 1.18854 9.06866 285.267 128.827 13.6519 5.5046 3.49273 115.175 112.087 55.9224
internal_count=36517 9232 27285 625 251 9197 26660 11625 1269 290 262 10356 9774 4184
is_linear=0
shrinkage=0.03


Tree=278
num_leaves=15
num_cat=0
split_feature=9 9 5 8 3 18 18 18 0 19 5 12 6 7
split_gain=2.06296 3.80654 2.03023 2.02777 2.01167 3.35342 3.64081 2.75099 2.65156 3.23807 3.81751 3.71659 4.05261 3.70837
threshold=4.5000000000000009 5.5000000000000009 0.002370202271569719 480.00000000000006 0.0079082750769299253 43.220000000000006 46.850000000000001 10.630000000000001 0.10981109488499695 7.3724319131086853 0.020293633514681834 142.50000000000003 0.016129801848526644 0.014443935252547299
decision_type=2 2 2 2 2 2 2 2 2 2 2 2 2 2
left_child=-1 -2 3 -3 7 -6 -7 -4 9 13 11 -11 -13 -8
right_child=1 2 4 -5 5 6 8 -9 -10 10 -12 12 -14 -15
leaf_value=-0.022594196978825525 0.041941713362001525 -0.029916587311495393 0.033433478029440092 0.008653870552147367 -0.017882249064840507 0.045248030687473823 0.0010451693651461807 0.0041808654043480496 0.012974364161218445 -0.028900960940489925 0.055944840721735216 -0.012168739034058127 0.052312262964490916 -0.018022498899106204
leaf_weight=3.490122956573031 1.9915376348944835 3.8177859351926591 3.0615224638022474 1.807535648869816 9.6433736116741766 1.602439321039127 180.17496452038904 52.67605998057843 13.047050529625265 9.2827930032799433 0.65987641419633369 3.5333211009565284 1.1669534261891383 9.6725419017020595
leaf_count=745 245 615 346 67 2682 117 21411 6029 109 1741 151 684 94 1314
internal_value=0.000333873 0.00060779 0.000324078 -0.0175231 0.000676938 -0.000568161 0.000193754 0.00578764 -0.000138127 -0.00097474 -0.0145678 -0.0178953 0.00384018 7.36906e-05
internal_weight=295.628 292.138 290.146 5.62532 284.521 228.783 219.14 55.7376 217.538 204.49 14.6429 13.9831 4.70027 189.848
internal_count=36350 35605 35360 682 34678 28303 25621 6375 25504 25395 2670 2519 778 22725
is_linear=0
shrinkage=0.03


Tree=279
num_leaves=15
num_cat=0
split_feature=1 13 5 6 6 17 17 18 17 17 5 14 6 19
split_gain=2.60781 1.9072 2.55238 2.51877 2.85064 3.54104 5.49278 3.68273 2.72728 5.42422 5.21307 4.99369 4.78124 4.38795
threshold=0.0015534744260973705 110.50000000000001 0.002044451395271932 0.036488209991456168 0.016876340023535667 450.35000000000008 542.70000000000016 9531990.6500000004 1.7500000000000002 3.0500000000000003 0.0042764529964537503 1462.0000000000002 0.0095818081573232402 6.1365367538082474
decision_type=2 2 2 2 2 2 2 2 2 2 2 2 2 2
left_child=-1 2 -2 4 8 -6 -7 -8 10 -10 -4 12 -12 -13
right_child=1 -3 3 -5 5 6 7 -9 9 -11 11 13 -14 -15
leaf_value=-0.024187343605847005 0.044673604471257129 -0.014932097244075458 0.053207637099443823 0.021216207099839037 -0.022678981678881542 0.062992883416337117 -0.037172944242278648 0.027121410493002727 -0.026754157037763758 0.0010011390682129787 -0.030352359791166825 0.0060934536499393389 0.040922242410458373 -0.031777895992042962
leaf_weight=3.8423401314212233 1.2031368838215701 6.8651036440278395 2.3639644997238092 5.3789900741539887 9.8071236626128648 1.246757540910038 1.9598138574801853 1.3569622766954124 6.5155488301679716 231.32787173344695 1.0158631584199636 11.35064784294809 5.0976087031158386 3.635365048859966
leaf_count=6780 35 735 157 132 823 32 269 72 1284 23256 619 1252 214 645
internal_value=0.0003651 0.000691391 0.00107138 0.000884734 0.000488028 -0.0125205 0.00931023 -0.0108688 0.00120344 0.000240803 0.0109614 0.00622822 0.0290787 -0.00309353
internal_weight=292.967 289.125 282.26 281.057 275.678 14.3707 4.56353 3.31678 261.307 237.843 23.4634 21.0995 6.11347 14.986
internal_count=36305 29525 28790 28755 28623 1196 373 341 27427 24540 2887 2730 833 1897
is_linear=0
shrinkage=0.03


Tree=280
num_leaves=15
num_cat=0
split_feature=16 16 18 18 16 17 17 19 16 12 0 5 0 2
split_gain=3.33623 3.59925 3.67959 6.50469 7.14155 4.9917 4.57176 3.83666 3.81522 4.23904 4.64592 7.41626 8.44736 6.66512
threshold=2.6500000000000008 4.1000000000000005 73749.000000000015 276339.10000000003 4.3500000000000005 72100.000000000015 80286.000000000015 8.8408970304246761 4.8500000000000005 19.500000000000004 0.0059219353287570447 0.0084682586758642927 0.0041581235610102683 0.016235165949828531
decision_type=2 2 2 2 2 2 2 2 2 2 2 2 2 2
left_child=-1 -2 8 -4 -5 7 -7 -6 -3 10 11 12 -10 -12
right_child=1 2 3 4 5 6 -8 -9 9 -11 13 -13 -14 -15
leaf_value=0.0025848233436398483 -0.016947444972291108 -0.026887735324005072 0.017870833326703361 0.028469045300322113 -0.032278473053804789 0.082921011123171059 -0.013241413125992947 0.036948791445511942 0.023871080085274273 -0.0069046966387133384 -0.02628177392386204 0.0031092791421851811 0.15692542873514645 0.01248634385653195
leaf_weight=131.58221373928245 16.899482387467287 6.7394447085534912 19.238229759605019 3.7035806054191189 9.6401956031404517 0.75926893786527117 1.0748445929348234 0.77871473217965181 0.95577902472723753 79.74998651065107 5.6042386207118424 2.5266066542390035 0.77982880076160654 13.866514660418032
leaf_count=14597 2582 524 1267 63 3132 52 359 101 305 11045 686 1133 109 390
internal_value=-0.000965215 -0.00384306 -0.00232015 0.00612503 -0.00803642 -0.0190705 0.026567 -0.0271044 -0.00501675 -0.00359238 0.007538 0.0359077 0.0836539 0.00132777
internal_weight=293.899 162.317 145.417 35.1948 15.9566 12.253 1.83411 10.4189 110.222 103.483 23.733 4.26221 1.73561 19.4708
internal_count=36345 21748 19166 4974 3707 3644 411 3233 14192 13668 2623 1547 414 1076
is_linear=0
shrinkage=0.03


Tree=281
num_leaves=15
num_cat=0
split_feature=10 15 18 10 18 2 18 12 18 18 4 5 6 18
split_gain=2.84767 3.77593 3.70022 2.37173 5.50994 5.82598 6.42861 5.21339 3.9613 3.46517 3.4182 3.15857 3.09902 2.62421
threshold=200.50000000000003 612.00000000000011 73749.000000000015 553.50000000000011 8374.4750000000022 0.01103124095077585 5970.0000000000009 1230.0000000000002 594.33000000000004 2059.6700000000005 0.0056103867719972831 0.046212563533627272 0.013831546546760175 3156.860000000001
decision_type=2 2 2 2 2 2 2 2 2 2 2 2 2 2
left_child=1 2 -1 4 5 6 8 -6 12 10 -7 13 -2 -5
right_child=3 -3 -4 11 7 9 -8 -9 -10 -11 -12 -13 -14 -15
leaf_value=-0.031265222550005439 -0.031229047493026987 -0.020679809838880448 0.05542239898613311 -0.0046745364592023393 -0.0078718347405487606 0.031671898181413916 0.11968672944615105 0.10209555872106611 0.040988017107179177 -0.032197986219085324 -0.008471057896006039 -0.03141412461328523 0.080038018012479534 0.0017194293626673822
leaf_weight=0.68765054392133507 1.3355769500485646 11.590838013318715 1.246391637905617 94.223833548916446 15.983573790290393 3.9762151504255581 0.78083336594863784 0.39765630735200908 5.5912905798177235 1.9724809313192961 3.6721429556346266 3.0621069180488112 0.27099808333150566 149.31933261486847
leaf_count=162 548 3551 180 12031 4603 177 90 88 696 192 314 457 137 13276
internal_value=-0.000759275 -0.0142048 0.0246005 -0.000111171 0.00731911 0.0189738 0.0379276 -0.00520236 0.0290582 0.00325517 0.0123984 -0.00113502 -0.0124604 -0.000754317
internal_weight=294.111 13.5249 1.93404 280.586 33.9808 17.5995 7.9787 16.3812 7.19787 9.62084 7.64836 246.605 1.60658 243.543
internal_count=36502 3893 342 32609 6845 2154 1471 4691 1381 683 491 25764 685 25307
is_linear=0
shrinkage=0.03


Tree=282
num_leaves=15
num_cat=0
split_feature=19 19 11 10 1 14 18 18 6 4 9 5 9 10
split_gain=2.67041 1.82769 1.82386 3.79433 5.94981 5.25458 5.8594 9.6644 5.20521 5.1644 4.44967 6.58099 6.20393 5.09662
threshold=0.50031594015395309 9.8893099122407015 2.5000000000000004 935.00000000000011 0.077431659600152816 3034.5000000000005 113.92500000000001 43.220000000000006 0.026559410531542659 0.0014503221599221443 57.500000000000007 0.0084682586758642927 53.500000000000007 460.50000000000006
decision_type=2 2 2 2 2 2 2 2 2 2 2 2 2 2
left_child=-1 2 3 4 5 8 7 -7 9 -2 11 -8 13 -13
right_child=1 -3 -4 -5 -6 6 10 -9 -10 -11 -12 12 -14 -15
leaf_value=-0.019141837890454583 0.050790775578230474 -0.034074995696975342 -0.0016194761662820072 4.8946659157287328e-05 -0.023200181569605346 -0.030380712062041793 -0.008705824588381858 0.11462084574129422 0.052992866793021377 -0.027327321954193337 0.0045105889679913679 0.022353328177699909 0.12907566601108225 0.077628648016350152
leaf_weight=6.4266666104304013 0.88402433632291177 1.3762825294688799 154.54032414912945 93.833370631109574 3.9386946777813128 0.58583752968115987 2.7658097916137221 1.4077994101462534 1.1432507130375595 5.5024560459569329 10.763168627330741 5.7460679583309666 0.71603467626846384 2.0322518497850979
leaf_count=2200 55 353 19140 8105 69 233 479 152 78 2388 2081 823 61 318
internal_value=-1.78153e-05 0.00041307 0.000580284 0.00320907 0.0115653 0.0159059 0.0227615 0.0720116 -0.00596077 -0.0165141 0.0183032 0.031487 0.044574 0.0367952
internal_weight=291.662 285.235 283.859 129.319 35.4854 31.5467 24.017 1.99364 7.52973 6.38648 22.0233 11.2602 8.49435 7.77832
internal_count=36535 34335 33982 14842 6737 6668 4147 385 2521 2443 3762 1681 1202 1141
is_linear=0
shrinkage=0.03


Tree=283
num_leaves=15
num_cat=0
split_feature=11 6 15 18 18 6 6 14 14 1 18 18 18 18
split_gain=2.04559 4.27295 4.00819 3.26722 5.37906 3.01333 4.06868 3.56033 9.47363 3.49716 2.99514 3.85716 2.92262 4.17353
threshold=2.5000000000000004 0.0014866565664153392 189.00000000000003 896787.70000000007 1322898.1500000001 0.016619775223249564 0.026559410531542659 184.00000000000003 208.00000000000003 0.06272574323458667 414756.00000000006 6884.7500000000009 7934.800000000002 25768.090000000004
decision_type=2 2 2 2 2 2 2 2 2 2 2 2 2 2
left_child=2 3 -1 -2 -5 7 -7 -4 -9 -10 11 -11 -3 -14
right_child=1 12 5 4 -6 6 -8 8 9 10 -12 -13 13 -15
leaf_value=-0.017855721263847331 0.0074337703981307872 0.00092385401448010851 -0.030978294821248437 0.15437048988560431 0.016657927060101742 -0.024017665116354617 0.015535431981596728 0.095348565402609609 0.0082751418274025056 0.0030290542213606856 0.012569790837480619 -0.024344551514190099 -0.020513466136453103 -0.0035242070703938714
leaf_weight=8.0604967897234001 1.4352618584744044 81.478586158358667 2.3680294299556399 0.45641395912389249 0.57923703869164456 7.2436268561214074 3.4580410039634444 1.0624883514537931 84.18754192358756 9.2441877015517147 6.815153138479217 9.2872169666516111 16.679110426593979 59.215594380773837
leaf_count=877 691 9710 1095 30 204 728 142 72 12535 203 53 194 2060 7963
internal_value=-0.000126136 -0.00240725 0.00264189 0.0367375 0.0773482 0.00397791 -0.0112368 0.00541927 0.0061986 0.00533384 -0.00443559 -0.0106895 -0.00302186 -0.00725788
internal_weight=291.571 159.844 131.727 2.47091 1.03565 123.666 10.7017 112.965 110.597 109.534 25.3466 18.5314 157.373 75.8947
internal_count=36557 20658 15899 925 234 15022 870 14152 13057 12985 450 397 19733 10023
is_linear=0
shrinkage=0.03


Tree=284
num_leaves=15
num_cat=0
split_feature=7 10 14 4 16 16 9 5 13 9 18 4 2 8
split_gain=1.79582 2.98116 3.59482 4.96633 5.92995 3.179 3.88914 3.7252 3.39754 4.33368 4.75002 6.26644 4.5809 6.38667
threshold=0.010390078433480878 611.50000000000011 18542.500000000004 0.0071590381390911825 6.3500000000000005 2.1000000000000005 97.500000000000014 0.0052511180172156915 4.5000000000000009 129.50000000000003 6556.1600000000008 0.0045584829311070725 0.020444185889020198 318.00000000000006
decision_type=2 2 2 2 2 2 2 2 2 2 2 2 2 2
left_child=-1 2 3 4 -2 6 -3 -7 9 -8 12 -12 13 -11
right_child=1 5 -4 -5 -6 7 8 -9 -10 10 11 -13 -14 -15
leaf_value=7.7057216881308571e-05 -0.0120094007405845 -0.017540774040081905 0.034050470098457596 -0.02096326539232175 0.045882431098871537 0.022514704711412939 0.054704248444242987 -0.0079360300568271942 -0.0025713016459312063 -0.031367565352262053 0.05099920101403918 -0.025253891513885345 0.066668792018289541 0.055969094962542688
leaf_weight=222.61930653421587 2.737374665950485 3.7415517297631622 6.4952551428286815 3.9398495078057749 3.807206771656638 4.1534406761638811 3.2039090710022746 27.929532792761165 6.2180431195156407 1.5753173909906748 1.3012962853827046 3.8092574359907303 2.2907642812933773 1.444621803355403
leaf_count=27967 686 629 775 1140 485 322 112 3144 475 275 87 282 55 33
internal_value=0.00141357 0.00550916 0.0165129 0.00564814 0.0216683 0.00215282 0.0105144 -0.0039939 0.0158043 0.0241903 0.0148091 -0.00583763 0.0346777 0.0104109
internal_weight=295.267 72.6474 16.9797 10.4844 6.54458 55.6677 23.5848 32.083 19.8432 13.6252 10.4213 5.11055 5.3107 3.01994
internal_count=36467 8500 3086 2311 1171 5414 1948 3466 1319 844 732 369 363 308
is_linear=0
shrinkage=0.03


Tree=285
num_leaves=15
num_cat=0
split_feature=5 15 2 15 5 10 18 18 2 5 2 6 6 9
split_gain=2.45989 3.20539 2.92498 6.80064 2.7417 3.19142 2.67142 4.21664 2.97586 2.85568 5.68471 12.152 10.0076 3.93474
threshold=0.0060124491370396448 5804.5000000000009 0.0037388005834158885 5764.5000000000009 0.003118761675546066 1266.0000000000002 19892290.000000004 22179972.800000004 0.01885281513951027 0.0072789395474655372 0.0064932025225957904 0.013552463211115537 0.01358493351205447 97.500000000000014
decision_type=2 2 2 2 2 2 2 2 2 2 2 2 2 2
left_child=1 2 3 -1 5 -3 9 -8 -9 10 11 -2 -13 -12
right_child=6 4 -4 -5 -6 -7 7 8 -10 -11 13 12 -14 -15
leaf_value=0.0065056450049863169 0.012786814103981508 -0.027137661152627481 -1.2936829992479667e-05 0.17701896040082668 -0.023005393943896672 0.014000816810401948 0.057334918418895264 -0.022132778723347474 0.032601409334891369 -0.00080696687741828917 -0.031961564964449359 0.2468061324833335 0.039813353967572754 0.010989392942846316
leaf_weight=0.77882209428935556 2.3111178910912744 2.6114177074778153 8.7434565999137686 0.28848854475654662 13.697762202733427 4.8478528437844943 1.8990151646430593 2.0156462394661507 1.6065607817145062 237.43702837441379 2.3213510401401427 0.43140492058591906 0.40999560976342764 11.091904291795798
leaf_count=275 836 451 762 102 2437 397 114 737 104 29012 397 106 170 603
internal_value=-0.000471637 -0.00846346 0.00571021 0.0525945 -0.015036 -0.000401362 0.000481991 0.0211265 0.00214353 3.32437e-05 0.012076 0.048326 0.145943 0.00355613
internal_weight=290.492 30.9678 9.81077 1.06731 21.157 7.45927 259.524 5.52122 3.62221 254.003 16.5658 3.15252 0.841401 13.4133
internal_count=36503 4424 1139 377 3285 848 32079 955 841 31124 2112 1112 276 1000
is_linear=0
shrinkage=0.03


Tree=286
num_leaves=15
num_cat=0
split_feature=7 18 13 10 17 8 19 18 17 17 8 16 17 17
split_gain=2.68158 2.97044 5.07813 3.91648 4.30475 1.87646 4.03026 4.00396 7.65892 7.56148 7.17134 6.98553 6.46216 5.91411
threshold=0.014443935252547299 172217.10000000003 2.5000000000000004 902.50000000000011 2400.5000000000005 332.00000000000006 6.0724681651605019 414756.00000000006 34.150000000000013 27.550000000000004 353.50000000000006 3.1000000000000005 108.20000000000002 6515.0000000000009
decision_type=2 2 2 2 2 2 2 2 2 2 2 2 2 2
left_child=5 -2 3 4 -3 -1 7 8 9 10 -7 -10 -13 -9
right_child=1 2 -4 -5 -6 6 -8 13 11 -11 -12 12 -14 -15
leaf_value=-0.00019096118762288095 -0.019663505166416278 0.14820015864290781 -0.038510636814987551 0.0033351035158551306 0.022316177852540208 0.047941139525239082 -0.017836589687751727 0.06089857904623374 -0.031999167789104332 0.069517081985336571 0.00039955643466427589 -0.032118983959369803 0.012703770017865445 0.0093846879948149414
leaf_weight=223.64103377940773 11.103305514858219 0.47980043193092559 1.1469640231371157 1.2101353918842503 0.49849155625270214 3.7833241195767213 5.7932319217361501 3.0275674854638037 6.7843415341340032 2.3790672015165901 11.64510577135661 3.6216112608381108 14.425233621761434 5.9431569662992842
leaf_count=31158 1483 54 249 98 154 132 166 30 244 100 834 380 857 599
internal_value=0.000403179 -0.0122056 0.0126212 0.0394196 0.0840556 0.00105096 0.00588949 0.00855278 0.00472 0.0197341 0.0120576 -0.00604727 0.00370881 0.0267703
internal_weight=295.482 14.4387 3.33539 2.18843 0.978292 281.044 57.4026 51.6094 42.6387 17.8075 15.4284 24.8312 18.0468 8.97072
internal_count=36538 2038 555 306 208 34500 3342 3176 2547 1066 966 1481 1237 629
is_linear=0
shrinkage=0.03


Tree=287
num_leaves=15
num_cat=0
split_feature=18 18 17 17 10 18 13 18 0 4 8 12 18 10
split_gain=2.40755 5.52142 7.89687 4.98594 4.5977 4.55649 4.01072 4.75294 3.808 6.56856 4.46169 3.69674 5.48703 5.07743
threshold=73749.000000000015 87051.240000000005 219.80000000000004 87.100000000000009 387.00000000000006 60216.250000000007 1.0000000180025095e-35 49595.500000000007 0.002370202271569719 0.0036708348564242171 69.500000000000014 5.5000000000000009 5520.5500000000002 598.00000000000011
decision_type=2 2 2 2 2 2 2 2 2 2 2 2 2 2
left_child=5 2 -2 -3 -4 6 7 8 9 -1 -11 -10 13 -13
right_child=1 3 4 -5 -6 -7 -8 -9 11 10 -12 12 -14 -15
leaf_value=0.136836209763912 0.058186486159620361 -0.031768307299940277 0.042709885794520425 0.0035532470924001854 -0.031205709825830579 -0.031921011983829711 -0.003429640585354732 0.054436348339355907 0.043714502365837217 0.16459879006657377 -0.0086955326505745306 0.032208063542539862 -0.016149769651812931 0.0015679660559076538
leaf_weight=0.52396088829846021 3.9110406179097472 3.7577647638245244 1.177606232246035 83.938750380257261 2.1223728504264727 4.388659258343977 148.00963874017907 1.8011257705511514 1.911660517900599 0.15107406042807259 1.1635408293004728 6.1643570853339069 11.889532030341796 23.136822064770968
leaf_count=175 161 617 52 10869 217 575 18667 142 135 29 879 724 1190 2058
internal_value=0.000182516 0.00411466 0.0293488 0.00203973 -0.00482873 -0.00169149 -0.00101028 0.00665068 0.00473554 0.0470178 0.0112193 0.00293195 0.00103923 0.008014
internal_weight=294.048 94.9075 7.21102 87.6965 3.29998 199.14 194.752 46.7421 44.9409 1.83858 1.31461 43.1024 41.1907 29.3012
internal_count=36490 11916 430 11486 269 24574 23999 5332 5190 1083 908 4107 3972 2782
is_linear=0
shrinkage=0.03


Tree=288
num_leaves=15
num_cat=0
split_feature=12 10 4 4 19 12 18 6 1 12 1 9 17 4
split_gain=2.33932 3.00636 2.77517 3.64833 4.04131 5.47311 8.97643 6.90678 3.41313 10.2419 2.29792 2.21998 2.15439 1.88525
threshold=248.50000000000003 204.50000000000003 0.0071114349605579975 0.0078425301047721583 7.7731522642669928 299.50000000000006 54701.705000000009 0.011506246427694636 0.042285594863191153 788.50000000000011 0.04151461288238107 640.00000000000011 45.050000000000004 0.0090384567802956634
decision_type=2 2 2 2 2 2 2 2 2 2 2 2 2 2
left_child=-1 -2 10 -4 5 6 7 -5 9 -6 12 13 -3 -7
right_child=1 2 3 4 8 11 -8 -9 -10 -11 -12 -13 -14 -15
leaf_value=-0.00087873579456086226 -0.031390436741299516 0.059899271073151197 -0.024568870005341307 0.075820165968219652 0.011576823843666831 0.018614199248670495 0.10178102192567402 -0.019438234372980707 0.01229755608927398 0.16755012297455954 0.0040008793834405238 -0.031016613338426566 0.014827195436233082 -0.0011901614822104176
leaf_weight=237.96715786288405 1.8661151963024156 2.1991763092664764 3.5243984254120724 0.97173751439549905 1.0176582415006117 5.1588503806051476 1.2994084026504422 2.3218021117936587 2.2026618650997989 0.60365412761166215 2.6241648800205439 1.9434955806937058 1.6863126235475645 26.797225390160747
leaf_count=29783 736 122 495 130 155 498 128 234 35 135 29 632 180 3147
internal_value=0.000402549 0.00602635 0.00736013 0.00475722 0.00719969 0.00427758 0.0350103 0.00866714 0.036614 0.0696495 0.0256897 0.000113694 0.0403379 0.00200697
internal_weight=292.184 54.2167 52.3505 45.8409 42.3165 38.4925 4.59295 3.29354 3.82397 1.62131 6.50965 33.8996 3.88549 31.9561
internal_count=36439 6656 5920 5589 5094 4769 492 364 325 290 331 4277 302 3645
is_linear=0
shrinkage=0.03


Tree=289
num_leaves=15
num_cat=0
split_feature=0 9 19 6 9 0 19 12 18 19 18 18 8 8
split_gain=2.29171 4.38056 3.57582 2.93761 2.49775 6.19709 7.01175 9.90939 4.09236 4.8391 2.91548 6.03842 3.04749 3.98881
threshold=0.086073227930178506 44.500000000000007 7.1895826890082004 0.013276053736176938 31.500000000000004 0.010300690231421336 9.5957725515189178 199.00000000000003 18337.160000000003 7.1310187583124689 988960.80000000016 834250.00000000012 639.00000000000011 14.500000000000002
decision_type=2 2 2 2 2 2 2 2 2 2 2 2 2 2
left_child=4 -2 3 -3 5 6 -1 -8 -7 -10 11 -6 13 -12
right_child=1 2 -4 -5 10 8 7 -9 9 -11 12 -13 -14 -15
leaf_value=-0.0097289850459514465 -0.022920339096472498 -0.014026484968453646 0.018268834946701902 0.0018413553582993462 0.0020788716682070738 0.038969887181120544 -0.03009426059128352 0.26690068042672299 -0.01593824548928259 0.034908415576022749 0.013215496425105199 0.067156489407239617 0.022154228729800628 -0.02867201454424986
leaf_weight=10.95236744734575 9.1676065637730044 16.076516869012266 7.819822129327803 30.272730907890946 192.3380562073653 7.9106929777190071 0.20350126487028397 0.20095226416015066 3.6981355907919351 3.0938078048638999 2.7167504493991137 1.2918439147179004 1.9734466579684511 8.2878252790105744
leaf_count=5999 106 317 59 380 24948 115 155 59 183 78 882 176 367 2550
internal_value=0.0013171 -0.00374222 -0.000496503 -0.0036625 0.00269435 0.0114466 -0.00519911 0.117467 0.0243043 0.00722299 0.00159044 0.00251305 -0.0121748 -0.0183311
internal_weight=296.004 63.3367 54.1691 46.3492 232.667 26.0595 11.3568 0.404454 14.7026 6.79194 206.608 193.63 12.978 11.0046
internal_count=36374 862 756 697 35512 6589 6213 214 376 261 28923 25124 3799 3432
is_linear=0
shrinkage=0.03


Tree=290
num_leaves=15
num_cat=0
split_feature=11 11 10 0 18 18 10 17 18 14 1 19 14 4
split_gain=2.28623 3.12032 3.1983 3.6912 4.92929 14.9768 5.86851 4.18422 5.04021 4.80968 3.93651 3.4578 3.26456 3.0624
threshold=2.5000000000000004 3.5000000000000004 1134.5000000000002 0.0084682586758642927 669123.1100000001 1041657.8000000002 1262.5000000000002 1.7500000000000002 25768.090000000004 3490.0000000000005 0.05803720441745152 3.4323716941944236 18597.000000000004 0.017707381403757712
decision_type=2 2 2 2 2 2 2 2 2 2 2 2 2 2
left_child=-1 -2 13 4 6 -6 11 -5 -9 10 -10 -4 -11 -3
right_child=1 2 3 7 5 -7 -8 8 9 12 -12 -13 -14 -15
leaf_value=0.002588637996100047 -0.010852206121275586 -0.012485751635355412 0.10790576718526479 0.017771386825682453 0.25240771243989102 0.0041506448158474471 0.0036005811349507787 -0.0096546709754721412 0.0048392110549471921 -0.0079208574621622355 0.045157838406506924 0.014466737963754667 0.018686598558876787 0.014456408278387435
leaf_weight=133.130234970944 33.644858304913214 27.502557828600406 0.83514521210599812 10.282711694308089 0.31549101798736845 0.71290142913494492 10.049111597989393 40.377221974020358 4.2875606123125198 16.074422675155805 4.4325594187248498 0.62184020449058153 5.5945242384332223 4.4051711433639857
leaf_count=15898 4496 6687 165 225 75 316 5285 1199 181 416 39 226 110 1091
internal_value=-0.000312295 -0.00273916 -0.00056401 0.00223254 0.017383 0.0803111 0.0117586 -0.000110527 -0.00270886 0.00651987 0.0253337 0.0680261 -0.0010513 -0.00876613
internal_weight=292.266 159.136 125.491 93.5835 12.5345 1.02839 11.5061 81.049 70.7663 30.3891 8.72012 1.45699 21.6689 31.9077
internal_count=36409 20511 16015 8237 6067 391 5676 2170 1945 746 220 391 526 7778
is_linear=0
shrinkage=0.03


Tree=291
num_leaves=15
num_cat=0
split_feature=7 9 9 18 13 18 0 8 19 1 19 9 19 18
split_gain=2.53797 3.8396 6.3352 5.18948 5.32274 7.10252 4.69188 4.63354 5.15505 4.61106 3.8594 3.79866 3.75754 3.70958
threshold=0.0097978710607291714 142.50000000000003 138.00000000000003 157784.10000000001 2.5000000000000004 346063.00000000006 0.066504568162131059 37.500000000000007 6.4887487153658023 0.032900969303524381 5.6849391560979354 206.50000000000003 4.5726464606779862 1194643.5000000002
decision_type=2 2 2 2 2 2 2 2 2 2 2 2 2 2
left_child=-1 2 3 6 5 -5 9 -6 -9 12 -11 -3 -2 -7
right_child=1 11 -4 4 7 13 -8 8 -10 10 -12 -13 -14 -15
leaf_value=0.0040338854107434489 0.0077121431908299346 -0.027331895886971217 0.095158418618015189 0.075031592860681687 -0.0082276023260830933 -0.032457655207036876 -0.024686590712282904 0.16468586646677702 0.0046218204159162437 -0.0011031657532330709 0.045535366569346002 -0.0036473322826690805 -0.023494415915870818 0.026615355719958871
leaf_weight=169.03099707165529 7.6968352069961892 6.6659383256337597 0.69521099019038857 2.5574467188562284 7.2568032715207647 1.1661177425994536 7.332432009978219 0.30660112736950385 0.44235278741689399 2.9318840749328947 3.5070180371985771 71.10037763541186 6.3272874469985254 5.3281589001562679
leaf_count=20160 2098 1333 139 212 1381 318 117 159 88 138 115 6491 2777 807
internal_value=0.0016464 -0.00162619 0.00529081 0.00389788 0.0169241 0.0326845 -0.00409601 -0.000895449 0.0701476 0.00328212 0.024299 -0.00567752 -0.00636737 0.0160082
internal_weight=292.345 123.314 45.5481 44.8529 17.0575 9.05172 27.7955 8.00576 0.748954 20.463 6.4389 77.7663 14.0241 6.49428
internal_count=36333 16173 8349 8210 2965 1337 5245 1628 247 5128 253 7824 4875 1125
is_linear=0
shrinkage=0.03


Tree=292
num_leaves=15
num_cat=0
split_feature=18 18 18 16 8 8 3 9 16 14 14 8 0 12
split_gain=2.63632 4.08712 7.17053 21.8761 9.16018 5.18803 4.58566 6.19854 6.9906 7.57559 7.16749 6.11121 5.62865 4.76685
threshold=73749.000000000015 5732.9000000000005 3958.9350000000009 0.55000000000000016 61.500000000000007 107.50000000000001 0.0040272908099271499 105.50000000000001 6.3500000000000005 2296.0000000000005 11048.000000000002 57.500000000000007 0.073119299228060819 36.500000000000007
decision_type=2 2 2 2 2 2 2 2 2 2 2 2 2 2
left_child=1 2 -1 4 -4 6 -3 -8 9 11 -10 -9 13 -12
right_child=-2 5 3 -5 -6 -7 7 8 10 -11 12 -13 -14 -15
leaf_value=-0.0023690806770009158 0.0033903215484076816 0.046256813357179009 0.0050042843552970109 -0.013865353101743092 0.075206987330780767 -0.019880479007148944 -0.018193748172721992 0.0034373881559094568 -0.018951755432105779 -0.027352624758102056 -0.031159413209878511 0.087714629171962821 0.077453441059519609 0.042501592271090828
leaf_weight=119.44552484124142 94.852470035468286 1.6841396454110498 2.3765657002659299 8.9118881800823129 5.6487048564013094 24.297524858622637 16.213538535492262 3.4239593130332668 2.2290501226889301 7.2214500950067304 1.1397611225256699 1.000688463944243 2.6026196572929621 2.5815490914683323
leaf_count=15541 11907 164 232 796 130 1843 3571 283 395 1029 188 175 13 322
internal_value=-0.00072477 -0.00268841 0.000221234 0.0184889 0.0544175 -0.00904837 -0.00213982 -0.00437824 0.0067113 -0.00841321 0.0273055 0.0224977 0.0436101 0.0199407
internal_weight=293.629 198.777 136.383 16.9372 8.02527 62.3943 38.0968 36.4126 20.1991 11.6461 8.55298 4.42465 6.32393 3.72131
internal_count=36589 24682 16699 1158 362 7983 6140 5976 2405 1487 918 458 523 510
is_linear=0
shrinkage=0.03


Tree=293
num_leaves=15
num_cat=0
split_feature=3 9 15 18 18 9 12 10 19 0 9 19 19 12
split_gain=2.16966 2.4968 1.78378 2.58475 6.96692 7.28961 4.27914 4.11497 3.71233 2.81503 2.80493 2.79188 4.84765 4.34234
threshold=0.036688608885933088 432.50000000000006 11065.500000000002 166.81999999999996 240.60000000000005 279.00000000000006 8.5000000000000018 1275.0000000000002 5.3943089000803308 0.064022149029650754 432.50000000000006 6.5145642573195568 6.5673754076530182 44.500000000000007
decision_type=2 2 2 2 2 2 2 2 2 2 2 2 2 2
left_child=2 -2 -1 -4 5 9 7 -6 -9 -5 -7 13 -13 -8
right_child=1 -3 3 4 6 10 11 8 -10 -11 -12 12 -14 -15
leaf_value=0.0029927172485844154 -0.032088941693007807 0.011890525156484937 -0.012685998559486864 -0.032009844386339879 -0.0064811648827197473 0.078630452716075383 -0.014125375957811631 0.061502380133147981 0.0019093180346590427 0.035255375790403477 0.029786988294562576 0.05839410734859693 0.0022238196904149059 -0.001100673014578593
leaf_weight=123.91209901566617 3.830813866967218 1.66749346544384 17.457895022715093 1.7599659639963641 2.8850864505875498 2.0438181960344082 34.567481627098459 2.6414590116473846 1.4612512146704828 0.82122102007269848 2.1941503832349554 1.4530233733239608 28.613563256905763 69.065519021511136
leaf_count=13702 923 180 3777 304 419 110 4259 172 135 8 109 126 3755 8659
internal_value=-8.26401e-05 -0.0187511 0.000272685 -0.00177045 -0.000478561 0.0291355 -0.00191396 0.0209719 0.0402773 -0.010609 0.0533424 -0.00311009 0.00493835 -0.00544515
internal_weight=294.375 5.49831 288.877 164.964 147.507 6.81916 140.687 6.9878 4.10271 2.58119 4.23797 133.7 30.0666 103.633
internal_count=36638 1103 35535 21833 18056 531 17525 726 307 312 219 16799 3881 12918
is_linear=0
shrinkage=0.03


Tree=294
num_leaves=15
num_cat=0
split_feature=3 1 1 4 4 11 4 8 17 19 17 17 3 17
split_gain=1.93206 2.66387 1.60257 1.41216 3.28939 4.14837 8.15885 5.57323 3.92881 3.77093 3.26607 3.73959 5.16982 3.97322
threshold=0.036688608885933088 0.070859671808612426 0.14653961146057856 0.012391993537778817 0.011128217214832726 2.5000000000000004 0.01141938501870123 29.500000000000004 189.15000000000003 6.5145642573195568 5.0500000000000007 4.0500000000000007 0.0089107185770925437 1.9500000000000002
decision_type=2 2 2 2 2 2 2 2 2 2 2 2 2 2
left_child=2 -2 3 4 -1 6 -6 9 -7 -8 11 12 13 -5
right_child=1 -3 -4 10 5 8 7 -9 -10 -11 -12 -13 -14 -15
leaf_value=0.0014548071235197771 -0.031151012758590262 0.01678199802258111 -0.03041523013559317 0.032541353412715211 0.085755922596382955 -0.016800610212850026 0.016340558179169153 -0.012988672543847267 0.023759292806185876 0.099594035391220609 -0.0059417551500411817 0.044402196326794721 -0.026169406019712346 -0.031043906430756971
leaf_weight=207.99579282086779 3.6466660210862747 1.4617674503242595 1.4378015514230345 4.6152206257902417 1.9136316369695112 4.6605442921427294 1.155134571468807 2.9962490281905048 3.9890464161071577 0.84992500646330871 50.73973716054752 2.4749559062765902 3.4473922781762667 1.0941218403604578
leaf_count=24041 1054 31 20 438 182 682 187 358 465 76 7479 215 941 231
internal_value=0.000852709 -0.0174351 0.0011778 0.00133667 0.00245026 0.015753 0.0330749 0.0129178 0.00190494 0.0516309 -0.00265484 0.0116833 0.00283982 0.0203561
internal_weight=292.478 5.10843 287.37 285.932 223.56 15.5645 6.91494 5.00131 8.64959 2.00506 62.3714 11.6317 9.15673 5.70934
internal_count=36400 1085 35315 35295 25991 1950 803 621 1147 263 9304 1825 1610 669
is_linear=0
shrinkage=0.03


Tree=295
num_leaves=15
num_cat=0
split_feature=19 11 4 4 3 11 6 3 13 16 3 14 0 0
split_gain=2.56767 1.99287 2.99107 3.31212 1.77286 4.522 3.09084 2.19883 1.6124 1.87927 1.57816 4.26868 3.49349 3.40956
threshold=9.5957725515189178 50.500000000000007 0.0014503221599221443 0.01680976161638251 0.0040272908099271499 33.500000000000007 0.0065832192731639658 0.0051214207522026454 7.5000000000000009 7.9000000000000012 0.0079082750769299253 18573.500000000004 0.063630343776166873 0.043113886334574407
decision_type=2 2 2 2 2 2 2 2 2 2 2 2 2 2
left_child=1 4 -3 -4 5 -1 -7 8 -6 -10 11 -9 13 -13
right_child=-2 2 3 -5 7 6 -8 10 9 -11 -12 12 -14 -15
leaf_value=0.071337895938296966 -0.033065635233060824 0.045474779068574986 -0.029489139965116505 0.023807436457209851 -0.031663051898166428 0.056225457369445633 -0.020931150670197834 0.011921806831972758 -0.031256334005191573 0.027065669397041598 0.00021583083028724428 -0.011999643489639757 -0.034408367968156599 0.029616180708428454
leaf_weight=1.1425824090547387 2.0408701170526902 0.68911292208940622 5.874575868503598 1.2776579507481072 3.2054603488431885 0.63014302652300136 1.8079180711647493 32.786067317450943 0.86007413676998146 1.1786777005763722 230.27925144704204 5.442232341214547 3.4806621093302956 2.627173675224185
leaf_count=102 440 47 972 200 537 124 247 3919 157 112 28661 897 55 27
internal_value=0.000466949 0.000701896 -0.0142171 -0.0199684 0.00111463 0.0220904 -0.000989198 0.000846256 -0.0183966 0.00246177 0.00121373 0.00639675 -0.00928669 0.00154931
internal_weight=293.322 291.282 7.84135 7.15223 283.44 3.58064 2.43806 279.86 5.24421 2.03875 274.615 44.3361 11.5501 8.06941
internal_count=36497 36057 1219 1172 34838 473 371 34365 806 269 33559 4898 979 924
is_linear=0
shrinkage=0.03


Tree=296
num_leaves=15
num_cat=0
split_feature=3 6 6 0 17 17 18 6 19 9 0 1 5 9
split_gain=2.2684 1.91774 4.30206 2.95588 2.81794 5.85373 5.70856 5.46084 10.4329 4.72472 4.59572 4.5188 4.20338 3.88621
threshold=0.050821151692171822 0.016619775223249564 0.016448129331950022 0.054617363836358193 260.75000000000006 189.15000000000003 3958.9350000000009 0.0065076765732179033 3.3339870432574528 242.00000000000003 0.066504568162131059 0.070859671808612426 0.010344417086656591 35.500000000000007
decision_type=2 2 2 2 2 2 2 2 2 2 2 2 2 2
left_child=1 2 4 -3 5 11 -6 10 12 13 -7 -1 -9 -8
right_child=-2 3 -4 -5 6 7 9 8 -10 -11 -12 -13 -14 -15
leaf_value=0.0023800531597757569 -0.032414169823031094 -0.022546734501471714 0.053405250147488072 -0.0011717950147000472 -0.031927717205517681 0.026050749885376357 -0.011281654897295877 0.017827640835871756 -0.017672578254551961 -0.0099688721165299681 0.1008999283166523 -0.013355240061866143 0.068417088518528665 0.0087790715941376135
leaf_weight=132.88878246337845 2.0345467493971219 8.7923879780428269 1.3579184884729318 17.238777993246913 6.2750422516983226 1.8714597576181398 11.393909072736276 3.6675381815439305 5.8857658973283833 39.677521307050483 1.2192831141874192 18.741957146907225 2.4761348420579452 36.638300819824508
leaf_count=18866 384 1969 66 146 1150 285 3387 195 539 3067 10 510 83 5757
internal_value=-0.000848201 -0.000625303 0.000146034 -0.00839148 -0.000131342 0.00221009 -0.00428559 0.02001 0.0108714 -0.00230798 0.0555784 0.00043513 0.0382171 0.00402039
internal_weight=290.159 288.125 262.094 26.0312 260.736 166.751 93.9848 15.1202 12.0294 87.7097 3.09074 151.631 6.14367 48.0322
internal_count=36414 36030 33915 2115 33849 20488 13361 1112 817 12211 295 19376 278 9144
is_linear=0
shrinkage=0.03


Tree=297
num_leaves=15
num_cat=0
split_feature=18 10 18 6 18 9 9 9 8 0 17 18 4 9
split_gain=3.87807 4.99522 5.49103 7.40148 7.29179 8.98028 7.67836 6.64517 10.0257 5.0398 5.28497 4.35617 6.95526 5.9282
threshold=7244.3000000000011 553.50000000000011 3156.860000000001 0.011506246427694636 4156.3500000000013 279.00000000000006 399.50000000000006 249.50000000000003 85.500000000000014 0.086073227930178506 1.4500000000000002 1338.5500000000002 0.029573227539139924 634.50000000000011
decision_type=2 2 2 2 2 2 2 2 2 2 2 2 2 2
left_child=1 9 11 -4 5 -5 -7 8 -6 10 -1 -3 13 -13
right_child=-2 2 3 4 7 6 -8 -9 -10 -11 -12 12 -14 -15
leaf_value=-0.03076834314943927 -0.0034373398419959415 0.00094276710490084469 -0.024896369295371857 -0.01055380621405597 -0.010381627990314052 0.084229895846646058 0.025392098370391143 -0.010001398219927626 0.071582667443991013 -0.01949145180474671 0.027750751502476335 -0.025661633206583163 0.066254789321113117 0.02362909825821399
leaf_weight=1.515330720008939 145.29307659189362 77.264198269185727 4.1058176888036568 2.6360066623601623 2.6174908785615107 3.7956670196435862 4.2105211906018667 9.5758035845647083 2.7585900005506119 2.9359602977056047 16.655343649581482 16.009177182655556 0.90536827812320453 2.5451363714528261
leaf_count=700 19036 10016 820 204 304 79 124 452 55 45 2304 1751 116 372
internal_value=4.15806e-05 0.00346774 0.00121219 0.0124952 0.0184935 0.0374737 0.0532866 0.00498412 0.0316761 0.016978 0.0228706 -0.00225234 -0.0149384 -0.0189003
internal_weight=292.823 147.53 126.424 29.6999 25.5941 10.6422 8.00619 14.9519 5.37608 21.1066 18.1707 96.7239 19.4597 18.5543
internal_count=36378 17342 14293 2038 1218 407 203 811 359 3049 3004 12255 2239 2123
is_linear=0
shrinkage=0.03


Tree=298
num_leaves=15
num_cat=0
split_feature=9 7 8 0 11 17 10 11 15 10 2 17 17 10
split_gain=2.16024 1.8623 1.76906 4.2409 3.73478 3.60974 3.232 2.55455 2.40033 2.16249 2.46311 2.09437 7.50168 5.56878
threshold=4.5000000000000009 0.017457176604288614 6.5000000000000009 0.051212898359563962 19.500000000000004 1.5500000000000003 4350.5000000000009 1.0000000180025095e-35 25.500000000000004 57.500000000000007 0.05383664385226801 59.95000000000001 104.05000000000001 110.50000000000001
decision_type=2 2 2 2 2 2 2 2 2 2 2 2 2 2
left_child=-1 2 3 4 5 7 8 -2 -7 -4 11 13 -13 -11
right_child=1 -3 9 -5 -6 6 -8 -9 -10 10 -12 12 -14 -15
leaf_value=-0.022837078225546356 0.075241079125056023 -0.022726557238856193 -0.037049179450768084 0.034532764039307932 0.040399770414182155 0.061476863351713491 0.041139966230944208 -0.00093255727304664279 -0.025723581227886223 0.062659653947211805 0.049356892443968431 -0.021150449229731891 0.00067266930299275825 0.0029176078047882452
leaf_weight=3.4559709349996401 0.73675271269166642 2.9412086143274783 1.359340931958285 4.8056823350489131 1.7974895455554349 0.29685431887628499 0.81640414602588851 0.85728154220851138 6.6137895278370706 1.4207969553826831 0.94020549906417628 15.920621579003635 129.40160809714871 120.52046209361288
leaf_count=730 48 533 491 26 291 20 133 222 2876 184 20 2047 14494 14240
internal_value=0.000740574 0.00102308 0.00126776 0.010984 0.000805763 -0.0068296 -0.0153091 0.0342744 -0.0219778 0.00069378 0.000885073 0.000714554 -0.00171814 0.00361369
internal_weight=291.884 288.428 285.487 15.9243 11.1186 9.32108 7.72705 1.59403 6.91064 269.563 268.204 267.263 145.322 121.941
internal_count=36355 35625 35092 3616 3590 3299 3029 270 2896 31476 30985 30965 16541 14424
is_linear=0
shrinkage=0.03


Tree=299
num_leaves=15
num_cat=0
split_feature=4 7 0 15 13 8 15 4 8 3 9 12 8 4
split_gain=2.02292 4.12232 4.34458 6.71655 2.62511 3.9884 3.87028 4.14185 4.38303 4.76691 3.57292 5.52477 4.11357 3.32813
threshold=0.0044504450231294722 0.014999251303157655 0.0018600008714027038 5769.0000000000009 1.0000000180025095e-35 9.5000000000000018 11110.000000000002 0.0057550884908691546 316.50000000000006 0.010257698281316086 291.50000000000006 142.50000000000003 30.500000000000004 0.0061456543911834081
decision_type=2 2 2 2 2 2 2 2 2 2 2 2 2 2
left_child=1 2 3 -1 5 13 7 -7 10 -10 11 -9 -13 -2
right_child=4 -3 -4 -5 -6 6 -8 8 9 -11 -12 12 -14 -15
leaf_value=0.11327144939039041 0.056857469926007279 -0.032859707368722124 0.0049752043478960683 -0.030042456787673213 -0.0029487896717228092 -0.01871903488628715 -0.0070939048480050254 0.0015561944750513664 0.056280324934342124 0.00052416401289628347 -0.014396016595894462 0.007964445166351735 0.079864249269319204 0.010780744061128679
leaf_weight=0.80597436529205768 2.2259208870236753 2.551414674599072 75.210817345869145 0.46360952090617502 155.36297418508184 3.7649711581616456 22.615678233574727 6.400952729018174 3.9625926336739203 2.1175103571877116 4.8743028353055697 1.1963758605852493 1.7841474634187759 3.8529245054087369
leaf_count=244 266 350 7200 814 21255 469 2813 853 197 107 501 154 178 861
internal_value=0.000566544 0.00465276 0.00590419 0.060938 -0.000984878 0.0047944 0.00182001 0.0101846 0.0155358 0.0368622 0.0064401 0.0172659 0.0510038 0.0276529
internal_weight=287.19 79.0318 76.4804 1.26958 208.158 52.7954 46.7165 24.1009 20.3359 6.0801 14.2558 9.38148 2.98052 6.07885
internal_count=36262 8608 8258 1058 27654 6399 5272 2459 1990 304 1686 1185 332 1127
is_linear=0
shrinkage=0.03


end of trees

feature_importances:
net_mass=514
item_price=495
rate_hs6=282
rate_origin=261
rate_declarant=248
unit=233
rate_hs4=222
count_hs4=200
count_hs6=197
count_declarant=179
rate_hs2=177
rate_importer=172
count_office=158
rate_office=150
count_origin=150
count_hs2=142
tax_rate=123
rate_seller=112
count_importer=93
count_seller=92

parameters:
[boosting: gbdt]
[objective: binary]
[metric: binary_logloss]
[tree_learner: serial]
[device_type: cpu]
[data_sample_strategy: bagging]
[data: ]
[valid: ]
[num_iterations: 300]
[learning_rate: 0.03]
[num_leaves: 15]
[num_threads: 6]
[seed: 42]
[deterministic: 0]
[force_col_wise: 0]
[force_row_wise: 0]
[histogram_pool_size: -1]
[max_depth: -1]
[min_data_in_leaf: 100]
[min_sum_hessian_in_leaf: 0.001]
[bagging_fraction: 0.8]
[pos_bagging_fraction: 1]
[neg_bagging_fraction: 1]
[bagging_freq: 1]
[bagging_seed: 400]
[bagging_by_query: 0]
[feature_fraction: 0.8]
[feature_fraction_bynode: 1]
[feature_fraction_seed: 30056]
[extra_trees: 0]
[extra_seed: 12879]
[early_stopping_round: 0]
[early_stopping_min_delta: 0]
[first_metric_only: 0]
[max_delta_step: 0]
[lambda_l1: 0]
[lambda_l2: 0]
[linear_lambda: 0]
[min_gain_to_split: 0]
[drop_rate: 0.1]
[max_drop: 50]
[skip_drop: 0.5]
[xgboost_dart_mode: 0]
[uniform_drop: 0]
[drop_seed: 17869]
[top_rate: 0.2]
[other_rate: 0.1]
[min_data_per_group: 100]
[max_cat_threshold: 32]
[cat_l2: 10]
[cat_smooth: 10]
[max_cat_to_onehot: 4]
[top_k: 20]
[monotone_constraints: ]
[monotone_constraints_method: basic]
[monotone_penalty: 0]
[feature_contri: ]
[forcedsplits_filename: ]
[refit_decay_rate: 0.9]
[cegb_tradeoff: 1]
[cegb_penalty_split: 0]
[cegb_penalty_feature_lazy: ]
[cegb_penalty_feature_coupled: ]
[path_smooth: 0]
[interaction_constraints: ]
[verbosity: -1]
[saved_feature_importance_type: 0]
[use_quantized_grad: 0]
[num_grad_quant_bins: 4]
[quant_train_renew_leaf: 0]
[stochastic_rounding: 1]
[linear_tree: 0]
[max_bin: 255]
[max_bin_by_feature: ]
[min_data_in_bin: 3]
[bin_construct_sample_cnt: 200000]
[data_random_seed: 175]
[is_enable_sparse: 1]
[enable_bundle: 1]
[use_missing: 1]
[zero_as_missing: 0]
[feature_pre_filter: 1]
[pre_partition: 0]
[two_round: 0]
[header: 0]
[label_column: ]
[weight_column: ]
[group_column: ]
[ignore_column: ]
[categorical_feature: ]
[forcedbins_filename: ]
[precise_float_parser: 0]
[parser_config_file: ]
[objective_seed: 16083]
[num_class: 1]
[is_unbalance: 0]
[scale_pos_weight: 1]
[sigmoid: 1]
[boost_from_average: 1]
[reg_sqrt: 0]
[alpha: 0.9]
[fair_c: 1]
[poisson_max_delta_step: 0.7]
[tweedie_variance_power: 1.5]
[lambdarank_truncation_level: 30]
[lambdarank_norm: 1]
[label_gain: ]
[lambdarank_position_bias_regularization: 0]
[eval_at: ]
[multi_error_top_k: 1]
[auc_mu_weights: ]
[num_machines: 1]
[local_listen_port: 12400]
[time_out: 120]
[machine_list_filename: ]
[machines: ]
[gpu_platform_id: -1]
[gpu_device_id: -1]
[gpu_device_id_list: ]
[gpu_use_dp: 0]
[num_gpu: 1]

end of parameters

pandas_categorical:[]
