tree
version=v4
num_class=1
num_tree_per_iteration=1
label_index=0
max_feature_idx=19
objective=binary sigmoid:1
feature_names=rate_hs6 rate_hs4 rate_hs2 rate_importer rate_declarant rate_seller rate_origin rate_office count_hs6 count_hs4 count_hs2 count_importer count_declarant count_seller count_origin count_office tax_rate net_mass item_price unit
feature_infos=[0.014379343424357593:0.67320422973556837] [0.014379343424357593:0.71114393935740583] [0.021922927178150271:0.45316119520297998] [0.071896717121787967:0.45316119520297998] [0.055305167016759978:0.46167734152971091] [0.071896717121787967:0.44730634460335245] [0.052607353991552176:0.5098063446033525] [0.10392253784134098:0.41622279607516544] [0:1739] [0:1983] [1:4365] [0:138] [0:1241] [0:185] [0:18600] [4:13572] [0:754.29999999999995] [0:60025000] [0:7045681618.1000004] [0:17.978282675467781]
tree_sizes=1692 1740 1741 1751 1742 1739 1750 1743 1742 1747 1755 1754 1746 1753 1750 1750 1765 1744 1750 1752 1756 1749 1758 1757 1763 1764 1771 1759 1754 1763 1755 1755 1758 1750 1761 1761 1746 1746 1751 1761 1764 1765 1753 1751 1768 1756 1765 1772 1762 1766 1759 1772 1773 1762 1757 1759 1759 1759 1758 1765 1766 1766 1757 1762 1763 1765 1754 1762 1763 1767 1760 1765 1757 1766 1763 1764 1755 1760 1766 1764 1757 1762 1765 1770 1766 1758 1760 1773 1768 1758 1760 1771 1758 1769 1765 1771 1760 1758 1761 1758 1765 1775 1767 1770 1753 1763 1756 1766 1765 1769 1765 1764 1768 1753 1768 1762 1761 1760 1757 1771 1762 1758 1769 1767 1766 1750 1758 1766 1763 1761 1741 1773 1751 1753 1763 1765 1764 1774 1758 1758 1754 1755 1760 1771 1760 1762 1752 1753 1769 1752 1758 1760 1752 1758 1758 1756 1754 1770 1752 1763 1761 1773 1754 1746 1758 1769 1754 1743 1752 1764 1767 1741 1755 1776 1768 1753 1743 1755 1772 1747 1756 1762 1763 1757 1746 1762 1750 1751 1764 1763 1763 1746 1762 1768 1767 1777 1752 1759 1746 1757 1756 1764 1750 1757 1756 1751 1766 1741 1751 1755 1758 1759 1751 1764 1769 1755 1759 1765 1766 1750 1760 1748 1754 1743 1752 1756 1764 1767 1755 1741 1752 1749 1764 1779 1741 1771 1753 1753 1760 1760 1759 1754 1758 1757 1738 1747 1762 1757 1743 1751 1749 1754 1751 1756 1758 1761 1756 1757 1747 1751 1752 1753 1764 1761 1747 1741 1753 1741 1746 1742 1751 1750 1744 1741 1750 1767 1759 1754 1745 1767 1756 1763 1764 1768 1748 1777 1746 1770 1747 1758 1746 1745 1755 1751 1759 1754 1767 1755 1755 1751

Tree=0
num_leaves=15
num_cat=0
split_feature=0 0 0 8 8 0 8 0 17 6 8 17 17 8
split_gain=2811.14 670.875 469.332 305.859 168.967 113.087 154.267 112.404 92.6626 88.1023 61.2831 40.6854 50.7402 36.9747
threshold=0.23692594207854792 0.33919213888931293 0.17985706387390302 9.5000000000000018 1.5000000000000002 0.12026669017176662 7.5000000000000009 0.41090687850051172 3796.3500000000008 0.23423977556235517 4.5000000000000009 3.9500000000000006 542.70000000000016 15.500000000000002
decision_type=2 2 2 2 2 2 2 2 2 2 2 2 2 2
left_child=2 4 5 10 -2 -1 -7 13 -4 11 -3 -6 -13 -5
right_child=1 3 8 7 9 6 -8 -9 -10 -11 -12 12 -14 -15
leaf_value=-1.3208961838891491 -1.1867072177726063 -1.1762932470065031 -1.2883410790977392 -1.2378953065451752 -1.2894100563373836 -1.3231249494498758 -1.3017221811845272 -1.2372694666443604 -1.3123823821425202 -1.2494848673660865 -1.2167528263503931 -1.2723258152893371 -1.286174183928761 -1.2671429421245528
leaf_weight=1114.8165008425713 18.946805477142334 51.596211344003677 1112.7864859700203 45.336998820304871 263.0560939013958 433.74651110172272 1006.2107051610947 293.33714908361435 165.78454792499542 98.963225036859512 97.102378070354462 821.64851966500282 335.29078978300095 274.05200779438019
leaf_count=6590 112 305 6578 268 1555 2564 5948 1734 980 585 574 4857 1982 1620
internal_value=-1.29057 -1.26434 -1.3063 -1.24131 -1.27574 -1.31372 -1.30817 -1.25068 -1.29146 -1.27685 -1.20271 -1.27876 -1.27634 -1.26299
internal_weight=6132.67 2299.33 3833.34 761.425 1537.91 2554.77 1439.96 612.726 1278.57 1518.96 148.699 1420 1156.94 319.389
internal_count=36252 13592 22660 4501 9091 15102 8512 3622 7558 8979 879 8394 6839 1888
is_linear=0
shrinkage=1


Tree=1
num_leaves=15
num_cat=0
split_feature=0 0 0 8 8 0 8 6 17 0 0 17 16 17
split_gain=2701.83 552.572 431.981 270.204 143.705 121.446 152.127 102.683 79.7462 67.5534 61.4399 46.1128 32.865 31.6475
threshold=0.24100855127779688 0.37629122195731751 0.17985706387390302 5.5000000000000009 5.5000000000000009 0.12026669017176662 8.5000000000000018 0.23731274852115256 3796.3500000000008 0.48567936752641289 0.28694576888018403 260.75000000000006 7.9000000000000012 4.0500000000000007
decision_type=2 2 2 2 2 2 2 2 2 2 2 2 2 2
left_child=2 3 5 10 -3 -1 -7 11 12 -6 -2 13 -4 -5
right_child=1 4 8 7 9 6 -8 -9 -10 -11 -12 -13 -14 -15
leaf_value=-0.029818822918225654 0.031440523194489756 0.10587237810708769 -0.0018873411302554649 0.0087347092394096069 0.042299177083501643 -0.031246937186217145 -0.010063303327292114 0.045710655933950038 -0.021145397228564181 0.068821326508239744 0.079343574304428788 0.0055024262842771699 0.0089654220838653702 0.019990570439434054
leaf_weight=1099.1617320477962 35.663570761680603 43.652787402272224 813.7346715927124 314.98990350961685 346.06138861179352 440.23002803325653 994.0003023147583 93.951255321502686 159.45280037820339 115.2048277258873 74.30087698996067 465.26302482187748 363.22332245111465 785.29858765006065
leaf_count=6610 209 244 4802 1854 1990 2650 5912 543 954 660 420 2733 2143 4589
internal_value=0.000215474 0.026165 -0.0150358 0.018266 0.0538468 -0.0223157 -0.0165655 0.0152483 -0.00123543 0.0489233 0.0638077 0.0134202 0.00146195 0.0167682
internal_weight=6144.19 2274.39 3869.8 1769.47 504.919 2533.39 1434.23 1659.5 1336.41 461.266 109.964 1565.55 1176.96 1100.29
internal_count=36313 13242 23071 10348 2894 15172 8562 9719 7899 2650 629 9176 6945 6443
is_linear=0
shrinkage=0.03


Tree=2
num_leaves=15
num_cat=0
split_feature=0 0 0 8 8 0 8 0 17 8 14 17 17 17
split_gain=2458.68 475.428 422.934 241.58 126.707 109.315 141.569 78.4635 78.1974 74.9631 40.8308 35.4385 33.3942 39.7559
threshold=0.24100855127779688 0.33919213888931293 0.17985706387390302 14.500000000000002 1.5000000000000002 0.12733918618524984 7.5000000000000009 0.41090687850051172 3796.3500000000008 4.5000000000000009 89.000000000000014 60302.000000000007 2.4500000000000006 260.75000000000006
decision_type=2 2 2 2 2 2 2 2 2 2 2 2 2 2
left_child=2 4 5 9 -2 -1 -7 -5 -4 -3 -9 -8 -6 -14
right_child=1 3 8 7 12 6 11 10 -10 -11 -12 -13 13 -15
leaf_value=-0.028479247784390063 0.087789373201470497 0.096884920446120182 0.0014840137403004776 0.021494686868042807 0.0025253859991579103 -0.031602763172578971 -0.011081233451572544 0.087696938884030115 -0.020516433553690205 0.05833005794508006 0.040822015211962312 0.0149323220978921 0.019301727704351027 0.0081966679261712139
leaf_weight=1208.3841123580933 20.908011913299561 59.540172204375267 1192.5305785834789 297.22662852704525 216.26011024415493 371.30433511734009 878.98908761143684 17.966383963823318 165.59274189174175 190.93588921427727 241.92315348982811 49.80275684595108 802.73361350595951 454.35702608525753
leaf_count=7385 112 315 7031 1710 1266 2277 5259 100 1003 1061 1350 298 4640 2656
internal_value=-6.9116e-05 0.0244786 -0.0146827 0.0430242 0.0144553 -0.0219833 -0.0159456 0.0320224 -0.00119845 0.0674949 0.0440625 -0.00968636 0.0134147 0.015288
internal_weight=6168.45 2301.85 3866.6 807.592 1494.26 2508.48 1300.1 557.116 1358.12 250.476 259.89 928.792 1473.35 1257.09
internal_count=36463 13210 23253 4536 8674 15219 7834 3160 8034 1376 1450 5557 8562 7296
is_linear=0
shrinkage=0.03


Tree=3
num_leaves=15
num_cat=0
split_feature=1 1 1 6 1 1 17 6 9 18 17 18 19 17
split_gain=1194.17 341.285 162.779 112.885 58.6827 54.423 52.7408 53.2426 50.5469 39.9485 53.9434 36.2377 35.2439 32.8437
threshold=0.19926925159681666 0.31766705427331626 0.1220727838770395 0.24068871889190738 0.42867648796364938 0.2456056738483354 3255.5000000000005 0.23731274852115256 9.5000000000000018 328953.88000000006 4.0500000000000007 5795700.0000000009 8.2966442763049155 708.50000000000011
decision_type=2 2 2 2 2 2 2 2 2 2 2 2 2 2
left_child=2 3 -1 5 6 -2 7 -3 -4 10 12 -8 -7 -10
right_child=1 4 8 -5 -6 9 11 -9 13 -11 -12 -13 -14 -15
leaf_value=-0.026506291655574981 0.00036137001061687019 0.025456761361575004 -0.02647931297401308 0.032200033519507051 0.048140517789948947 -0.00336182652020986 -0.014947259298503225 0.058268788780999968 -0.0054258716057808088 -0.0037699020439259665 0.014148385973896581 0.032687032900865547 0.036926331557557202 -0.014590712589334044
leaf_weight=832.02397622168064 1231.3461012542248 544.53389376401901 157.87325130403042 144.89938640594482 119.50440700352192 273.02481417357922 45.781606823205948 48.469385549426079 998.41670261323452 194.73329171538353 993.96359968185425 20.951387286186218 21.04870879650116 543.48857064545155
leaf_count=5145 7266 3089 973 829 658 1599 267 266 5982 1142 5748 120 122 3278
internal_value=0.000187587 0.0111974 -0.0156337 0.00640045 0.0287971 0.00502308 0.0252932 0.0281387 -0.0103117 0.00889433 0.010809 7.92917e-06 -0.000478147 -0.00865628
internal_weight=6170.06 3638.26 2531.8 2859.02 779.241 2714.12 659.736 593.003 1699.78 1482.77 1288.04 66.733 294.074 1541.91
internal_count=36484 21106 15378 16706 4400 15877 3742 3355 10233 8611 7469 387 1721 9260
is_linear=0
shrinkage=0.03


Tree=4
num_leaves=15
num_cat=0
split_feature=0 0 8 0 8 6 0 0 8 8 6 6 0 17
split_gain=2227.24 732.764 218.167 132.917 175.508 86.2897 72.7868 67.142 107.52 52.6308 43.38 38.8754 33.2173 29.5723
threshold=0.19635279396038643 0.33919213888931293 14.500000000000002 0.12026669017176662 7.5000000000000009 0.24400302633309409 0.48567936752641289 0.24179946486675549 1.5000000000000002 4.5000000000000009 0.23731274852115256 0.21408947399191641 0.26090883544276733 2.4500000000000006
decision_type=2 2 2 2 2 2 2 2 2 2 2 2 2 2
left_child=3 5 9 -1 -5 7 10 -2 -9 -3 -4 -6 -7 -10
right_child=1 2 6 4 11 12 -8 8 13 -11 -12 -13 -14 -15
leaf_value=-0.028571056788713887 0.00093061425394110823 0.087796113211595916 0.022880368931644305 -0.030011261609945231 -0.017698037647864418 0.01764579849310011 0.054142651188431992 0.079314966345058191 -0.00073792482372618377 0.055997587129019505 0.055947381104770356 -0.0055854457576178492 0.048059749167809147 0.011834177278771247
leaf_weight=1059.7648201137781 1009.7314689159393 62.004145205020905 439.15412127971649 499.07384511828423 326.95149421691895 68.720408871769905 96.418152078986168 20.472820684313774 196.0627184510231 191.61509439349174 38.866149798035622 881.24835830926895 61.014256089925766 1192.9787856191397
leaf_count=6661 5968 311 2445 3116 1971 396 511 105 1149 1024 210 5306 335 6843
internal_value=-0.000271289 0.0160786 0.0405968 -0.0202256 -0.0150453 0.0081137 0.030365 0.00683548 0.0110655 0.0637716 0.0255689 -0.00886324 0.0319495 0.0100596
internal_weight=6144.08 3377.04 828.058 2767.04 1707.27 2548.98 574.438 2419.25 1409.51 253.619 478.02 1208.2 129.735 1389.04
internal_count=36351 19297 4501 17054 10393 14796 3166 14065 8097 1335 2655 7277 731 7992
is_linear=0
shrinkage=0.03


Tree=5
num_leaves=15
num_cat=0
split_feature=0 0 8 0 8 0 8 6 6 0 8 17 8 17
split_gain=2098.97 649.258 185.942 148.907 168.559 90.1071 111.831 61.8666 59.015 50.8274 41.5814 37.5167 32.938 30.9259
threshold=0.19635279396038643 0.33919213888931293 14.500000000000002 0.12733918618524984 6.5000000000000009 0.24179946486675549 1.5000000000000002 0.35820581755572395 0.23731274852115256 0.40875138327107979 4.5000000000000009 14615.600000000002 7.5000000000000009 273.15000000000003
decision_type=2 2 2 2 2 2 2 2 2 2 2 2 2 2
left_child=3 5 10 -1 -5 11 -7 12 9 -4 -3 -2 -8 -14
right_child=1 2 8 4 -6 6 7 -9 -10 -11 -12 -13 13 -15
leaf_value=-0.027929456075588929 0.0024119228495540195 0.079421585916237547 0.016690895174366768 -0.030059694071852744 -0.0078065430699293236 0.082087488256526869 0.027707206318547648 0.064787347409141702 0.060121273174430133 0.035387883039152926 0.052074770655196008 -0.026383953331060753 0.012754757966552706 0.0029527547068360226
leaf_weight=1168.2988036125898 1019.0321716815233 66.23397196829319 272.77909344434738 418.46994888782501 1143.347755625844 20.597062513232231 99.081761732697487 19.501599475741386 48.895672053098679 251.51191431283951 204.68663656711578 42.414791449904442 960.29508502781391 414.83325225114822
leaf_count=7455 6004 320 1521 2661 6917 102 562 105 255 1335 1064 261 5462 2392
internal_value=-0.000213114 0.0154462 0.0382801 -0.0198287 -0.013769 0.00796329 0.012661 0.0117037 0.0285999 0.0256602 0.0587604 0.00126126 0.0110015 0.0097978
internal_weight=6149.98 3419.86 844.107 2730.12 1561.82 2575.76 1514.31 1493.71 573.187 524.291 270.921 1061.45 1474.21 1375.13
internal_count=36416 19383 4495 17033 9578 14888 8623 8521 3111 2856 1384 6265 8416 7854
is_linear=0
shrinkage=0.03


Tree=6
num_leaves=15
num_cat=0
split_feature=0 0 0 8 8 0 8 0 6 17 18 17 18 6
split_gain=1994.3 595.171 146.605 154.478 142.579 76.8926 139.002 52.3947 50.9408 36.5126 38.0645 31.0778 47.44 26.332
threshold=0.1985981814770901 0.33919213888931293 0.12026669017176662 8.5000000000000018 8.5000000000000018 0.26189530018919954 6.5000000000000009 0.37629122195731751 0.2771275627077337 680.55000000000007 935.2700000000001 72100.000000000015 193024.40000000002 0.19084834106412735
decision_type=2 2 2 2 2 2 2 2 2 2 2 2 2 2
left_child=2 5 -1 -4 -3 9 -7 -6 -8 10 -2 12 13 -5
right_child=1 4 3 11 7 6 8 -9 -10 -11 -12 -13 -14 -15
leaf_value=-0.028093337596333097 0.00081354536572065715 0.06251883421767819 -0.027665766765026488 -0.015689658854227732 0.019721761663994426 0.053125210690184603 0.0097047065431661219 0.037007104430407237 0.043570989248458702 -0.0058597192143713759 0.012140412806765552 0.014108762478915038 -0.020668783143601554 -0.0032550385998145145
leaf_weight=1014.6343247592449 598.99034659564495 159.30906894803047 506.49395044147968 194.14021480083466 240.30757413804531 75.365055084228516 1047.6720844507217 459.8076561242342 41.559303000569344 307.07553379237652 481.79548966884613 54.824257671833038 247.32943478226662 728.0866284519434
leaf_count=6602 3495 779 3266 1187 1321 399 5956 2399 220 1825 2784 333 1514 4412
internal_value=-6.03372e-06 0.0153095 -0.0190389 -0.0137312 0.0369029 0.00803893 0.0137231 0.0310741 0.0109969 0.00326915 0.00586287 -0.00796684 -0.00900166 -0.00587268
internal_weight=6157.39 3411.88 2745.51 1730.87 859.424 2552.46 1164.6 700.115 1089.23 1387.86 1080.79 1224.38 1169.56 922.227
internal_count=36492 19178 17314 10712 4499 14679 6575 3720 6176 8104 6279 7446 7113 5599
is_linear=0
shrinkage=0.03


Tree=7
num_leaves=15
num_cat=0
split_feature=0 0 8 0 8 0 8 0 6 8 17 17 0 17
split_gain=1910.56 542.267 151.436 121.789 160.433 74.9088 86.4061 49.339 46.6553 41.4626 35.1789 55.5683 33.2136 32.4461
threshold=0.19635279396038643 0.33919213888931293 14.500000000000002 0.12026669017176662 8.5000000000000018 0.24100855127779688 2.5000000000000004 0.41090687850051172 0.3032211734108306 4.5000000000000009 2.4500000000000006 260.75000000000006 0.47102504204593448 3796.3500000000008
decision_type=2 2 2 2 2 2 2 2 2 2 2 2 2 2
left_child=3 5 9 -1 -5 13 -7 -4 10 -3 -8 -12 -11 -2
right_child=1 2 7 4 -6 6 8 -9 -10 12 11 -13 -14 -15
leaf_value=-0.027853183862910504 0.0027622537210375089 0.073096932442799481 0.017943832989106814 -0.029018538756895997 -0.008584237871210168 0.05626291857785632 -0.0020014141161712093 0.035126979950852073 0.039466919525140531 0.039593854174880747 0.016040985545618225 0.0029061232998974147 0.067607097822651341 -0.0158465836808819
leaf_weight=996.00384847819805 959.79584141075611 68.21698372066021 318.65440142154694 489.80851408839226 1176.0646800845861 37.856612488627434 208.13456517457962 284.81456191837788 48.044503182172775 161.56838981807232 805.36460566520691 452.89352087676525 49.842865973711014 92.449634790420532
leaf_count=6595 5628 312 1730 3220 7189 188 1202 1451 251 806 4495 2591 245 574
internal_value=-0.000413764 0.0141949 0.0345102 -0.0195543 -0.0145924 0.00730675 0.0114956 0.0260536 0.0103765 0.0527604 0.00942343 0.0113133 0.0461983 0.00112729
internal_weight=6149.51 3487.64 883.097 2661.88 1665.87 2604.54 1552.29 603.469 1514.44 279.628 1466.39 1258.26 211.411 1052.25
internal_count=36477 19473 4544 17004 10409 14929 8727 3181 8539 1363 8288 7086 1051 6202
is_linear=0
shrinkage=0.03


Tree=8
num_leaves=15
num_cat=0
split_feature=0 0 0 8 8 0 6 6 0 8 18 6 2 8
split_gain=1835.61 510.557 147.008 168.119 143.069 78.188 58.046 43.3049 39.3536 80.3121 35.4876 32.8908 25.4653 24.065
threshold=0.19635279396038643 0.31731833274178689 0.12026669017176662 7.5000000000000009 8.5000000000000018 0.41090687850051172 0.23264155429734262 0.27581771250478443 0.24179946486675549 2.5000000000000004 10605.200000000003 0.21408947399191641 0.27576694499370241 32.500000000000007
decision_type=2 2 2 2 2 2 2 2 2 2 2 2 2 2
left_child=2 6 -1 -4 -3 7 8 -6 12 -10 13 -5 -2 -8
right_child=1 4 3 11 5 -7 10 -9 9 -11 -12 -13 -14 -15
leaf_value=-0.02798392970277357 -0.00094974160027065657 0.05511933802662862 -0.028637315594404897 -0.015552511876153439 0.017435341185260536 0.037567654727236846 0.056857075590094848 0.053319321982309556 0.053988227827863777 0.0075091768659388469 0.0075736847791522737 -0.0043112199648052026 0.014503465358711755 0.025082581595553696
leaf_weight=984.17564986646175 873.90580685436726 188.08377178013325 464.58239015936852 321.07004331052303 531.50947415828705 347.75878381729126 30.085849851369858 32.095303773880005 34.440796330571175 1173.32451364398 78.985348239541054 866.31478105485439 107.81433767080307 74.754108548164368
leaf_count=6633 5153 893 3114 1991 2890 1736 163 163 167 6616 436 5307 633 411
internal_value=6.9357e-05 0.0143971 -0.0188054 -0.0133373 0.0312974 0.0263812 0.00656788 0.0194788 0.00520844 0.00883458 0.0227598 -0.00735088 0.000747358 0.0342009
internal_weight=6108.9 3472.76 2636.14 1651.97 1099.45 911.364 2373.31 563.605 2189.49 1207.77 183.825 1187.38 981.72 104.84
internal_count=36306 19261 17045 10412 5682 4789 13579 3053 12569 6783 1010 7298 5786 574
is_linear=0
shrinkage=0.03


Tree=9
num_leaves=15
num_cat=0
split_feature=0 0 0 8 8 0 8 0 6 2 17 14 6 6
split_gain=1670.28 498.239 140.523 152.603 135.34 75.5234 95.017 52.2459 46.1424 37.8029 32.9616 32.2407 30.8396 28.3299
threshold=0.19635279396038643 0.33919213888931293 0.12026669017176662 7.5000000000000009 15.500000000000002 0.25837100582529005 5.5000000000000009 0.37894505891192742 0.24400302633309409 0.27576694499370241 20.050000000000004 84.500000000000014 0.26144073537057794 0.21593653616892766
decision_type=2 2 2 2 2 2 2 2 2 2 2 2 2 2
left_child=2 5 -1 -4 -3 9 -7 10 -8 12 -6 -9 -2 -5
right_child=1 4 3 13 7 6 8 11 -10 -11 -12 -13 -14 -15
leaf_value=-0.027404905039584333 -0.00088788049461387001 0.048808132890974396 -0.027809583401990915 -0.014950985369809478 0.023928484435987926 0.046230285744354373 0.0088117642365769296 0.065733925534167445 0.035406320023788879 0.01513589336563477 0.00090976724424039193 0.02898986128798248 0.021918642683809674 -0.0044315584785198413
leaf_weight=954.33534421026707 1151.0270481258631 309.28590831160545 447.85985822975636 314.20351143181324 117.02954156696796 69.912634387612343 1105.4139012992382 22.911220192909241 62.009939298033714 173.75610582530499 107.33764497935772 346.89707231521606 55.956308305263519 863.99272245168686
leaf_count=6548 6725 1459 3058 1967 628 346 6190 109 316 997 576 1742 313 5306
internal_value=6.95169e-05 0.0135052 -0.0182665 -0.0129032 0.0327144 0.00687632 0.0122588 0.0243371 0.0102244 0.00205286 0.0129163 0.0312663 0.00016944 -0.0072369
internal_weight=6101.93 3521.54 2580.39 1626.06 903.461 2618.08 1237.34 594.175 1167.42 1380.74 224.367 369.808 1206.98 1178.2
internal_count=36280 19401 16879 10331 4514 14887 6852 3055 6506 8035 1204 1851 7038 7273
is_linear=0
shrinkage=0.03


Tree=10
num_leaves=15
num_cat=0
split_feature=1 1 1 6 17 17 17 14 1 16 17 9 17 18
split_gain=819.817 195.863 145.014 76.8521 50.8613 44.1028 44.5213 36.79 34.3776 34.3232 40.3042 33.0952 31.5816 41.4175
threshold=0.19926925159681666 0.31766705427331626 0.11368353305517612 0.24068871889190738 708.50000000000011 1261.5000000000002 4.0500000000000007 2296.0000000000005 0.24743552801551147 6.3500000000000005 10.050000000000002 27.500000000000004 3458.1500000000005 3786223.6800000002
decision_type=2 2 2 2 2 2 2 2 2 2 2 2 2 2
left_child=2 3 -1 5 7 6 -2 11 -8 10 -5 -4 -3 -14
right_child=1 12 4 9 -6 -7 8 -9 -10 -11 -12 -13 13 -15
leaf_value=-0.025681032823718176 -0.00180018967601289 0.023709489600620279 -0.015546924467074001 0.038170562785699885 -0.016031686607501403 -0.0049131059246055181 0.0033924117964159437 -0.008968221148547147 0.01182313664427391 0.041249248223253356 -0.0029194746647808129 0.0077561629976760776 -0.013388525797921491 0.024971038721446116
leaf_weight=666.02209025621414 562.24245022237301 736.12612827122211 68.946610569953918 35.282857999205589 615.44796042144299 430.5881222486496 813.48791225254536 738.13800543546677 936.33300495147705 69.084568232297897 54.934638470411301 268.28208036720753 50.521553352475166 50.809491872787476
leaf_count=4611 3274 3838 448 184 3947 2546 4763 4635 5228 364 301 1637 279 271
internal_value=3.31939e-05 0.00876716 -0.0138243 0.00507881 -0.00915388 0.00390221 0.00554394 -0.00521762 0.00790371 0.025336 0.0131503 0.00299183 0.021548 0.00584576
internal_weight=6096.25 3739.41 2356.84 2901.95 1690.81 2742.65 2312.06 1075.37 1749.82 159.302 90.2175 337.229 837.457 101.331
internal_count=36326 21048 15278 16660 10667 15811 13265 6720 9991 849 485 2085 4388 550
is_linear=0
shrinkage=0.03


Tree=11
num_leaves=15
num_cat=0
split_feature=0 0 0 8 8 6 6 8 0 6 17 17 18 0
split_gain=1518.88 437.671 132.579 142.185 113.233 62.0496 52.2504 47.9592 64.3345 39.1061 34.1507 47.8579 33.1974 30.7672
threshold=0.19762701786485812 0.33919213888931293 0.12733918618524984 6.5000000000000009 15.500000000000002 0.24400302633309409 0.24597434872438603 8.5000000000000018 0.26189530018919954 0.21632651807306477 3.0500000000000003 680.55000000000007 3784.8800000000006 0.41090687850051172
decision_type=2 2 2 2 2 2 2 2 2 2 2 2 2 2
left_child=2 5 -1 -4 -3 7 13 8 -2 -5 12 -12 -9 -6
right_child=1 4 3 9 6 -7 -8 10 -10 -11 11 -13 -14 -15
leaf_value=-0.025698177802472487 0.005359437512298496 0.045230867079703523 -0.02733089302172944 -0.015640485719257514 0.013631386462098711 0.025821950608215891 0.052089104909515356 -0.0060923370316690812 0.038233595092175443 -0.0029807483502359796 0.0086353753079292973 -0.0025264061528996263 0.032722849495160654 0.027878898393958847
leaf_weight=1043.4170890301466 130.69310998916626 317.29673172533512 392.967428997159 299.62177896499634 289.08210580050945 143.34941531717777 51.049275144934654 361.39259940385818 90.799627751111984 822.27679012715816 1401.2822805792093 458.95778819918633 20.982339009642601 258.29669083654881
leaf_count=7323 764 1463 2737 1894 1526 747 242 2095 459 5072 7871 2678 120 1255
internal_value=0.000125068 0.0129008 -0.0174693 -0.0118013 0.0307432 0.00663465 0.0230616 0.00551843 0.018836 -0.00636174 0.00420311 0.00588154 -0.0039624 0.0203545
internal_weight=6081.47 3523.18 2558.28 1514.87 915.725 2607.46 598.428 2464.11 221.493 1121.9 2242.62 1860.24 382.375 547.379
internal_count=36246 19220 17026 9703 4486 14734 3023 13987 1223 6966 12764 10549 2215 2781
is_linear=0
shrinkage=0.03


Tree=12
num_leaves=15
num_cat=0
split_feature=0 0 0 8 8 6 0 8 0 2 8 6 16 18
split_gain=1465.19 420.08 115.625 143.035 108.507 63.4945 53.913 80.0214 41.4743 33.908 29.9989 28.1755 27.9552 27.0848
threshold=0.19762701786485812 0.33919213888931293 0.12026669017176662 7.5000000000000009 15.500000000000002 0.24400302633309409 0.24298830412321484 5.5000000000000009 0.41090687850051172 0.27576694499370241 4.5000000000000009 0.21408947399191641 4.8500000000000005 142142.00000000003
decision_type=2 2 2 2 2 2 2 2 2 2 2 2 2 2
left_child=2 5 -1 -4 10 6 9 -8 -6 -2 -3 -5 -7 -12
right_child=1 4 3 11 8 12 7 -9 -10 -11 13 -13 -14 -15
leaf_value=-0.025853020274367595 -0.0019373172771392727 0.061006625720411663 -0.026671112385869049 -0.014736142996190728 0.014877476280960327 0.013382537288827222 0.04195721812188604 0.0074934485454981343 0.03060929386807568 0.015285878636983385 0.04545685027244642 -0.0041455260356802193 0.039758610167756052 0.023525685625375565
leaf_weight=913.83981229364872 909.49409177899361 72.896531715989113 460.74811261892319 306.71188116073608 312.33256413042545 77.609997048974037 63.428915128111839 1376.5381064116955 291.66122899949551 115.99782793223858 174.74399258196354 860.05047018826008 67.721484407782555 71.384667173027992
leaf_count=6561 5346 311 3264 1961 1627 404 304 7643 1393 664 808 5324 344 329
internal_value=5.98214e-05 0.0125538 -0.0173134 -0.0125184 0.0299497 0.00640365 0.00526777 0.00901154 0.0224742 1.08729e-05 0.0441026 -0.00692953 0.0256732 0.0390962
internal_weight=6075.16 3533.81 2541.35 1627.51 923.019 2610.79 2465.46 1439.97 603.994 1025.49 319.025 1166.76 145.331 246.129
internal_count=36283 19173 17110 10549 4468 14705 13957 7947 3020 6010 1448 7285 748 1137
is_linear=0
shrinkage=0.03


Tree=13
num_leaves=15
num_cat=0
split_feature=0 0 0 8 8 6 0 8 0 2 6 8 6 17
split_gain=1358.08 352.325 126.001 137.762 112.951 59.9517 52.4732 66.4031 35.7478 34.5339 31.0153 30.9536 30.7381 30.8205
threshold=0.19919265790632698 0.31409412510752072 0.12733918618524984 6.5000000000000009 14.500000000000002 0.23731274852115256 0.24179946486675549 1.5000000000000002 0.47102504204593448 0.27576694499370241 0.33671107425226593 4.5000000000000009 0.21408947399191641 500.05000000000007
decision_type=2 2 2 2 2 2 2 2 2 2 2 2 2 2
left_child=2 6 -1 -4 11 8 9 -8 -6 -2 -9 -3 -5 -14
right_child=1 4 3 12 5 -7 7 10 -10 -11 -12 -13 13 -15
leaf_value=-0.024996935132942256 -0.0019534325877301325 0.055826645543859667 -0.027001433931735035 -0.014494275907735211 0.014022854546169363 0.045992907640349627 0.057812511567734676 0.0074984665881951112 0.031281197175647583 0.016125935435262619 0.042807192851309392 0.034649285003094714 0.00091592358316516928 -0.010900347326308311
leaf_weight=1016.3903033733368 899.17632313072681 81.29328940808773 382.89006586372852 301.50238510966301 649.00804613530636 69.408656552433968 24.641808301210403 1297.0530342906713 129.5846391916275 106.33167304098606 22.783293634653091 263.3301578015089 548.69093964993954 311.42194548249245
leaf_count=7374 5276 349 2762 1937 3371 322 107 7143 606 604 109 1214 3369 1950
internal_value=-0.000149744 0.011882 -0.0167939 -0.0113957 0.0251624 0.0192769 0.00514217 0.00901897 0.0168952 -4.15538e-05 0.00810797 0.0396448 -0.00625173 -0.00336241
internal_weight=6103.51 3542.61 2560.9 1544.51 1192.62 848.001 2349.99 1344.48 778.593 1005.51 1319.84 344.623 1161.62 860.113
internal_count=36493 19101 17392 10018 5862 4299 13239 7359 3977 5880 7252 1563 7256 5319
is_linear=0
shrinkage=0.03


Tree=14
num_leaves=15
num_cat=0
split_feature=0 0 0 8 8 0 0 8 17 6 17 18 6 17
split_gain=1285.18 345.897 120.939 136.863 85.405 54.8362 53.4715 77.3206 35.2059 33.2785 28.0177 48.4725 25.4992 23.08
threshold=0.19635279396038643 0.33919213888931293 0.12026669017176662 8.5000000000000018 5.5000000000000009 0.48567936752641289 0.24100855127779688 1.5000000000000002 3796.3500000000008 0.35820581755572395 72100.000000000015 193024.40000000002 0.19084834106412735 1384.2500000000002
decision_type=2 2 2 2 2 2 2 2 2 2 2 2 2 2
left_child=2 6 13 -4 -3 -6 8 -8 -2 -9 11 12 -5 -1
right_child=1 4 3 10 5 -7 7 9 -10 -11 -12 -13 -14 -15
leaf_value=-0.021039718564408959 0.0023230267436685488 0.05248573996506626 -0.026068472515003032 -0.01420839618535627 0.020297622458364851 0.040451965043991657 0.058252741193140278 0.0079130141478493 -0.017044496527975263 0.044764531175746705 0.014623999274897022 -0.019661943522392533 -0.0014735412175614292 -0.030713213073533696
leaf_weight=490.32052114605904 953.78586359322071 105.01447193324566 430.01530501246452 177.79397648572922 698.91469317674637 147.06467081606388 28.540468707680702 1565.1417668759823 92.679568782448769 22.369595721364021 55.175047531723976 226.09481167793274 693.36575965583324 405.6051346808672
leaf_count=3620 5551 443 3162 1161 3402 666 122 8556 583 104 343 1453 4303 3035
internal_value=2.6608e-05 0.0114382 -0.0166117 -0.0116252 0.0269688 0.0238012 0.00589101 0.00931215 0.000607754 0.00843229 -0.00623592 -0.00728485 -0.00407258 -0.0254191
internal_weight=6091.88 3613.51 2478.37 1582.44 950.994 845.979 2662.52 1616.05 1046.47 1587.51 1152.43 1097.25 871.16 895.926
internal_count=36504 19427 17077 10422 4511 4068 14916 8782 6134 8660 7260 6917 5464 6655
is_linear=0
shrinkage=0.03


Tree=15
num_leaves=15
num_cat=0
split_feature=0 0 0 8 8 16 18 0 6 8 6 0 6 17
split_gain=1198.13 318.402 121.24 138.797 95.041 48.1724 38.7009 38.1208 33.5408 31.4251 31.1881 31.0949 29.5434 26.5331
threshold=0.19635279396038643 0.33919213888931293 0.12026669017176662 7.5000000000000009 14.500000000000002 7.1000000000000005 594.33000000000004 0.25837100582529005 0.23731274852115256 4.5000000000000009 0.22477227098990071 0.47102504204593448 0.21632651807306477 1751.0000000000002
decision_type=2 2 2 2 2 2 2 2 2 2 2 2 2 2
left_child=2 5 -1 -4 9 7 -7 13 11 -3 -8 -6 -5 -2
right_child=1 4 3 12 8 6 10 -9 -10 -11 -12 -13 -14 -15
leaf_value=-0.025212264023011303 0.00070707226057226808 0.056346674456466836 -0.026318958655588167 -0.014075675815528332 0.013445347813015507 0.0033324825589771457 0.012546882909709242 0.007619498167017894 0.041301188849108633 0.033950617146552294 0.031286593824714708 0.029603322554733399 -0.0031253127426594351 -0.012807571786303002
leaf_weight=876.04802010953426 797.65674445033073 74.327954992651939 407.7698595225811 299.22761173546314 468.92565868794918 388.78169433772564 520.22659546136856 724.55381834506989 56.51267959177494 233.60085485875607 94.439296811819077 138.95403634011745 856.28685769438744 156.37557722628117
leaf_count=6622 4587 306 3059 1964 2339 2162 2875 3917 254 1039 497 634 5346 950
internal_value=3.88436e-06 0.0108722 -0.0162779 -0.0112712 0.0255794 0.00554037 0.0107405 0.00243178 0.0191941 0.0393566 0.0154261 0.0171389 -0.00596098 -0.00150812
internal_weight=6093.69 3654.35 2439.33 1563.28 972.321 2682.03 1003.45 1678.59 664.392 307.929 614.666 607.88 1155.51 954.032
internal_count=36551 19560 16991 10369 4572 14988 5534 9454 3227 1345 3372 2973 7310 5537
is_linear=0
shrinkage=0.03


Tree=16
num_leaves=15
num_cat=0
split_feature=17 6 2 2 2 16 16 17 6 17 19 17 6 6
split_gain=290.782 90.3228 61.1315 50.2068 37.3397 36.2232 34.103 30.5755 31.4691 40.5947 35.2247 28.1815 31.3646 27.4807
threshold=1448.8500000000001 0.24068871889190738 0.22508768345584032 0.24029179034208184 0.12889134262891605 2.6500000000000008 19.900000000000002 0.65000000000000002 0.17139940467739281 297.50000000000006 4.479596679126054 2.2500000000000004 0.16758542065467155 0.16758542065467155
decision_type=2 2 2 2 2 2 2 2 2 2 2 2 2 2
left_child=1 2 4 -2 6 -3 -1 -4 10 -10 -9 12 -6 -13
right_child=3 5 7 -5 11 -7 -8 8 9 -11 -12 13 -14 -15
leaf_value=-0.018156317277277609 -0.015289404369845185 0.0095251226079992885 -0.0066672875788694073 -0.0025634926349981314 0.012319074342465059 0.030729851598738738 0.030316289579806626 0.011981315783343308 0.0097596347447726859 -0.0011101455237215638 -0.012415594914480785 -0.011258930263230106 -0.013094518080377975 0.003050207256343251
leaf_weight=167.47734606266022 1029.2042621076107 148.04120457172394 167.26818685233593 382.78727145493031 53.35516844689846 142.09792526066303 14.168081894516943 82.192526549100876 1703.2017485201359 377.81595103442669 151.32106092572212 133.41589176654816 241.70178510248661 1276.7713264971972
leaf_count=1176 6944 817 994 2313 325 744 90 452 9627 2188 882 827 1490 7679
internal_value=8.67985e-05 0.00370139 0.0026249 -0.0118394 -0.00144504 0.0199103 -0.0143755 0.00571924 0.0066144 0.00778619 -0.00382833 -6.76649e-05 -0.00849898 0.00169644
internal_weight=6070.82 4658.83 4368.69 1411.99 1886.89 290.139 181.645 2481.8 2314.53 2081.02 233.514 1705.24 295.057 1410.19
internal_count=36548 27291 25730 9257 11587 1561 1266 14143 13149 11815 1334 10321 1815 8506
is_linear=0
shrinkage=0.03


Tree=17
num_leaves=15
num_cat=0
split_feature=0 0 0 8 8 6 8 0 0 6 18 17 17 8
split_gain=1177.29 264.054 126.421 149.188 84.566 38.712 36.9845 40.4387 35.5417 32.5651 28.029 25.7261 46.4315 24.7989
threshold=0.1985981814770901 0.31731833274178689 0.10793044585584659 10.500000000000002 14.500000000000002 0.23731274852115256 8.5000000000000018 0.28694576888018403 0.47102504204593448 0.23264155429734262 310227.00000000006 72100.000000000015 708.50000000000011 4.5000000000000009
decision_type=2 2 2 2 2 2 2 2 2 2 2 2 2 2
left_child=2 6 -1 -4 13 8 7 -2 10 -8 -6 12 -5 -3
right_child=1 4 3 11 5 -7 9 -9 -10 -11 -12 -13 -14 -15
leaf_value=-0.026794828916663693 0.010220464899483842 0.049041175202141782 -0.024845407249959508 -0.0032360405557931723 0.014681880433668561 0.038188215329451151 0.0030096565829333443 0.040971900497272493 0.029409245527901372 0.016848182354274335 -0.0056983332683060422 0.014290662187391653 -0.016799208136398167 0.030425744797639962
leaf_weight=690.07288293540478 183.57789354026318 85.338758111000061 536.12826495617628 862.47401569783688 575.74406042695045 73.95203609764576 1997.3139430433512 48.695448473095894 136.03415203094482 165.74377626180649 67.896334886550903 54.42854942381382 308.38333135843277 262.57584398984909
leaf_count=5341 1033 355 4050 5485 2920 329 11267 223 614 854 348 340 2052 1173
internal_value=0.000121631 0.0110485 -0.0159105 -0.0116464 0.0225253 0.0174442 0.00529159 0.0166674 0.0154767 0.00407003 0.012532 -0.0058711 -0.00680834 0.0349919
internal_weight=6048.36 3596.87 2451.49 1761.41 1201.54 853.627 2395.33 232.273 779.675 2163.06 643.64 1225.29 1170.86 347.915
internal_count=36384 19116 17268 11927 5739 4211 13377 1256 3882 12121 3268 7877 7537 1528
is_linear=0
shrinkage=0.03


Tree=18
num_leaves=15
num_cat=0
split_feature=0 0 0 9 16 2 6 9 17 17 17 17 17 14
split_gain=1070.72 254.221 100.49 45.1835 43.2925 39.9179 35.0766 38.7592 34.1493 39.1585 30.0175 27.2766 27.6381 27.0608
threshold=0.19635279396038643 0.31409412510752072 0.12733918618524984 57.500000000000007 7.9000000000000012 0.19326346043428327 0.23731274852115256 99.500000000000014 60302.000000000007 5002.5000000000009 325.95000000000005 0.45000000000000007 3796.3500000000008 2296.0000000000005
decision_type=2 2 2 2 2 2 2 2 2 2 2 2 2 2
left_child=2 4 -1 10 11 -3 7 -7 9 -5 -4 -2 -13 -6
right_child=1 5 3 8 13 6 -8 -9 -10 -11 -12 12 -14 -15
leaf_value=-0.02327711127495952 -0.019106135081938057 0.037793246205074141 -0.0110709792117278 -0.006193136890049346 0.017757830151561963 0.023876056643158897 0.03625096944862085 0.012111416077495068 0.015851359579152562 -0.025003393459719459 -0.026583078026696128 0.0037612601281411711 -0.0088759259217073058 0.0063354361515521223
leaf_weight=946.7412384301424 55.72841303050518 118.64517189562321 231.76077421754599 823.31169390678406 269.20649409294128 487.37498614192009 102.01728431880474 521.94653038680553 55.014692768454552 113.31333591043949 217.76728975772858 1319.4899422675371 176.6052923053503 608.82662378251553
leaf_count=7367 318 534 1644 5292 1450 2283 444 2579 342 767 1625 7379 1048 3369
internal_value=-5.67998e-05 0.0101394 -0.0156841 -0.010696 0.00451399 0.0212526 0.0194867 0.0177923 -0.00711956 -0.00846881 -0.0185856 0.00150188 0.00226951 0.00983756
internal_weight=6047.75 3659.84 2387.91 1441.17 2429.86 1229.98 1111.34 1009.32 991.64 936.625 449.528 1551.82 1496.1 878.033
internal_count=36441 19404 17037 9670 13564 5840 5306 4862 6401 6059 3269 8745 8427 4819
is_linear=0
shrinkage=0.03


Tree=19
num_leaves=15
num_cat=0
split_feature=0 0 0 8 8 0 8 0 6 17 17 6 0 2
split_gain=1001.04 246.314 101.372 139.942 75.7176 47.0612 45.636 42.16 34.6907 32.4797 52.6364 28.0962 25.1512 24.966
threshold=0.19635279396038643 0.33919213888931293 0.10793044585584659 9.5000000000000018 9.5000000000000018 0.24100855127779688 1.5000000000000002 0.48567936752641289 0.21408947399191641 60302.000000000007 3621.2500000000005 0.35820581755572395 0.18319129474405296 0.27576694499370241
decision_type=2 2 2 2 2 2 2 2 2 2 2 2 2 2
left_child=2 5 -1 -4 -3 13 -7 -6 -5 10 12 -8 -10 -2
right_child=1 4 3 8 7 6 11 -9 9 -11 -12 -13 -14 -15
leaf_value=-0.025336455016130993 -0.0016753853183104263 0.03830217361540264 -0.024982981314611442 -0.014560331623249254 0.014849013784558364 0.047733872489486059 0.0069722233570677127 0.033319648182317585 -0.0035264259997120411 0.019610799549061125 -0.022385332173868684 0.039714215874092851 0.012828992480630621 0.012860030074867877
leaf_weight=667.16416933387518 937.43828627467155 212.45281073451042 493.17980918288231 314.46061789244413 636.61109752953053 25.721002072095871 1593.4621307700872 134.7630539983511 608.61456646770239 53.883399426937103 124.80080074071884 23.941766858100891 98.286754459142685 119.95856583118439
leaf_count=5348 5488 892 3870 2137 3033 107 8572 589 3893 331 851 107 599 672
internal_value=-0.000179375 0.0095923 -0.015432 -0.0115295 0.0224437 0.00491041 0.00808737 0.0180759 -0.00600058 -0.00296112 -0.00442348 0.00745689 -0.00125239 -2.63852e-05
internal_weight=6044.74 3684.35 2360.39 1693.23 983.827 2700.52 1643.12 771.374 1200.05 885.586 831.702 1617.4 706.901 1057.4
internal_count=36489 19460 17029 11681 4514 14946 8786 3622 7811 5674 5343 8679 4492 6160
is_linear=0
shrinkage=0.03


Tree=20
num_leaves=15
num_cat=0
split_feature=1 1 1 6 17 9 17 19 14 17 17 1 10 17
split_gain=458.016 108.765 98.0278 59.5551 58.499 43.8762 32.8781 30.3922 26.8682 30.0073 23.1429 23.0696 22.9888 22.7548
threshold=0.18091009352829762 0.31766705427331626 0.098347075097511741 0.30555408933920575 680.55000000000007 12.500000000000002 4.7500000000000009 8.4133281531238673 357.50000000000006 5991.0000000000009 72100.000000000015 0.40684121160131187 468.00000000000006 0.8500000000000002
decision_type=2 2 2 2 2 2 2 2 2 2 2 2 2 2
left_child=2 3 -1 4 6 -4 7 -2 9 13 -10 -3 -13 -7
right_child=1 11 5 -5 -6 8 -8 -9 10 -11 -12 12 -14 -15
leaf_value=-0.025112797461643761 -0.0029793671088927521 0.012116878962599591 -0.023200033935885832 0.025192748198986051 -0.0056798556519198828 -0.020706745620294145 0.0062197367127604028 0.027089875211247252 -0.0095900817204026545 -0.02186579351518066 0.011907810943228759 0.032388045333640612 0.010437930399977369 0.015424699819867719
leaf_weight=438.05787286907434 637.19640082120895 689.51847660541534 169.41521570086479 102.80544330924749 698.56541314721107 18.143327333033085 1830.7729297503829 31.760294057428837 1034.3155735731125 31.839739248156548 47.121160976588726 113.79710148274899 68.96796952188015 115.88026692718267
leaf_count=3558 3700 3478 1345 519 4227 120 10301 181 6955 217 292 520 334 738
internal_value=-0.000305633 0.00520715 -0.0127098 0.0027176 0.00199516 -0.00887473 0.00413999 -0.00155176 -0.00692899 0.00431396 -0.00865336 0.0146287 0.024105 0.0105334
internal_weight=6028.16 4173.38 1854.77 3301.1 3198.3 1416.72 2499.73 668.957 1247.3 165.863 1081.44 872.284 182.765 134.024
internal_count=36485 23260 13225 18928 18409 9667 14182 3881 8322 1075 7247 4332 854 858
is_linear=0
shrinkage=0.03


Tree=21
num_leaves=15
num_cat=0
split_feature=0 0 0 8 8 0 8 2 6 0 6 16 18 18
split_gain=910.709 213.745 101.548 117.627 73.411 40.6198 64.6699 29.1556 28.836 27.5692 23.4916 26.1958 20.6211 19.6638
threshold=0.19762701786485812 0.33919213888931293 0.12026669017176662 7.5000000000000009 8.5000000000000018 0.25837100582529005 5.5000000000000009 0.27454449793301544 0.24400302633309409 0.41090687850051172 0.21408947399191641 6.1000000000000005 193024.40000000002 52150.150000000001
decision_type=2 2 2 2 2 2 2 2 2 2 2 2 2 2
left_child=2 5 13 -4 -3 7 -7 -2 -8 -6 -5 12 -12 -1
right_child=1 4 3 10 9 6 8 -9 -10 -11 11 -13 -14 -15
leaf_value=-0.018369120689555041 -0.00055174669889071991 0.037735588704404341 -0.024283362369551895 -0.012644248483253498 0.011576870257015034 0.035737207515321737 0.0057621268860576207 0.012289701787826839 0.02574268232055912 0.022710446614122613 -0.0045136417113237244 0.002445526716007086 -0.02029407512199094 -0.027752417806274642
leaf_weight=374.70851215720177 1202.7628958821297 190.86366052925587 399.835753493011 296.70861721038818 408.54778517782688 74.134363412857056 1158.2219056636095 183.38627202808857 68.873074129223824 392.45224446058273 327.31485214829445 423.10487626492977 96.50013068318367 433.58786628395319
leaf_count=3022 6928 792 3214 2010 1976 336 6224 1005 317 1741 2048 2676 644 3608
internal_value=-0.000206785 0.00911359 -0.0147882 -0.0102769 0.0210158 0.0047207 0.00852744 0.00114717 0.00688357 0.0170318 -0.00537999 -0.00283504 -0.00810675 -0.0234025
internal_weight=6031 3679.24 2351.76 1543.46 991.864 2687.38 1301.23 1386.15 1227.09 801 1143.63 846.92 423.815 808.296
internal_count=36541 19319 17222 10592 4509 14810 6877 7933 6541 3717 7378 5368 2692 6630
is_linear=0
shrinkage=0.03


Tree=22
num_leaves=15
num_cat=0
split_feature=0 0 8 0 8 0 8 17 17 6 17 6 18 18
split_gain=903.354 235.395 72.2135 70.8224 99.8401 51.3876 53.9806 49.3148 28.6058 28.6009 26.3907 26.0849 23.5411 23.1963
threshold=0.18151847830453458 0.33919213888931293 14.500000000000002 0.10793044585584659 9.5000000000000018 0.24179946486675549 1.5000000000000002 5002.5000000000009 2.4500000000000006 0.27137314238623006 60302.000000000007 0.23731274852115256 2116473.0000000005 6556.1600000000008
decision_type=2 2 2 2 2 2 2 2 2 2 2 2 2 2
left_child=3 5 -3 -1 -5 7 -7 9 -8 -2 12 -4 -6 -10
right_child=1 2 11 4 10 6 8 -9 13 -11 -12 -13 -14 -15
leaf_value=-0.024649228754578673 0.00057812371795544775 0.032610056766360737 0.013470924450902349 -0.025055181022913348 -0.0071839755928076897 0.049187127911049865 -0.0030936189941438139 -0.017963751364955056 0.012378365451725595 0.024289073889538042 0.014165563307928635 0.033811111614110649 -0.024832176059046869 0.0046015815598665719
leaf_weight=633.62436933070421 1160.3912342190742 317.69361217319965 625.3897914737463 408.89154416322708 875.72250515222549 27.561511740088463 224.27989184856415 129.5368320569396 684.71525058150291 47.665881961584091 48.354145109653473 62.406528830528259 73.754055976867676 696.14915435016155
leaf_count=5315 6865 1335 2945 3376 5802 113 1234 878 3587 260 293 266 521 3716
internal_value=-9.37052e-05 0.00823412 0.0207805 -0.0163212 -0.01257 0.00398698 0.00755854 -0.000372578 0.00684375 0.00151368 -0.00745385 0.0153165 -0.00855486 0.00845778
internal_weight=6016.14 3975.79 1005.49 2040.35 1406.72 2970.3 1632.71 1337.59 1605.14 1208.06 997.831 687.796 949.477 1380.86
internal_count=36506 21199 4546 15307 9992 16653 8650 8003 8537 7125 6616 3211 6323 7303
is_linear=0
shrinkage=0.03


Tree=23
num_leaves=15
num_cat=0
split_feature=1 1 1 17 9 6 17 14 14 17 17 19 14 17
split_gain=413 81.6335 70.9835 68.7747 41.6393 29.3465 28.9007 27.1538 22.6609 29.6332 21.7446 34.5546 21.8334 21.7045
threshold=0.18091009352829762 0.095441283472998281 0.30483214896720762 680.55000000000007 13.500000000000002 0.17177067789669123 0.35000000000000003 71.500000000000014 438.00000000000006 1504.0000000000002 3458.1500000000005 5.2319103986617685 3480.0000000000005 17.050000000000004
decision_type=2 2 2 2 2 2 2 2 2 2 2 2 2 2
left_child=1 -1 3 5 -3 -2 -4 -7 9 13 -8 -12 -13 -6
right_child=2 4 6 -5 8 7 10 -9 -10 -11 11 12 -14 -15
leaf_value=-0.024079791847728464 -0.0043694368261978011 -0.022414565242263332 -0.02041171681796651 -0.0056175679510233646 -0.0013737236874881702 0.027345281360096101 0.014370351595367144 0.0057615598482884068 -0.0084098529502430047 -0.0152304048315458 -0.021366736186431597 -0.0090091933627383346 0.024500029849091279 0.023942799659140659
leaf_weight=398.36212914437056 259.94249262660742 174.19348984956741 24.229603484272957 676.01520492136478 60.293662935495377 53.752722717821598 879.69226998835802 2179.7003297954798 1050.6307426616549 54.240911684930325 41.546722754836082 27.110253378748894 49.36602970957756 61.632381811738014
leaf_count=3409 1498 1448 126 4114 384 284 4322 12278 7185 379 228 153 245 392
internal_value=-7.45257e-05 -0.0120965 0.00508652 0.00286962 -0.00868914 0.00517068 0.0119619 0.00628102 -0.00674026 0.00321691 0.0127481 0.000656735 0.0126213 0.0114235
internal_weight=5990.71 1799.35 4191.36 3169.41 1400.99 2493.4 1021.94 2233.45 1226.8 176.167 997.715 118.023 76.4763 121.926
internal_count=36445 13197 23248 18174 9788 14060 5074 12562 8340 1155 4948 626 398 776
is_linear=0
shrinkage=0.03


Tree=24
num_leaves=15
num_cat=0
split_feature=1 1 1 18 6 9 6 18 18 18 18 10 18 16
split_gain=360.782 89.9019 68.399 54.0623 40.4041 38.1791 32.4318 31.1333 31.5024 29.3099 25.2381 21.8092 30.5381 21.5095
threshold=0.16704365064930021 0.31766705427331626 0.095441283472998281 203478.07500000004 0.35694760098996831 13.500000000000002 0.17177067789669123 120.06000000000002 52150.150000000001 1.0900000000000003 35815.120000000003 742.00000000000011 52.100000000000009 0.75000000000000011
decision_type=2 2 2 2 2 2 2 2 2 2 2 2 2 2
left_child=2 3 -1 4 6 -4 11 -7 10 -8 -9 12 -2 -3
right_child=1 13 5 -5 -6 7 9 8 -10 -11 -12 -13 -14 -15
leaf_value=-0.023694265256900566 0.03742440605098761 0.006520323144539251 -0.022913190349970448 -0.0054855028632439856 0.034042483966892037 -0.022465437951695234 -0.017246748885465173 -0.0020276297631054816 -0.012189409084573187 0.005102221428905403 0.024919425183893503 -0.011152449029425773 -0.0026397036751358884 0.016252086652317161
leaf_weight=381.71067004650831 21.566980130970478 316.11337763816118 152.2085449770093 672.17708552628756 39.599078953266144 101.15525877475739 53.93566133081913 491.53203039616346 325.71945904940367 2537.4140331298113 33.406654328107834 209.60545399785042 83.092937856912613 578.41941045969725
leaf_count=3320 124 1558 1296 4207 195 704 313 3312 2342 14372 223 1218 508 2810
internal_value=7.50265e-05 0.00429726 -0.0127472 0.00219142 0.0039435 -0.0089623 0.0035333 -0.00673136 -0.00486035 0.00463706 -0.000312742 -0.00556798 0.0056162 0.012813
internal_weight=5997.66 4511.92 1485.73 3617.39 2945.21 1104.02 2905.62 951.813 850.658 2591.35 524.939 314.265 104.66 894.533
internal_count=36502 25305 11197 20937 16730 7877 16535 6581 5877 14685 3535 1850 632 4368
is_linear=0
shrinkage=0.03


Tree=25
num_leaves=15
num_cat=0
split_feature=0 0 0 0 17 9 9 6 6 17 16 7 16 17
split_gain=769.261 215.679 66.8858 63.7063 50.4738 47.7891 34.0665 30.9162 28.5999 27.5481 24.9181 24.2132 21.2354 20.6813
threshold=0.17985706387390302 0.37629122195731751 0.10793044585584659 0.24179946486675549 5002.5000000000009 68.500000000000014 63.500000000000007 0.37065863055167375 0.22477227098990071 60302.000000000007 6.1000000000000005 0.21807090240948038 7.9000000000000012 19997.000000000004
decision_type=2 2 2 2 2 2 2 2 2 2 2 2 2 2
left_child=2 3 -1 4 12 10 8 13 11 -7 -4 -5 -2 -8
right_child=1 -3 5 6 -6 9 7 -9 -10 -11 -12 -13 -14 -15
leaf_value=-0.023795802783944622 -0.0017009031557392595 0.022734096983685101 -0.024685503138020856 0.015678880068710155 -0.019193026926888075 -0.0088480783115142628 0.0044352380151211337 0.039333384110551262 0.030951161991523823 0.015787005557772724 -0.010946804191942392 -0.0013532818668088194 0.0068094075661056363 0.035934910803417604
leaf_weight=613.90423387289047 844.79573673009872 675.55603338778019 302.27048905193806 289.9730296432972 123.08534653484821 826.13225641846657 1475.5684900581837 23.751799836754799 80.009074240922928 42.978545516729355 195.76178289949894 101.38449558615685 383.7552188411355 19.000467762351036
leaf_count=5349 5006 2953 2462 1463 854 5634 7718 102 372 261 1516 512 2231 105
internal_value=-0.000270934 0.00727409 -0.0155696 0.00414835 -0.000877566 -0.0118757 0.00756257 0.00537536 0.0146078 -0.00762984 -0.0192852 0.0112666 0.000957412 0.00483569
internal_weight=5997.93 4016.88 1981.05 3341.32 1351.64 1367.14 1989.69 1518.32 471.367 869.111 498.032 391.358 1228.55 1494.57
internal_count=36538 21316 15222 18363 8091 9873 10272 7925 2347 5895 3978 1975 7237 7823
is_linear=0
shrinkage=0.03


Tree=26
num_leaves=15
num_cat=0
split_feature=17 2 17 14 2 18 14 17 17 9 18 17 17 9
split_gain=212.994 42.6036 39.646 44.3927 42.1812 31.8465 23.4727 28.2164 22.4321 19.1302 37.3047 19.752 33.1984 26.429
threshold=1504.0000000000002 0.12889134262891605 0.45000000000000007 357.50000000000006 0.13526915749144003 10605.200000000003 11048.000000000002 60302.000000000007 5002.5000000000009 443.50000000000006 684.40000000000009 260.75000000000006 90.100000000000009 257.00000000000006
decision_type=2 2 2 2 2 2 2 2 2 2 2 2 2 2
left_child=2 -2 -1 5 -5 -4 8 -8 -3 11 -11 12 -6 -13
right_child=1 6 3 4 9 -7 7 -9 -10 10 -12 13 -14 -15
leaf_value=-0.0084968946635016022 -0.022325692870513829 -0.0057130576605206231 0.018142061361209612 -0.013738582475256944 0.0038329638818708858 0.0030031965333472375 -0.006374477622471366 0.015057711128588228 -0.019193685207289295 0.0047206668160775147 -0.0093891243013443284 0.0032273434389190336 0.012609555368818167 -0.010907178597832641
leaf_weight=247.37957555800676 228.04797779768705 198.72590708732605 311.90750118345022 134.87664406746626 1963.7592289298773 208.76347500830889 556.72920519113541 61.380912020802498 251.9334269464016 404.43203428387642 289.25756596028805 461.16109201312065 483.36546770483255 160.49379077553749
leaf_count=1538 1922 1311 1663 1054 11282 1242 3607 370 1846 2348 1735 2754 2770 939
internal_value=0.000200761 -0.0105541 0.00319025 0.00384465 0.00274549 0.0120721 -0.00804239 -0.00424617 -0.0132492 0.00333641 -0.00116289 0.00435347 0.00556655 -0.000421792
internal_weight=5962.21 1296.82 4665.4 4418.02 3897.35 520.671 1068.77 618.11 450.659 3762.47 693.69 3068.78 2447.12 621.655
internal_count=36381 9056 27325 25787 22882 2905 7134 3977 3157 21828 4083 17745 14052 3693
is_linear=0
shrinkage=0.03


Tree=27
num_leaves=15
num_cat=0
split_feature=0 0 0 9 9 0 2 16 17 18 17 14 17 16
split_gain=750.011 207.677 104.458 48.6506 32.5369 30.3084 27.4986 27.0608 25.5781 51.162 25.3108 24.3759 25.8731 24.9911
threshold=0.19635279396038643 0.33919213888931293 0.12026669017176662 57.500000000000007 29.500000000000004 0.25837100582529005 0.27576694499370241 6.3500000000000005 60302.000000000007 193024.40000000002 680.55000000000007 3024.0000000000005 2.4500000000000006 5.3500000000000005
decision_type=2 2 2 2 2 2 2 2 2 2 2 2 2 2
left_child=2 5 -1 7 -3 6 10 -4 9 -5 -2 13 -13 -7
right_child=1 4 3 8 -6 11 -8 -9 -10 -11 -12 12 -14 -15
leaf_value=-0.022785525691782653 0.0015399008102578043 0.030896590472410335 -0.022822513717767879 -0.0029784689913559719 0.017255401864163512 0.0066201771688784387 0.011710359244410731 -0.008025138425295647 0.014078402679568799 -0.02019844103419555 -0.0089940605992019571 -0.01048758156164642 0.0061738804369288912 0.021202492832970429
leaf_weight=751.35798652470112 960.22117556631565 194.51468607783318 284.9758675545454 756.24949151277542 824.01790703833103 236.78133718669415 184.61475114524364 182.43262552469969 57.569508172571659 195.4069309681654 261.11252780258656 93.696947246789932 800.70313942432404 191.17200273275375
leaf_count=6634 5419 814 2321 4955 3716 1216 1002 1385 348 1421 1607 516 4197 954
internal_value=0.00010468 0.00830096 -0.0136791 -0.00904544 0.0198605 0.00398553 0.000919016 -0.017047 -0.00533963 -0.00651431 -0.000712186 0.00724591 0.00442843 0.0131343
internal_weight=5974.83 3746.83 2227.99 1476.63 1018.53 2728.3 1405.95 467.408 1009.23 951.656 1221.33 1322.35 894.4 427.953
internal_count=36505 19441 17064 10430 4530 14911 8028 3706 6724 6376 7026 6883 4713 2170
is_linear=0
shrinkage=0.03


Tree=28
num_leaves=15
num_cat=0
split_feature=0 0 0 8 8 8 0 6 17 8 19 18 0 18
split_gain=731.172 176.938 82.4264 91.5625 76.6113 33.6563 31.8442 29.2728 23.5311 24.4094 23.0389 22.4104 21.3271 24.7487
threshold=0.19635279396038643 0.33919213888931293 0.12026669017176662 8.5000000000000018 14.500000000000002 8.5000000000000018 0.24298830412321484 0.24400302633309409 2400.5000000000005 14.500000000000002 4.9746540367908585 1572224.2050000001 0.41090687850051172 596735.01500000013
decision_type=2 2 2 2 2 2 2 2 2 2 2 2 2 2
left_child=2 5 8 -4 10 6 11 -7 9 -1 -3 -2 13 -6
right_child=1 4 3 -5 12 7 -8 -9 -10 -11 -12 -13 -14 -15
leaf_value=-0.028685719983198816 0.011186978383959647 0.016360834427140345 -0.022640049967991713 -0.0053158777899459135 0.010203401230914176 0.0020924993582614477 0.024089733876859091 0.016775674497041468 -0.028797957334292901 -0.013395483990565143 0.035214128546254816 -0.015878677305713643 0.018458199235511469 -0.019843638631405997
leaf_weight=131.6485717445612 99.677780762314796 76.482226029038429 366.49930925667286 1094.664160631597 333.71852643787861 2307.9207674413919 138.32342503964901 129.03043155372143 280.41696057468653 328.28076434880495 245.85694855451584 38.040798544883728 339.81681923568249 26.640807285904884
leaf_count=1146 566 320 3177 7198 1588 12719 656 616 2633 2862 1014 248 1473 130
internal_value=-7.93524e-05 0.0080029 -0.0137933 -0.00966125 0.0186381 0.00399453 0.0139226 0.00286994 -0.0219483 -0.0177721 0.0307408 0.00371087 0.0130665 0.00798207
internal_weight=5937.02 3735.51 2201.51 1461.16 1022.52 2712.99 276.042 2436.95 740.346 459.929 322.339 137.719 700.176 360.359
internal_count=36346 19330 17016 10375 4525 14805 1470 13335 6641 4008 1334 814 3191 1718
is_linear=0
shrinkage=0.03


Tree=29
num_leaves=15
num_cat=0
split_feature=1 18 1 6 18 6 18 1 18 18 14 9 16 14
split_gain=277.938 80.033 62.853 40.5413 40.9904 28.1025 27.9173 25.864 23.8455 23.7734 22.6141 19.8557 19.6237 35.4389
threshold=0.15756055089645796 52150.150000000001 0.31766705427331626 0.35694760098996831 193024.40000000002 0.17139940467739281 69.450000000000017 0.098347075097511741 333.51000000000005 17687.560000000001 349.00000000000006 6.5000000000000009 1.2500000000000002 1310.5000000000002
decision_type=2 2 2 2 2 2 2 2 2 2 2 2 2 2
left_child=1 6 3 4 5 9 -1 -8 -7 -2 -9 -4 -13 -14
right_child=2 -3 11 -5 -6 8 7 10 -10 -11 -12 12 13 -15
leaf_value=-0.021864815241205184 -0.0018170103102824878 -0.021305472901588594 0.032788643240382796 0.026906596047980149 -0.0053765442652978978 -0.00058560077423226026 -0.017024141766564083 0.018629305037276792 0.0055266705005532655 -0.022496275727399505 -0.0028072657347969006 0.0031545028220810009 0.029518682795011943 0.0093062921346936476
leaf_weight=86.038002908229828 265.62410669028759 558.39840103685856 33.728818520903587 55.322064645588398 722.86296720802784 838.20876595377922 105.1300595626235 49.414579831063747 1825.4606711417437 61.645435683429241 427.1273885294795 302.78486216813326 93.254182986915112 479.48911606520414
leaf_count=658 1590 4846 149 270 4663 4749 958 321 10386 372 3049 1486 426 2318
internal_value=-0.000209989 -0.0129241 0.00312213 0.00141424 0.0010345 0.00258395 -0.00591493 -0.0035557 0.00360325 -0.00571222 -0.00058442 0.0102018 0.00933167 0.0125973
internal_weight=5904.49 1226.11 4678.38 3769.12 3713.8 2990.94 667.71 581.672 2663.67 327.27 476.542 909.257 875.528 572.743
internal_count=36241 9832 26409 22030 21760 17097 4986 4328 15135 1962 3370 4379 4230 2744
is_linear=0
shrinkage=0.03


Tree=30
num_leaves=15
num_cat=0
split_feature=0 0 8 0 8 17 0 17 6 2 6 6 8 0
split_gain=656.51 158.046 107.807 75.3212 95.0038 45.5589 33.9256 23.2744 26.8002 22.2639 20.8014 20.3511 19.8155 18.2979
threshold=0.18151847830453458 0.28694576888018403 8.5000000000000018 0.10793044585584659 9.5000000000000018 680.55000000000007 0.48567936752641289 3.9500000000000006 0.27635843764080409 0.27454449793301544 0.23731274852115256 0.21657014879887826 4.5000000000000009 0.25297234291006127
decision_type=2 2 2 2 2 2 2 2 2 2 2 2 2 2
left_child=3 5 12 -1 -5 7 10 8 -2 -9 -4 -7 -3 -13
right_child=1 2 6 4 -6 11 -8 9 -10 -11 -12 13 -14 -15
leaf_value=-0.02342419475526054 -0.0035650403454599118 0.040465027339930286 0.0080718444952072362 -0.023493546788932833 -0.0055224358276729927 -0.016021637034120149 0.024524462192277569 0.0044519121166818375 0.030901730851754135 0.014802741354760347 0.022372988313700791 -0.0069530490560428858 0.02400125914825758 0.0068073175571520669
leaf_weight=575.21904074400663 409.45702230930328 122.29503287374973 1173.6920548081398 364.35396108776331 968.44287195801735 131.75536847114563 144.53777156770229 1148.8396449759603 21.363256216049194 223.38855826854706 99.278934836387634 262.61202303320169 142.41158217191696 130.04002337157726
leaf_count=5354 2358 502 5727 3278 6593 841 603 6353 107 1188 423 1669 604 715
internal_value=0.000134234 0.00702714 0.014033 -0.0143511 -0.0104353 0.00196354 0.0107511 0.00422713 -0.00185592 0.00613695 0.00918719 -0.00581927 0.0316076 -0.00239584
internal_weight=5917.69 4009.67 1682.22 1908.02 1332.8 2327.46 1417.51 1803.05 430.82 1372.23 1272.97 524.407 264.707 392.652
internal_count=36315 21090 7859 15225 9871 13231 6753 10006 2465 7541 6150 3225 1106 2384
is_linear=0
shrinkage=0.03


Tree=31
num_leaves=15
num_cat=0
split_feature=0 0 8 0 8 8 0 6 18 18 6 6 18 18
split_gain=609.913 145.226 93.2279 91.2021 46.6429 44.1345 32.7144 29.0275 29.2174 25.1285 21.6218 20.5272 19.0183 19.1637
threshold=0.19635279396038643 0.37894505891192742 24.500000000000004 0.077732150473701092 8.5000000000000018 5.5000000000000009 0.26189530018919954 0.23731274852115256 0.54500000000000015 193024.40000000002 0.17177067789669123 0.21408947399191641 5449780.6800000006 52150.150000000001
decision_type=2 2 2 2 2 2 2 2 2 2 2 2 2 2
left_child=2 4 -1 -4 6 -3 10 8 -6 -10 -2 -5 13 -12
right_child=1 5 3 11 7 -7 -8 -9 9 -11 12 -13 -14 -15
leaf_value=-0.01999888600373349 -0.021511108641599143 0.044440050752243748 -0.025406278344495877 -0.011216699094792934 -0.021508129988270668 0.017591981253313724 0.023934732162429414 0.015450526658669722 0.0040226900257131623 -0.0051264389289955269 0.002540032145435819 -0.0013414811252717841 -0.015687434191814814 0.026700681035370159
leaf_weight=912.76325450092554 23.157615050673485 60.680154234170914 209.96267092972994 249.61680992692709 44.821828275918961 599.81145395338535 177.89336802065372 165.78394459187984 2250.7878824621439 307.03301084041595 59.370909810066223 785.85686615109444 22.220276847481728 58.817063458263874
leaf_count=7787 139 244 2040 1835 258 2580 777 769 12084 1746 323 5409 145 337
internal_value=2.66676e-06 0.0072827 -0.0127156 -0.0073777 0.0045693 0.0200585 0.0150307 0.00327899 0.00250369 0.00292446 0.00534668 -0.00372205 0.00977635 0.0145637
internal_weight=5928.58 3770.38 2158.2 1245.44 3109.89 660.492 341.459 2768.43 2602.64 2557.82 163.566 1035.47 140.408 118.188
internal_count=36473 19402 17071 9284 16578 2824 1721 14857 14088 13830 944 7244 805 660
is_linear=0
shrinkage=0.03


Tree=32
num_leaves=15
num_cat=0
split_feature=1 1 17 18 1 6 6 10 17 18 7 6 17 9
split_gain=234.557 70.3883 63.51 39.8638 33.0503 27.7954 27.386 26.8058 25.0825 24.7544 22.6093 23.2334 21.9972 27.2474
threshold=0.14407243861537675 0.25374663791324398 650.10000000000014 193024.40000000002 0.40684121160131187 0.19886656514321951 0.29765542095008918 935.00000000000011 0.8500000000000002 21622.300000000003 0.2174771704741765 0.27635843764080409 72100.000000000015 47.500000000000007
decision_type=2 2 2 2 2 2 2 2 2 2 2 2 2 2
left_child=2 3 5 6 8 -1 -2 9 -3 -6 11 -10 -5 -14
right_child=1 4 -4 12 7 -7 -8 -9 10 -11 -12 -13 13 -15
leaf_value=-0.018984748738273462 0.00025857102867956824 -0.0071077934995465502 -0.023412442796427332 -0.010551644711975465 0.040339665491630941 -0.0024171399592259326 0.01906046843825886 0.0011807021138207725 0.0072204887134823701 0.01435566929090832 0.0015176715836693116 0.025066889206268959 -0.026889070603888832 0.017187348539723767
leaf_weight=125.72264786809683 1971.1092497333884 142.56349716335535 393.85242436826229 473.81815378367901 57.152006357908249 331.29637908935547 72.278217099606991 59.547742113471031 1332.7795082628727 78.076482459902763 706.38775066286325 69.054410465061665 16.307766452431679 55.861743412911892
leaf_count=1082 12041 782 3729 3360 247 2596 378 284 6999 350 3668 306 127 335
internal_value=-1.52189e-05 0.00244672 -0.0145835 -0.00100048 0.00609663 -0.00697477 0.000923627 0.0179521 0.0050707 0.0253374 0.00589424 0.0080996 -0.00820155 0.00722763
internal_weight=5885.81 5034.94 850.871 2589.38 2445.56 457.019 2043.39 194.776 2250.79 135.228 2108.22 1401.83 545.988 72.1695
internal_count=36284 28877 7407 16241 12636 3678 12419 881 11755 597 10973 7305 3822 462
is_linear=0
shrinkage=0.03


Tree=33
num_leaves=15
num_cat=0
split_feature=0 0 8 0 8 19 8 0 14 8 0 17 17 19
split_gain=564.691 127.317 91.0032 99.5802 50.5318 33.2401 27.1961 29.7025 21.6074 21.3485 25.2507 20.3619 35.2358 17.8784
threshold=0.19635279396038643 0.31731833274178689 16.500000000000004 0.079912827485269775 27.500000000000004 5.5316090725306042 4.5000000000000009 0.49934515186525336 1248.5000000000002 8.5000000000000018 0.28694576888018403 708.50000000000011 60302.000000000007 8.0344364988144665
decision_type=2 2 2 2 2 2 2 2 2 2 2 2 2 2
left_child=2 9 -1 -4 6 8 -3 -8 -6 10 -2 -5 -13 -7
right_child=1 4 3 11 5 13 7 -9 -10 -11 -12 12 -14 -15
leaf_value=-0.021651079082056095 0.0065193092790866696 0.036091027227410338 -0.024385792741278018 -0.0019150978310653755 0.023364310832291822 -0.012584182380680436 0.015268602998635963 0.03619802671527355 0.0086424936323735504 0.0018865748662893463 0.03085515292336645 -0.014976329929312889 0.0093876252127572564 0.017684147540517576
leaf_weight=677.28813076019287 202.91621010750532 87.67733271420002 281.14233014732599 821.15293151140213 112.93458044528961 86.951715096831322 458.89998795092106 70.387234255671501 436.63528737425804 2260.4718633443117 47.32158887386322 290.92684798687696 65.440227225422859 22.008038192987442
leaf_count=6035 1132 356 2791 5638 502 412 2032 288 2038 12367 206 2256 408 104
internal_value=-0.000229882 0.00672805 -0.0125636 -0.00834405 0.0144464 0.00866663 0.0206155 0.0180519 0.0116678 0.00280699 0.0111214 -0.00451396 -0.0105023 -0.00647049
internal_weight=5922.15 3786.2 2135.95 1458.66 1275.49 658.53 616.965 529.287 549.57 2510.71 250.238 1177.52 356.367 108.96
internal_count=36565 19437 17128 11093 5732 3056 2676 2320 2540 13705 1338 8302 2664 516
is_linear=0
shrinkage=0.03


Tree=34
num_leaves=15
num_cat=0
split_feature=0 0 0 9 16 9 1 0 17 0 16 17 17 17
split_gain=539.063 139.337 63.5653 41.613 37.1525 33.0685 27.6573 22.7975 24.8571 22.4762 20.1598 19.3069 15.8864 31.9511
threshold=0.18151847830453458 0.31731833274178689 0.10793044585584659 68.500000000000014 7.1000000000000005 11.500000000000002 0.16067796393560088 0.24179946486675549 5002.5000000000009 0.38466562649457192 6.1000000000000005 2500.5000000000005 3.0500000000000003 180.20000000000002
decision_type=2 2 2 2 2 2 2 2 2 2 2 2 2 2
left_child=2 4 11 10 7 -3 -6 8 -2 -7 -4 -1 -9 -14
right_child=1 5 3 -5 6 9 -8 12 -10 -11 -12 -13 13 -15
leaf_value=-0.017614976887505112 -0.0022039026453230656 0.0344629514161435 -0.022273494013851848 -0.0059740595319177636 0.022975602143224125 0.0090850412133456886 0.0052878428480469652 -0.0073868543466275435 -0.020033967715178496 0.017223297864949694 -0.0094651946438628776 -0.029288529083866845 0.011538015742676055 -0.0012205800913589241
leaf_weight=326.48212688416243 818.49172277003527 68.816251844167709 277.30196484178305 850.25633904337883 86.88904020935297 620.75062251091003 943.52066124230623 110.57387161254883 76.989150010049343 601.25711099803448 183.97222293913364 209.22778398543596 336.48008631169796 371.90649744868279
leaf_count=3075 4839 280 2501 5946 506 2946 5107 599 569 2557 1519 2197 1705 2001
internal_value=-4.39647e-05 0.0061 -0.0134667 -0.00991002 0.00227729 0.0142287 0.00677936 -0.000428534 -0.00373685 0.0130893 -0.0171651 -0.0221742 0.00318889 0.00483969
internal_weight=5882.92 4035.68 1847.24 1311.53 2744.85 1290.82 1030.41 1714.44 895.481 1222.01 461.274 535.71 818.96 708.387
internal_count=36347 21109 15238 9966 15326 5783 5613 9713 5408 5503 4020 5272 4305 3706
is_linear=0
shrinkage=0.03


Tree=35
num_leaves=15
num_cat=0
split_feature=0 0 8 0 8 6 16 17 17 17 0 17 17 17
split_gain=559.398 128.922 67.0542 65.4588 91.3252 36.4996 30.1333 26.6618 23.8041 35.0262 24.4799 20.8571 21.7338 18.918
threshold=0.18151847830453458 0.3044034619052895 15.500000000000002 0.10793044585584659 9.5000000000000018 0.23731274852115256 7.1000000000000005 60302.000000000007 260.75000000000006 1.4500000000000002 0.20644267391801394 24.650000000000002 34.150000000000013 4500.5000000000009
decision_type=2 2 2 2 2 2 2 2 2 2 2 2 2 2
left_child=3 6 -3 -1 -5 -4 8 13 9 -2 -10 -8 -13 -6
right_child=1 2 5 4 7 -7 11 -9 10 -11 -12 12 -14 -15
leaf_value=-0.022599258610555152 -0.010500857085203213 0.02357412826462919 0.007577000872963811 -0.023175300430250442 -0.0048837239016914684 0.028040011871088601 0.0021009167437197785 0.015623401218543323 -0.018943495246047503 0.0050059689299621285 -0.0022972777517434781 0.030014586081797159 0.0087921131816660718 -0.018132098105871033
leaf_weight=530.95919068157673 154.47398701310158 418.04200863838196 931.05678005516529 352.00106008350849 794.32266164571047 85.668070644140244 483.76670021563768 51.826646104454994 93.141677841544151 866.24118260294199 543.25846506655216 48.303335696458817 430.42811896651983 110.49905038625002
leaf_count=5324 900 1757 4380 3383 5461 355 2619 310 676 4746 3108 252 2379 853
internal_value=5.75895e-06 0.00623131 0.0134598 -0.0137149 -0.0101103 0.00930119 0.00227223 -0.00530302 -0.000179938 0.00265918 -0.00473357 0.00649407 0.0109334 -0.00650165
internal_weight=5893.99 4054.38 1434.77 1839.61 1308.65 1016.72 2619.61 956.648 1657.12 1020.72 636.4 962.498 478.731 904.822
internal_count=36503 21172 6492 15331 10007 4735 14680 6624 9430 5646 3784 5250 2631 6314
is_linear=0
shrinkage=0.03


Tree=36
num_leaves=15
num_cat=0
split_feature=0 0 0 8 0 8 6 8 16 6 8 14 16 1
split_gain=518.69 124.258 59.6287 81.0585 38.5032 53.7052 31.8156 30.5509 23.0541 21.99 20.3181 20.1407 19.5012 17.6261
threshold=0.18319129474405296 0.37629122195731751 0.10793044585584659 9.5000000000000018 0.24179946486675549 2.5000000000000004 0.35694760098996831 17.500000000000004 7.9000000000000012 0.21364623604028518 28.500000000000004 84.500000000000014 5.4500000000000011 0.16260625497560591
decision_type=2 2 2 2 2 2 2 2 2 2 2 2 2 2
left_child=2 4 -1 -4 8 -6 10 12 -2 -5 -7 -9 -3 -10
right_child=1 7 3 9 5 6 -8 11 13 -11 -12 -13 -14 -15
leaf_value=-0.021648420710749797 -0.0029929610021639345 0.017594654139739371 -0.022239889449352599 -0.013116431412738215 0.032599586627046782 0.0096784353070244709 0.032627952929318894 0.039127796675494014 0.021286415885175963 -0.0026486675842221606 0.0029100845024336072 0.011032506976119121 0.03374049459066418 0.0031369001874693809
leaf_weight=524.91292680799961 889.52770217508078 134.96417316794395 341.84324695169926 240.24074921756983 67.761613681912422 565.16232810914516 37.972638994455338 24.394598007202148 55.445390686392784 727.76919950544834 1359.098708242178 391.61716824769974 134.34123396873474 366.39919466525316
leaf_count=5349 5383 553 3339 1779 281 2788 157 99 339 4942 7016 1696 549 2115
internal_value=0.00011564 0.0061397 -0.0131051 -0.00968145 0.00375302 0.00634137 0.0054346 0.0177763 -0.000253727 -0.00524656 0.00489797 0.01268 0.0256489 0.00552239
internal_weight=5861.45 4026.68 1834.77 1309.85 3341.37 2030 1962.23 685.317 1311.37 968.01 1924.26 416.012 269.305 421.845
internal_count=36385 20976 15409 10060 18079 10242 9961 2897 7837 6721 9804 1795 1102 2454
is_linear=0
shrinkage=0.03


Tree=37
num_leaves=15
num_cat=0
split_feature=0 0 8 0 8 8 0 15 6 18 17 8 0 13
split_gain=493.116 104.479 76.2763 87.8048 51.0488 34.9641 31.9264 27.4692 26.9069 25.7497 19.3189 17.9629 17.3479 16.4964
threshold=0.19635279396038643 0.37629122195731751 13.500000000000002 0.090034041253312339 8.5000000000000018 5.5000000000000009 0.24298830412321484 5749.5000000000009 0.24400302633309409 184071.80000000002 14615.600000000002 3.5000000000000004 0.50512228291326167 20.500000000000004
decision_type=2 2 2 2 2 2 2 2 2 2 2 2 2 2
left_child=2 4 -1 -4 6 -3 10 -8 9 -6 -2 -9 -7 -11
right_child=1 5 3 -5 8 12 7 11 -10 13 -12 -13 -14 -15
leaf_value=-0.021832787122406445 0.0080851793140406785 0.039030348939824717 -0.021868653655907781 -0.0046854487472349224 0.0028599514165746848 0.012329621728377049 0.00047277990063270166 0.039787640677480744 0.014519167765987773 -0.0091024274850491898 -0.023341417588332226 0.01970710541484659 0.02512933360941718 0.010477413470732003
leaf_weight=533.1948966011405 116.71078233420849 58.031993314623833 347.53848860412836 1164.1833922415972 2306.1542889028788 514.9582372456789 43.081068590283394 64.375881150364876 157.74127641320229 269.4616514146328 20.731993593275547 106.28965333104134 116.94010059535503 45.227068200707436
leaf_count=5097 661 235 3659 8252 12300 2197 192 267 721 1540 146 486 477 256
internal_value=-0.000187599 0.0061774 -0.0120768 -0.0086358 0.00384787 0.016745 0.0146249 0.0218782 0.00248575 0.00176149 0.00334476 0.0272816 0.0146984 -0.00628841
internal_weight=5864.62 3819.7 2044.92 1511.72 3129.77 689.93 351.189 213.747 2778.58 2620.84 137.443 170.666 631.898 314.689
internal_count=36486 19478 17008 11911 16569 2909 1752 945 14817 14096 807 753 2674 1796
is_linear=0
shrinkage=0.03


Tree=38
num_leaves=15
num_cat=0
split_feature=0 0 0 8 8 0 8 0 6 1 10 16 10 6
split_gain=460.119 107.918 58.3994 81.4575 47.7411 27.118 37.8827 24.9478 22.9351 22.2234 21.692 18.483 15.8542 14.2395
threshold=0.18151847830453458 0.33919213888931293 0.10793044585584659 9.5000000000000018 4.5000000000000009 0.24100855127779688 7.5000000000000009 0.48567936752641289 0.16629582913209975 0.24247144345073815 2538.0000000000005 7.9000000000000012 2538.0000000000005 0.17304530505197133
decision_type=2 2 2 2 2 2 2 2 2 2 2 2 2 2
left_child=2 5 -1 -4 -3 11 9 8 10 -7 -6 12 -2 -14
right_child=1 4 3 -5 7 6 -8 -9 -10 -11 -12 -13 13 -15
leaf_value=-0.020968816383666843 -0.0073323379170665264 0.037204118177796945 -0.021825348790082848 -0.0045105465792970581 0.0071931335900497035 0.032157186406159922 0.0040570045383081996 0.023083459716283592 0.011579350752704153 0.0088269781522592825 -0.030345888659481974 0.0049227340743572311 -0.014666701909592269 0.0023438034845526486
leaf_weight=514.8425719216466 384.24927369505167 74.791026830673218 330.03161268681288 943.92411797493696 34.0234215259552 70.411729022860527 1544.1101331263781 161.98633155226707 755.29841597378254 76.855868935585022 23.37014228105545 416.55882026255131 48.952424101531506 464.98905999213457
leaf_count=5419 2435 304 3337 6623 148 334 8002 660 3312 346 105 2424 299 2725
internal_value=0.000232529 0.00582289 -0.012442 -0.00899613 0.0141054 0.00293139 0.00544356 0.0123329 0.0101901 0.0199816 -0.00809242 -0.000300411 -0.00272278 0.000723569
internal_weight=5844.39 4055.6 1788.8 1273.96 1049.47 3006.13 1691.38 974.678 812.692 147.268 57.3936 1314.75 898.191 513.941
internal_count=36473 21094 15379 9960 4529 16565 8682 4225 3565 680 253 7883 5459 3024
is_linear=0
shrinkage=0.03


Tree=39
num_leaves=15
num_cat=0
split_feature=0 0 8 8 0 18 0 2 14 6 6 18 6 8
split_gain=418.33 103.478 82.4845 62.5953 72.3049 34.7905 32.5784 21.7506 17.9682 20.1869 17.369 20.0041 19.2136 16.7486
threshold=0.17985706387390302 0.28312627929070594 8.5000000000000018 13.500000000000002 0.090034041253312339 3786223.6800000002 0.41090687850051172 0.27576694499370241 134.50000000000003 0.18835609079746848 0.29765542095008918 3.3550000000000004 0.18543800348279837 4.5000000000000009
decision_type=2 2 2 2 2 2 2 2 2 2 2 2 2 2
left_child=3 5 13 -1 -5 7 -4 10 -6 -10 11 -2 -13 -3
right_child=1 2 6 4 8 -7 -8 -9 9 -11 -12 12 -14 -15
leaf_value=-0.021765426185536462 -0.012555482051978768 0.034348465387022159 0.005605570389806463 -0.020748640168569536 0.015154807470808759 -0.014775263704917998 0.015374727779034996 0.0093499670324807375 -0.01638363759758707 -0.0035576814478368662 0.016584641889742374 -0.0081183667861047769 0.002296530103733437 0.019437215683549246
leaf_weight=437.88842032849789 101.55324073135853 122.97318342328072 1125.4970560669899 330.52542106807232 40.171941265463829 114.46037428826094 422.57586684823036 324.81267097592354 128.27886206656694 794.25312429666519 61.524295419454575 178.86800027638674 1466.2018612250686 151.08766593039036
leaf_count=4424 594 505 5496 3601 288 790 1762 1743 986 5738 298 1043 8298 636
internal_value=0.000390562 0.00564506 0.0109579 -0.0119618 -0.00864234 0.00133761 0.00827225 0.00220227 -0.00448588 -0.00534114 0.000918271 0.000366428 0.00116412 0.026128
internal_weight=5800.67 4069.55 1822.13 1731.12 1293.23 2247.42 1548.07 2132.96 962.704 922.532 1808.15 1746.62 1645.07 274.061
internal_count=36202 21165 8399 15037 10613 12766 7258 11976 7012 6724 10233 9935 9341 1141
is_linear=0
shrinkage=0.03


Tree=40
num_leaves=15
num_cat=0
split_feature=0 0 0 9 2 16 17 17 17 0 16 17 17 2
split_gain=388.984 113.076 56.7661 31.0003 28.3142 23.7579 21.8571 21.2621 19.4706 19.378 19.0341 18.4247 19.085 18.312
threshold=0.17985706387390302 0.31731833274178689 0.10793044585584659 68.500000000000014 0.18911340579466482 7.9000000000000012 0.45000000000000007 72100.000000000015 650.10000000000014 0.50512228291326167 6.1000000000000005 180.20000000000002 147.05000000000004 0.23790126725911789
decision_type=2 2 2 2 2 2 2 2 2 2 2 2 2 2
left_child=2 5 8 10 -3 6 -2 -5 -1 13 -4 12 -8 -6
right_child=1 4 3 7 9 -7 11 -9 -10 -11 -12 -13 -14 -15
leaf_value=-0.01480556851943355 -0.018044622490226044 0.028034845077808179 -0.020401483506275325 -0.0063250784346247204 0.01492479169340293 0.0051110966835920596 0.0017991342600901152 0.015695415499923249 -0.026746508786954427 0.022963061410743134 -0.0074501731951767333 -0.0035067755139995983 0.020895667287291742 0.0068592898154975612
leaf_weight=250.39371003210545 62.485435530543327 94.441464573144913 254.07907373458147 775.10682465136051 396.70538376271725 1035.3847557678819 895.5692271143198 41.580423772335052 241.36298057436943 110.33493115007877 170.77177686244249 744.35939784348011 49.715189784765244 701.06917278468609
leaf_count=2560 372 397 2486 5621 1750 5566 4904 246 2777 447 1506 4365 270 3157
internal_value=-0.000129415 0.00491803 -0.0120399 -0.00862306 0.0122152 0.00150823 -0.000620814 -0.00520394 -0.0206664 0.0109785 -0.0151956 2.35434e-05 0.00280348 0.00977394
internal_weight=5823.36 4090.06 1733.29 1241.54 1302.55 2787.51 1752.13 816.687 491.757 1208.11 424.851 1689.64 945.284 1097.77
internal_count=36424 21228 15196 9859 5751 15477 9911 5867 5337 5354 3992 9539 5174 4907
is_linear=0
shrinkage=0.03


Tree=41
num_leaves=15
num_cat=0
split_feature=0 0 18 6 9 12 16 17 17 17 9 0 17 2
split_gain=387.093 80.0765 59.5123 33.9824 30.1464 22.4627 21.0961 21.8644 22.2624 27.2222 20.9869 21.4268 19.8552 32.2228
threshold=0.19635279396038643 0.31409412510752072 369568.71000000002 0.19084834106412735 640.00000000000011 50.500000000000007 7.2500000000000009 0.75000000000000011 180.20000000000002 147.05000000000004 11.500000000000002 0.48567936752641289 94.100000000000009 0.26359202361631023
decision_type=2 2 2 2 2 2 2 2 2 2 2 2 2 2
left_child=2 6 3 -1 -4 -5 7 -2 9 -9 -3 -12 -8 -14
right_child=1 10 4 5 -6 -7 12 8 -10 -11 11 -13 13 -15
leaf_value=-0.016754450199943798 -0.014416763553055739 0.027093097863432444 -0.022456641116998986 -0.0008797322666271335 -0.0024012655191536295 -0.0094889569837214357 0.0027265841559297324 0.0027000647593768568 -0.0033738379627683054 0.026694596705934558 0.0086926640702437632 0.020560929098683338 0.005952680586400149 0.029143127628043837
leaf_weight=311.95185402035713 91.656848326325417 69.690535008907318 476.12828969955444 504.48380026221275 78.589428074657917 593.81220740824938 672.76962843537331 758.4703054279089 665.12975062429905 45.083446934819221 1094.1718972176313 156.48720690608025 195.12539617717266 74.518543407320976
leaf_count=2793 532 285 4877 3980 524 4712 3506 4054 3796 238 4911 634 1044 381
internal_value=-0.00046916 0.00509285 -0.0112908 -0.00801636 -0.0196153 -0.00553445 0.00193929 -0.000201258 0.000685895 0.00404628 0.0110705 0.0101777 0.00548335 0.0123616
internal_weight=5788.07 3823.1 1964.97 1410.25 554.718 1098.3 2502.75 1560.34 1468.68 803.554 1320.35 1250.66 942.414 269.644
internal_count=36267 19381 16886 11485 5401 8692 13551 8620 8088 4292 5830 5545 4931 1425
is_linear=0
shrinkage=0.03


Tree=42
num_leaves=15
num_cat=0
split_feature=0 0 8 8 0 16 0 8 5 14 16 1 0 8
split_gain=347.221 86.8821 56.5039 43.305 56.1201 29.7696 23.5524 21.8522 16.9636 19.4482 16.5768 21.7895 17.8043 16.4601
threshold=0.16603410614760419 0.3044034619052895 27.500000000000004 14.500000000000002 0.083017053073802097 7.9000000000000012 0.19919265790632698 5.5000000000000009 0.166214385895537 864.50000000000011 5.2500000000000009 0.30013083188127349 0.49934515186525336 6.5000000000000009
decision_type=2 2 2 2 2 2 2 2 2 2 2 2 2 2
left_child=3 5 7 -1 -5 6 13 -3 -4 -10 11 -9 -12 -2
right_child=1 2 8 4 -6 -7 -8 10 9 -11 12 -13 -14 -15
leaf_value=-0.021471001088623192 -0.020278634773091948 0.028404592400768713 -0.0053552146311154087 -0.021549914130176328 -0.0055031147774563596 0.0051384642297299448 0.00057175772454794139 0.018478878774055751 0.01885164788165573 0.0045277935045167422 0.016381279090711281 0.0018541367599976572 0.038518502172716823 -0.0046084760089644692
leaf_weight=384.27701944112778 77.639009803533554 117.6620527356863 124.66417424380779 264.67781628668308 757.57050280272961 1114.7797781527042 1475.4789299592376 127.01834607124329 100.64730489253998 559.83533680438995 222.53894460201263 160.75468222796917 38.329910725355148 270.59182340651751
leaf_count=4038 760 482 572 3051 5855 6240 8148 570 435 2600 972 691 154 1845
internal_value=8.63761e-05 0.00424249 0.0102476 -0.0128854 -0.00965791 0.00127632 -0.0010845 0.0166729 0.00479475 0.00671053 0.014157 0.00919203 0.0196339 -0.00810218
internal_weight=5796.47 4389.94 1451.45 1406.53 1022.25 2938.49 1823.71 666.304 785.147 660.483 548.642 287.773 260.869 348.231
internal_count=36413 23469 6476 12944 8906 16993 10753 2869 3607 3035 2387 1261 1126 2605
is_linear=0
shrinkage=0.03


Tree=43
num_leaves=15
num_cat=0
split_feature=0 0 8 0 8 6 0 17 8 12 18 2 18 18
split_gain=338.593 73.5 68.6974 58.8868 38.8117 31.9455 31.3529 31.1305 28.5349 20.6236 18.7627 30.9678 18.591 23.4969
threshold=0.19635279396038643 0.37629122195731751 26.500000000000004 0.072248106031800777 8.5000000000000018 0.24400302633309409 0.22446291586411768 1651.0000000000002 5.5000000000000009 28.500000000000004 47316.060000000012 0.20128723831321305 105784.37500000001 3147030.0000000005
decision_type=2 2 2 2 2 2 2 2 2 2 2 2 2 2
left_child=2 4 7 -4 6 -6 -2 9 -3 -1 11 -8 -10 -14
right_child=1 8 3 -5 5 -7 10 -9 12 -11 -12 -13 13 -15
leaf_value=-0.0047977467610172374 -0.0030751300299291032 0.033384416248714993 -0.023160736504121517 -0.0028558729472888253 0.00096577765329338696 0.014772589749384281 0.040696419833853255 -0.025775656866408224 0.014554220079762262 -0.01694083723128156 0.025369152948695951 0.0017558306336984571 -0.0059067127164891394 0.020294061470189206
leaf_weight=182.85308704525232 87.334734313189983 60.408615469932556 148.34428532421589 963.19143733382225 2624.5983985289931 160.01775851845741 22.651671096682549 251.31416147947311 498.59698025882244 403.9812228679657 136.03648287057877 97.46707372367382 98.435359954833984 44.83704149723053
leaf_count=1670 529 249 1775 7092 14004 724 102 2773 2082 3719 626 440 413 186
internal_value=-0.000278418 0.00490188 -0.0104557 -0.00556574 0.00293283 0.00175919 0.0124474 -0.0169407 0.0136725 -0.0131571 0.0177397 0.00909914 0.0118173 0.00229281
internal_weight=5780.07 3830.38 1949.68 1111.54 3128.11 2784.62 343.49 838.148 702.278 586.834 256.155 120.119 641.869 143.272
internal_count=36384 19355 17029 8867 16425 14728 1697 8162 2930 5389 1168 542 2681 599
is_linear=0
shrinkage=0.03


Tree=44
num_leaves=15
num_cat=0
split_feature=1 1 17 9 18 6 1 18 18 16 14 2 6 2
split_gain=139.611 59.2115 29.4308 29.0564 31.4496 28.5705 27.8414 21.2756 19.6767 21.8825 20.0596 19.2103 18.6837 17.8339
threshold=0.098347075097511741 0.18091009352829762 3796.3500000000008 9.5000000000000018 43.220000000000006 0.16165212377970847 0.31766705427331626 391.01000000000005 52150.150000000001 2.3500000000000001 2296.0000000000005 0.1838749472775984 0.35694760098996831 0.23834857804498225
decision_type=2 2 2 2 2 2 2 2 2 2 2 2 2 2
left_child=7 3 5 -2 -5 -3 12 11 10 -10 -6 -1 -7 -4
right_child=1 2 13 4 8 6 -8 -9 9 -11 -12 -13 -14 -15
leaf_value=0.038107926991806651 -0.020692499812606322 -0.017866367203097543 -0.01018387311430816 -0.023861762970281888 0.0091160361689714975 0.0022359177667872192 0.0087876994691380057 -0.022386898528985386 -0.01455757124580526 -0.0010084148292312731 -0.0023759540837093025 -0.012713736930809733 0.021861252326531903 0.0025896813987751409
leaf_weight=10.014234691858293 94.552310667932034 55.110351853072643 238.63329587876797 63.724350541830063 197.67215579003096 2899.8583455458283 818.04541369527578 275.37736781686544 195.09808450937271 238.33011912554502 443.20406576991081 20.188933096826077 44.325999274849892 167.36159558594227
leaf_count=97 1042 309 1588 483 1327 16310 3826 3239 1627 1832 3283 227 209 971
internal_value=-3.26913e-05 0.00107251 0.00276089 -0.00471258 -0.0033849 0.00357762 0.00389174 -0.0197653 -0.00217027 -0.00710727 0.00116864 0.00413682 0.00253139 -0.00491828
internal_weight=5761.5 5455.92 4223.34 1232.58 1138.03 3817.34 3762.23 305.581 1074.3 433.428 640.876 30.2032 2944.18 405.995
internal_count=36370 32807 23213 9594 8552 20654 20345 3563 8069 3459 4610 324 16519 2559
is_linear=0
shrinkage=0.03


Tree=45
num_leaves=15
num_cat=0
split_feature=0 0 8 0 8 12 17 16 17 8 17 1 10 18
split_gain=313.805 80.0607 51.8422 48.5332 47.1504 25.7367 19.5571 21.6421 22.3832 22.768 19.2475 19.0479 18.5797 16.6911
threshold=0.18151847830453458 0.31409412510752072 28.500000000000004 0.072248106031800777 8.5000000000000018 32.500000000000007 219.80000000000004 19.900000000000002 3458.1500000000005 87.500000000000014 650.10000000000014 0.41374905028544179 553.50000000000011 3786223.6800000002
decision_type=2 2 2 2 2 2 2 2 2 2 2 2 2 2
left_child=2 13 5 -4 -3 10 11 8 9 -8 -1 -6 -13 -2
right_child=1 4 3 -5 6 -7 7 -9 -10 -11 -12 12 -14 -15
leaf_value=-0.002700466597479855 0.0021489860573078922 0.023305412987985774 -0.022367813846789059 -0.0031258578396693155 0.0091439303924126889 -0.020530260495661132 0.0089803263101847514 0.025689293978439498 -0.01508393773442602 -0.015128604484809247 -0.019561698749348527 0.037392752042735504 0.0054839500590148681 -0.008558326927354136
leaf_weight=164.68430748581886 2621.5349822044373 218.23189221322536 138.92462842166424 782.25718750059605 732.81610743701458 506.32145570963621 174.22714857757092 30.925496861338615 73.022845283150673 44.197326466441154 96.713714763522148 44.056988134980202 26.184048607945442 137.92228467017412
leaf_count=1526 14375 895 1720 5911 3272 5127 775 129 338 209 1078 178 108 925
internal_value=5.79824e-05 0.00453802 -0.0108261 -0.00602776 0.0105434 -0.0165836 0.00806872 0.00182694 -0.000705099 0.00410198 -0.00893889 0.0105744 0.025498 0.00161382
internal_weight=5792.02 4103.12 1688.9 921.182 1343.66 767.719 1125.43 322.373 291.447 218.424 261.398 803.057 70.241 2759.46
internal_count=36566 21204 15362 7631 5904 7731 5009 1451 1322 984 2604 3558 286 15300
is_linear=0
shrinkage=0.03


Tree=46
num_leaves=15
num_cat=0
split_feature=1 17 17 17 6 2 17 14 6 1 14 19 16 18
split_gain=138.003 57.2596 32.8333 32.2281 30.4861 27.9543 35.7074 27.5209 25.4711 23.9954 23.5115 23.2493 22.4627 30.7315
threshold=0.15756055089645796 2500.5000000000005 680.55000000000007 3.0500000000000003 0.17139940467739281 0.19326346043428327 10.050000000000002 355.50000000000006 0.2060926898808175 0.25729703205383075 342.50000000000006 4.3509226817742386 7.9000000000000012 47316.060000000012
decision_type=2 2 2 2 2 2 2 2 2 2 2 2 2 2
left_child=1 7 3 -2 11 -6 8 -1 -7 -4 -10 -5 -8 -14
right_child=2 -3 9 4 5 6 12 -9 10 -11 -12 -13 13 -15
leaf_value=0.0084776015328152619 -0.0018849470657263162 -0.021115898382567506 -0.0064609416913025139 0.0063046973661143851 0.015463946996784921 0.029041925957935644 0.00045703312461071468 -0.0078581718085644573 0.031108584456723029 0.0024579389942050709 0.0068503294840341952 -0.011857273654135319 0.0047719298834179033 0.023014518363732896
leaf_weight=107.63792885094881 799.1457447335124 295.24455607682467 610.2470677793026 104.50228943675756 250.83571661263704 70.45639955997467 1138.2378136813641 674.07760541141033 40.196824684739113 489.06036692857742 341.05449403077364 161.41769209504128 601.30624113976955 96.439307786524296
leaf_count=865 4531 3370 4264 576 1440 371 6234 5759 181 2651 1772 950 3111 518
internal_value=-0.000173016 -0.00986003 0.0020453 0.00342978 0.00494425 0.00595661 0.00491417 -0.00560883 0.0124704 -0.00249311 0.00940797 -0.00471991 0.0030551 0.00729334
internal_weight=5779.86 1076.96 4702.9 3603.59 2804.45 2538.53 2287.69 781.716 451.708 1099.31 381.251 265.92 1835.98 697.746
internal_count=36593 9994 26599 19684 15153 13627 12187 6624 2324 6915 1953 1526 9863 3629
is_linear=0
shrinkage=0.03


Tree=47
num_leaves=15
num_cat=0
split_feature=1 1 9 18 1 18 16 18 8 18 14 19 8 18
split_gain=107.385 52.5989 29.7489 21.3809 20.1541 19.6981 23.8372 16.7899 20.6569 16.3297 15.6121 17.1958 30.6772 15.9016
threshold=0.18091009352829762 0.077138883767886288 14.500000000000002 18.695000000000007 0.31766705427331626 52150.150000000001 4.9500000000000011 184071.80000000002 5.5000000000000009 0.54500000000000015 438.00000000000006 4.8323029014661705 54.500000000000007 1031.0700000000004
decision_type=2 2 2 2 2 2 2 2 2 2 2 2 2 2
left_child=1 -1 -3 -4 7 10 -7 9 -9 -2 11 -5 -13 -12
right_child=4 2 3 5 -6 6 -8 8 -10 -11 13 12 -14 -15
leaf_value=-0.022822384072444475 -0.015365848607494939 -0.017728353754103036 -0.023851037090906052 0.030130546755843639 0.0060514932382165721 -0.014274842491037212 -0.00043757971297854774 0.0083534592403016628 -0.0067048443057672741 0.0022960564653071742 -0.0080309895560342973 0.018326994840179807 -0.026824316455224002 0.0022132607233808395
leaf_weight=171.16197014600039 47.939752571284771 150.41110171377659 44.991602621972561 31.016427755355835 932.45453282445669 234.39812883734703 214.65517839044333 101.33126500993967 429.52272516489029 2733.8391789793968 208.83798307180405 38.85883492231369 20.788150452077389 392.99891147762537
leaf_count=2169 286 1681 354 226 4401 2065 1705 679 2713 15217 1621 249 129 2922
internal_value=-0.000287567 -0.00716401 -0.00515937 -0.00356607 0.00215537 -0.00276659 -0.00766039 0.00105867 -0.00383046 0.00199168 0.000406806 0.0120123 0.00259087 -0.0013415
internal_weight=5753.21 1508.12 1336.96 1186.55 4245.09 1141.55 449.053 3312.63 530.854 2781.78 692.5 90.6634 59.647 601.837
internal_count=36417 13121 10952 9271 23296 8917 3770 18895 3392 15503 5147 604 378 4543
is_linear=0
shrinkage=0.03


Tree=48
num_leaves=15
num_cat=0
split_feature=0 0 8 18 18 0 8 0 2 17 1 16 17 17
split_gain=275.815 76.912 87.49 51.8798 34.863 34.6183 32.8575 27.4534 19.6435 17.5955 19.4775 16.933 28.9776 21.1332
threshold=0.16631386113845409 0.28310046470567934 4.5000000000000009 369568.71000000002 184071.80000000002 0.50512228291326167 19.500000000000004 0.063354340628322389 0.23790126725911789 3255.5000000000005 0.20935143194573191 7.1000000000000005 0.45000000000000007 94.100000000000009
decision_type=2 2 2 2 2 2 2 2 2 2 2 2 2 2
left_child=3 4 -3 6 11 8 -1 -8 9 -4 -11 12 -2 -13
right_child=1 2 5 -5 -6 -7 7 -9 -10 10 -12 13 -14 -15
leaf_value=-0.016481281855440282 -0.021064561961708993 0.032343722381256532 0.011006342057255487 -0.022071772059936181 -0.0071449659361220432 0.021796048296774867 -0.022912272160311394 -0.0029259173082969805 0.0025694762298451444 0.018116407854847163 -0.016362612242349053 0.0026195618189618739 0.00064255764495454125 0.014571346834463657
leaf_weight=323.04846750199795 58.012811779975891 124.67864206433296 572.52266964316368 342.72456950694323 488.9695648625493 121.41820040345192 68.636109672486782 626.01856458932161 1000.4975940138102 21.802154377102852 45.559494540095329 593.51468650996685 1204.7993467450142 171.6607037037611
leaf_count=3208 370 518 2607 4012 3362 489 850 4958 4667 100 221 3237 6916 940
internal_value=-0.000169658 0.00347801 0.00805768 -0.0119764 4.55088e-05 0.00633901 -0.00857671 -0.00490069 0.00519491 0.00929994 -0.00520319 0.00177921 -0.000354654 0.00530084
internal_weight=5763.86 4403.44 1886.48 1360.43 2516.96 1761.8 1017.7 694.655 1640.38 639.884 67.3616 2027.99 1262.81 765.175
internal_count=36455 23427 8602 13028 14825 8084 9016 5808 7595 2928 321 11463 7286 4177
is_linear=0
shrinkage=0.03


Tree=49
num_leaves=15
num_cat=0
split_feature=1 1 17 9 17 1 17 18 9 6 17 8 17 6
split_gain=107.802 43.1886 31.1133 24.6086 28.4482 21.6027 21.3562 21.185 19.9965 19.8343 22.3229 31.4333 19.3142 18.6122
threshold=0.098347075097511741 0.22990705778562162 708.50000000000011 87.500000000000014 72100.000000000015 0.40684121160131187 0.45000000000000007 60216.250000000007 182.00000000000003 0.35038426380957027 3135.9000000000005 289.00000000000006 2400.5000000000005 0.2511071592878959
decision_type=2 2 2 2 2 2 2 2 2 2 2 2 2 2
left_child=12 2 6 -4 7 9 -2 -5 -9 10 -3 -12 13 -1
right_child=1 5 3 4 -6 -7 -8 8 -10 -11 11 -13 -14 -15
leaf_value=-0.012472652276715396 -0.013380694724712665 0.0031515423676480151 -0.014218007542082835 0.0044467893611213156 0.017983505616379819 0.012920221031070944 0.00099715090875531582 -0.0013097739429241179 -0.019547545628077867 0.021560994004562829 -0.010205692677393728 0.025267515663567421 -0.024930429679537253 0.031236168767786274
leaf_weight=123.55490071326494 98.851932518184185 2647.3116208016872 283.89771889895201 117.95688683539629 52.30133356153965 198.05711885541677 1564.6229651495814 98.488764934241772 120.06942601501942 49.251098193228245 212.33865702152252 25.144028022885323 156.04606772214174 9.4377578571438772
leaf_count=1438 728 13786 2618 750 311 878 10467 726 989 211 1305 141 2072 97
internal_value=8.43616e-05 0.00102815 -0.0020589 -0.00750308 -0.00260012 0.00333074 0.000142748 -0.00579924 -0.0113291 0.00268342 0.00236113 -0.00644988 -0.0177712 -0.00937088
internal_weight=5757.33 5468.29 2336.19 672.714 388.816 3132.1 1663.47 336.515 218.558 2934.05 2884.79 237.483 289.039 132.993
internal_count=36517 32910 16589 5394 2776 16321 11195 2465 1715 15443 15232 1446 3607 1535
is_linear=0
shrinkage=0.03


Tree=50
num_leaves=15
num_cat=0
split_feature=0 18 0 0 6 19 18 19 19 14 6 0 17 18
split_gain=267.701 63.249 50.8551 32.5261 28.0047 25.4027 21.9704 18.5538 18.467 19.9035 18.3292 18.29 27.6605 17.338
threshold=0.19919265790632698 105784.37500000001 0.37629122195731751 0.13525713958659255 0.23731274852115256 7.1533249052380459 0.54500000000000015 2.1690373735723498 2.9548967154817123 1393.0000000000002 0.14477736895612639 0.11686632668336101 72100.000000000015 2116473.0000000005
decision_type=2 2 2 2 2 2 2 2 2 2 2 2 2 2
left_child=1 3 4 -1 6 7 -2 -5 9 -9 -8 -3 13 -13
right_child=2 11 -4 5 -6 -7 10 8 -10 -11 -12 12 -14 -15
leaf_value=-0.01142946982378438 -0.018232545070713424 -0.023502608577380964 0.011727845930697324 -0.010750780239531093 0.013895984132646234 -0.01821073717945481 -0.018462807971889785 0.046203676486634745 0.00056445829897514607 0.0080027239038231897 0.0026929256584151289 -0.011095566318562157 0.0043795086371619446 -0.023936080643674737
leaf_weight=469.37541860342026 47.158906862139702 225.83299186825752 709.47321949899197 114.39596849679947 192.44974218308926 73.585925526916981 37.350555047392845 16.254313811659813 526.1224829852581 50.140698619186878 2794.2367823198438 240.073984131217 69.353399567306042 156.22793109714985
leaf_count=4634 274 2946 2949 807 860 581 197 112 3736 341 14673 2120 508 1583
internal_value=-0.000161205 -0.00921648 0.00448866 -0.00518881 0.00281634 -0.00143582 0.00207564 0.000310363 0.00244591 0.0173548 0.00241387 -0.0164966 -0.0130988 -0.0161575
internal_weight=5722.03 1941.36 3780.67 1249.87 3071.2 780.499 2878.75 706.913 592.517 66.395 2831.59 691.488 465.655 396.302
internal_count=36321 17368 18953 10211 16004 5577 15144 4996 4189 453 14870 7157 4211 3703
is_linear=0
shrinkage=0.03


Tree=51
num_leaves=15
num_cat=0
split_feature=0 0 8 0 8 12 16 1 19 6 0 18 13 14
split_gain=248.447 62.2157 50.977 44.8524 30.4778 26.2484 22.2123 26.5874 27.1077 18.944 18.645 18.8808 17.3488 16.3104
threshold=0.18319129474405296 0.33919213888931293 28.500000000000004 0.072248106031800777 5.5000000000000009 28.500000000000004 7.2500000000000009 0.14407243861537675 5.5610643247603404 0.19084834106412735 0.24179946486675549 7244.3000000000011 1.0000000180025095e-35 11048.000000000002
decision_type=2 2 2 2 2 2 2 2 2 2 2 2 2 2
left_child=2 6 5 -4 -3 12 10 8 -8 -5 11 -2 -1 -9
right_child=1 4 3 9 -6 -7 7 13 -10 -11 -12 -13 -14 -15
leaf_value=0.0076576756160622733 0.00030772547602212321 0.025685941237950392 -0.021694490072672594 -0.013062888563764195 0.0086417875588777129 -0.019378369425255903 0.049938569691910087 0.0082109155917500995 0.0024616657814606978 -0.00041328952579549244 0.0027126368626303387 -0.0086240819611500073 -0.011796533138672747 0.00092905972201746034
leaf_weight=54.635567635297775 527.48433228582144 104.71121625602245 125.48204673081636 126.48949141800404 960.96762917935848 507.63368107378483 23.565028823912144 508.61859521269798 20.017899572849274 675.98105213046074 977.11197200417519 357.27142824232578 168.46525695919991 607.48318083584309
leaf_count=562 3059 436 1688 1050 4097 5394 130 2645 118 5088 5007 2341 1744 3189
internal_value=0.00011008 0.00408406 -0.00968236 -0.0050153 0.0103165 -0.015609 0.00188593 0.0051451 0.0281321 -0.00240718 -0.000144085 -0.00329901 -0.00703236 0.00424747
internal_weight=5745.92 4087.23 1658.69 927.953 1065.68 730.735 3021.55 1159.68 43.5829 802.471 1861.87 884.756 223.101 1116.1
internal_count=36548 21022 15526 7826 4533 7700 16489 6082 248 6138 10407 5400 2306 5834
is_linear=0
shrinkage=0.03


Tree=52
num_leaves=15
num_cat=0
split_feature=1 17 6 18 14 1 17 8 19 19 9 18 19 18
split_gain=100.829 44.8476 28.047 28.3558 25.8161 24.8712 25.5379 23.1335 29.2467 20.5881 19.6045 16.7997 17.9216 14.3298
threshold=0.098347075097511741 3796.3500000000008 0.24068871889190738 0.54500000000000015 3510.5000000000005 0.2456056738483354 708.50000000000011 68.500000000000014 5.6741819901439614 4.5726464606779862 184.50000000000003 27.400000000000009 0.89587973461402781 834250.00000000012
decision_type=2 2 2 2 2 2 2 2 2 2 2 2 2 2
left_child=-1 2 3 -2 -3 6 13 9 -9 -6 -11 -7 -13 -5
right_child=1 4 -4 5 7 11 -8 8 -10 10 -12 12 -14 -15
leaf_value=-0.017696402099735189 -0.019176497444494352 -0.015093180609638674 0.010467548580947061 0.00031120408566788103 -0.020827583486417226 -0.0053707547994031194 -0.0086001319670613377 0.010073553548093668 -0.025760192082574084 0.0018384345286984664 -0.030880162998417698 0.032204457506528755 0.0042745905569506002 0.022501410406399889
leaf_weight=275.90689031034708 60.220800504088402 213.65122947841883 319.68183614313602 1893.0081973075867 80.786592356860638 165.75848409533501 314.83177074790001 163.52388089895248 23.437145799398422 135.66227732598782 18.761325486004353 20.891303792595863 2013.1517932116985 26.558856479823589
leaf_count=3581 386 1701 1653 12404 598 845 2369 1023 178 1051 129 97 10264 204
internal_value=-3.09408e-06 0.000892644 0.00188167 0.00127096 -0.0065957 0.00154866 -0.000680662 -0.00229531 0.00558149 -0.00855633 -0.00213663 0.00381305 0.00456145 0.000618225
internal_weight=5725.83 5449.93 4814.1 4494.42 635.822 4434.2 2234.4 422.171 186.961 235.21 154.424 2199.8 2034.04 1919.57
internal_count=36483 32902 28222 26569 4680 26183 14977 2979 1201 1778 1180 11206 10361 12608
is_linear=0
shrinkage=0.03


Tree=53
num_leaves=15
num_cat=0
split_feature=0 0 18 16 6 6 6 19 1 10 18 9 6 19
split_gain=217.88 65.8726 51.6091 28.0226 26.1167 23.077 22.6069 21.1188 20.8597 17.9856 17.7327 25.6993 36.471 21.4731
threshold=0.16603410614760419 0.3044034619052895 369568.71000000002 5.5500000000000007 0.28617832486633377 0.19301961469466414 0.21593653616892766 2.3369748506914587 0.16260625497560591 974.50000000000011 271.55000000000007 33.500000000000007 0.16841001681837381 4.7072753070138882
decision_type=2 2 2 2 2 2 2 2 2 2 2 2 2 2
left_child=2 3 5 6 8 -1 9 -3 -5 -2 -9 13 -13 -12
right_child=1 7 -4 4 -6 -7 -8 10 -10 -11 11 12 -14 -15
leaf_value=-0.015669325407516681 -0.017321720048982484 8.9371123048049406e-05 -0.021222028145537628 0.014858139461457661 0.024603376440082453 -0.0047862837598632926 -6.7391417207893117e-05 0.019184727415871752 0.0018002627779961776 -0.0035006840924729585 -0.0024634795895707136 -0.015705201013438391 0.0079794052260652448 0.021419421092828492
leaf_weight=227.4421721547842 135.97916668653488 224.07523392140865 314.57939507067204 120.28409938514233 51.742652483284473 765.72048215568066 1112.4183702543378 167.21249364316463 1301.043364264071 224.87969125062227 40.882200330495834 63.435559958219528 754.16220639646053 197.85957810282707
leaf_count=2299 930 1014 3931 749 246 6723 6510 748 7282 1305 175 287 3340 832
internal_value=0.000116949 0.00331628 -0.0106327 0.000741552 0.00366748 -0.00727859 -0.00218397 0.0085566 0.00290532 -0.00870874 0.0101073 0.00867034 0.00614177 0.0173297
internal_weight=5701.72 4393.97 1307.74 2946.35 1473.07 993.163 1473.28 1447.63 1421.33 360.859 1223.55 1056.34 817.598 238.742
internal_count=36371 23418 12953 17022 8277 9022 8745 6396 8031 2235 5382 4634 3627 1007
is_linear=0
shrinkage=0.03


Tree=54
num_leaves=15
num_cat=0
split_feature=1 17 17 6 6 18 16 19 17 19 9 18 8 1
split_gain=87.4282 31.194 26.9262 24.9587 24.1207 23.0898 20.6673 25.1719 20.0185 19.353 21.8915 24.5303 19.65 17.974
threshold=0.098347075097511741 680.55000000000007 0.45000000000000007 0.17139940467739281 0.21657014879887826 1.5200000000000002 5.2500000000000009 2.145914183377867 14615.600000000002 4.3888779169685508 49.500000000000007 2344.9700000000007 81.500000000000014 0.40684121160131187
decision_type=2 2 2 2 2 2 2 2 2 2 2 2 2 2
left_child=-1 2 -2 9 -3 -5 8 -8 -6 10 -4 -12 -11 -7
right_child=1 4 3 5 6 13 7 -9 -10 12 11 -13 -14 -15
leaf_value=-0.016331850187831964 -0.0076878487628974377 -0.010142583517714117 0.036224993093180842 -0.019629395134363743 -0.0015596328390209526 0.0037609725246176267 0.030503299445344158 0.00270355403416389 -0.016571173448854535 -0.0041076135423344338 -0.0043521121306312081 0.030081720670110643 -0.023122266795558864 0.016200203575857053
leaf_weight=267.67851735651493 221.45891227573156 310.33360108733177 17.060679778456688 37.151934906840324 522.28758396953344 3367.0517121180892 32.236751854419708 323.33577854931355 94.4016218110919 188.28116967529058 134.10230918973684 21.621891714632511 66.080451034009457 107.89435415714979
leaf_count=3547 1432 2346 86 209 3476 19301 191 2116 752 1202 782 115 405 474
internal_value=0.000406634 0.00122976 0.00249068 0.00306291 -0.00286062 0.00389569 -0.000536316 0.00522392 -0.00385757 -0.00378441 0.00396342 0.000428934 -0.00904742 0.0041472
internal_weight=5710.98 5443.3 4160.7 3939.24 1282.6 3512.1 972.262 355.573 616.689 427.147 172.785 155.724 254.362 3474.95
internal_count=36434 32887 24006 22574 8881 19984 6535 2307 4228 2590 983 897 1607 19775
is_linear=0
shrinkage=0.03


Tree=55
num_leaves=15
num_cat=0
split_feature=17 6 18 6 6 8 10 9 17 9 6 16 17 18
split_gain=69.0586 33.1554 22.9794 22.6653 21.1603 16.8171 19.4196 20.3976 17.6154 15.2632 15.1 17.6199 16.5988 35.1488
threshold=1448.8500000000001 0.24068871889190738 0.54500000000000015 0.2099871536352112 0.15345488237214516 68.500000000000014 278.00000000000006 170.50000000000003 14615.600000000002 204.50000000000003 0.26409151772258194 2.6500000000000008 23.700000000000006 82.800000000000026
decision_type=2 2 2 2 2 2 2 2 2 2 2 2 2 2
left_child=1 2 -1 -2 -4 8 -7 -8 9 -5 -3 -12 13 -13
right_child=3 10 4 5 -6 6 7 -9 -10 -11 11 12 -14 -15
leaf_value=-0.017226808393750414 -0.014469593747627772 0.032219159598144823 -0.017323250671609957 -0.00091124036015818475 0.0014013701424614368 0.024672029959233108 -0.018407428065054174 0.0019778762717507069 -0.016119980878055568 -0.016868955984969781 0.0013183101398965026 0.038080990118456629 0.029153545179436836 -0.0035056074745476291
leaf_weight=62.102563641965389 262.16567200422287 27.569858886301517 55.037696897983551 274.41313283145428 4150.4264656454325 27.956901513040066 52.958540715277195 266.38039184361696 159.63938888907433 67.143712788820267 138.79381267726421 25.54087932407856 55.551030889153481 64.44279158860445
leaf_count=404 2584 148 350 2082 24869 129 505 1796 1472 509 750 122 268 330
internal_value=-4.87214e-05 0.00157889 0.000888802 -0.00675971 0.00115632 -0.00437752 0.000696209 -0.00140278 -0.00789328 -0.00404823 0.0110211 0.00896566 0.0162588 0.00829829
internal_weight=5690.12 4579.47 4267.57 1110.66 4205.46 848.492 347.296 319.339 501.196 341.557 311.898 284.329 145.535 89.9837
internal_count=36318 27241 25623 9077 25219 6493 2430 2301 4063 2591 1618 1470 720 452
is_linear=0
shrinkage=0.03


Tree=56
num_leaves=15
num_cat=0
split_feature=1 1 18 17 18 14 9 8 18 19 17 17 9 6
split_gain=80.5796 32.2425 22.8919 21.2863 24.0027 26.8372 22.3914 30.8368 36.0893 25.5554 20.4306 18.1751 17.4506 18.6177
threshold=0.098347075097511741 0.22366409315849387 391.01000000000005 0.45000000000000007 99083.10000000002 3288.5000000000005 82.500000000000014 57.500000000000007 26996.110000000004 4.0698807254103899 10.950000000000001 49.750000000000007 106.50000000000001 0.21802546204576198
decision_type=2 2 2 2 2 2 2 2 2 2 2 2 2 2
left_child=2 3 10 -2 5 6 -5 11 9 -9 -1 -8 -7 -14
right_child=1 -3 -4 4 -6 12 7 8 -10 -11 -12 -13 13 -15
leaf_value=0.030181486497484835 -0.016785942137384467 0.0024673724836893809 -0.019438493617003779 -0.0020653762605657706 -0.0066466322253532798 0.0036079180432044282 0.017041743215123792 0.0085477847332365593 0.038210907623316054 -0.014110035556058121 -0.023927274894365198 0.046187549735860464 -0.018026813200848028 -0.0031961253253028005
leaf_weight=16.702504672110084 86.905157215893269 3223.6415983065963 236.02311641350389 191.88763357698917 613.38942176103592 301.1137765571475 70.271673485636711 122.4492619112134 25.530253015458584 70.65043830126524 10.064996376633642 26.524398252367973 86.817007645964622 621.83182633668184
leaf_count=187 675 16819 3239 1387 5243 2149 426 734 175 463 133 150 603 4046
internal_value=-0.000231588 0.000552053 -0.0164567 -0.00223246 -0.0016388 0.000385979 0.00601532 0.0109312 0.00468977 0.000257845 0.00983575 0.0250284 -0.00244225 -0.00501304
internal_weight=5703.8 5441.01 262.791 2217.37 2130.47 1517.08 507.314 315.426 218.63 193.1 26.7675 96.7961 1009.76 708.649
internal_count=36429 32870 3559 16051 15376 10133 3335 1948 1372 1197 320 576 6798 4649
is_linear=0
shrinkage=0.03


Tree=57
num_leaves=15
num_cat=0
split_feature=0 0 0 19 2 9 18 16 0 14 14 17 6 9
split_gain=216.186 48.1388 45.5366 35.2493 32.949 26.1929 21.165 20.5596 19.2452 18.2733 20.7713 17.7161 17.6548 17.3569
threshold=0.19919265790632698 0.10793044585584659 0.28694576888018403 5.8996231932381145 0.12532376732444692 1096.5000000000002 1959259.6800000002 2.5500000000000003 0.28715318413183993 124.50000000000001 18528.500000000004 2500.5000000000005 0.16165212377970847 811.50000000000011
decision_type=2 2 2 2 2 2 2 2 2 2 2 2 2 2
left_child=1 11 -2 7 -4 6 -5 -3 -6 -9 -11 -1 -10 -12
right_child=2 3 4 5 8 -7 -8 9 12 10 13 -13 -14 -15
leaf_value=-0.012491675345721971 0.0012935438516446791 -0.0081046580197620122 0.036709022811395875 -0.010290522819864034 0.033630986996102043 0.033028823846813105 -0.026482437545328266 0.027275250902145491 -0.019852933238547709 -0.0062082933046575554 0.0079200717639794325 -0.025435536159958656 0.0072687222169172993 -0.0094821986889139231
leaf_weight=266.25928888469934 2043.1551043316722 369.65263656154275 34.990101411938667 353.68579647690058 24.625224962830544 11.104712039232252 91.438105117529631 22.567728489637375 21.884698882699013 284.12057208642364 282.41725997626781 148.10063521564007 1665.6839769929647 63.109325721859932
leaf_count=3108 11095 3040 147 3067 99 72 1079 171 100 2194 2031 2246 7493 433
internal_value=0.000199752 -0.00808119 0.0043343 -0.00554785 0.00789015 -0.0124813 -0.0136167 -0.0024523 0.00730121 0.000751265 -0.000199404 -0.0171181 0.006917 0.0047416
internal_weight=5682.8 1892.46 3790.34 1478.1 1747.18 456.229 445.124 1021.87 1712.19 652.215 629.647 414.36 1687.57 345.527
internal_count=36375 17441 18934 12087 7839 4218 4146 7869 7692 4829 4658 5354 7593 2464
is_linear=0
shrinkage=0.03


Tree=58
num_leaves=15
num_cat=0
split_feature=1 17 17 18 2 1 9 16 14 17 10 10 19 18
split_gain=79.6605 31.0011 19.483 18.7489 20.4189 18.6664 16.404 20.7346 19.3858 19.1087 27.6414 17.2792 18.8374 31.429
threshold=0.098347075097511741 680.55000000000007 0.75000000000000011 391.01000000000005 0.1838749472775984 0.2623644079082888 54.500000000000007 6.3500000000000005 522.00000000000011 3.0500000000000003 3556.5000000000005 337.50000000000006 4.2202402997070347 1245.4500000000003
decision_type=2 2 2 2 2 2 2 2 2 2 2 2 2 2
left_child=3 2 -2 4 -1 -3 7 -4 -8 10 -10 -9 -13 -14
right_child=1 5 6 -5 -6 -7 8 11 9 -11 -12 12 13 -15
leaf_value=0.0452328887931309 -0.0046678050075390975 -0.0058189097908044477 0.001467655520826024 -0.018845657236664589 -0.010386355203500178 0.0017835781169748017 0.0080144106385975702 0.0038474677752493728 -0.0090355575676032539 0.0019698765241002647 0.011355893403157473 0.0018108890297712694 0.047901720900862012 0.015313377787769126
leaf_weight=8.7476498335599917 337.47174545377493 817.64792688190937 377.10683260113001 230.91050663217902 18.512086596339941 450.98404881358147 395.73047778010368 177.68773421645164 319.00050856918097 2214.2989471778274 73.639200806617737 63.794982597231865 31.755366064608097 165.17426982522011
leaf_count=89 2137 6458 2372 3280 234 2435 2090 1051 1882 12502 412 372 160 931
internal_value=0.000213556 0.000988475 0.00224158 -0.0160679 0.00746186 -0.00311631 0.00285226 0.00662541 0.00182749 0.000888317 -0.00521116 0.0110619 0.0159787 0.0205683
internal_weight=5682.46 5424.29 4155.66 258.17 27.2597 1268.63 3818.19 815.519 3002.67 2606.94 392.64 438.412 260.725 196.93
internal_count=36405 32802 23909 3603 323 8893 21772 4886 16886 14796 2294 2514 1463 1091
is_linear=0
shrinkage=0.03


Tree=59
num_leaves=15
num_cat=0
split_feature=0 0 18 6 0 1 18 17 9 10 17 18 18 10
split_gain=185.779 52.8194 36.4906 26.9974 20.7402 24.8132 18.0918 15.9523 24.8139 15.3761 15.3226 15.137 16.7331 14.051
threshold=0.16631386113845409 0.37894505891192742 369568.71000000002 0.19084834106412735 0.25922102440319189 0.2321521275813353 184071.80000000002 60302.000000000007 297.50000000000006 585.00000000000011 4500.5000000000009 1884.7500000000002 52150.150000000001 3533.0000000000005
decision_type=2 2 2 2 2 2 2 2 2 2 2 2 2 2
left_child=2 4 3 -1 6 9 10 8 -8 -6 -2 13 -13 -5
right_child=1 -3 -4 11 5 -7 7 -9 -10 -11 -12 12 -14 -15
leaf_value=-0.016681968471893488 0.001047315842355036 0.010425973905399667 -0.019389357427381907 -0.013429608302445719 0.02369147602343389 0.0021766890397739982 -0.0046612928788249772 0.0064506404802653541 -0.024096397908882534 0.0076980543429591985 -0.023229506111636451 0.0024969045094412473 -0.009532823144411633 0.002545859997290205
leaf_weight=220.37587298825383 1540.959920451045 683.20324097573757 298.30188081413507 235.47998753190041 73.884098008275032 1470.9548220336437 247.34395811334252 70.332261078059673 77.696123294532299 202.05242812633514 23.759405188262463 318.21100760996342 154.63737270236015 62.754989247769117
leaf_count=2313 8908 2826 3954 2060 350 7127 1864 478 580 990 159 2755 1552 463
internal_value=-0.000179792 0.00276098 -0.0101898 -0.00742192 0.00134831 0.00372527 -0.000770116 -0.00650387 -0.00930697 0.0119804 0.000678686 -0.00477539 -0.00143722 -0.010068
internal_weight=5679.95 4390.19 1289.76 991.459 3706.98 1746.89 1960.09 395.372 325.04 275.937 1564.72 771.083 472.848 298.235
internal_count=36379 23282 13097 9143 20456 8467 11989 2922 2444 1340 9067 6830 4307 2523
is_linear=0
shrinkage=0.03


Tree=60
num_leaves=15
num_cat=0
split_feature=0 0 0 19 6 6 7 12 16 19 13 18 12 13
split_gain=193.844 50.4771 45.4794 22.4107 20.2011 18.5721 17.8494 14.9401 14.583 18.413 18.4202 13.2178 12.6458 17.0021
threshold=0.18319129474405296 0.37894505891192742 0.10793044585584659 6.3138195475875483 0.23264155429734262 0.19817964446975758 0.21538607667924706 8.5000000000000018 7.9000000000000012 5.8305616882310112 5.5000000000000009 67202.400000000009 51.500000000000007 3.5000000000000004
decision_type=2 2 2 2 2 2 2 2 2 2 2 2 2 2
left_child=2 4 11 5 6 -4 8 -5 -2 -10 -11 -1 13 -7
right_child=1 -3 3 7 -6 12 -8 -9 9 10 -12 -13 -14 -15
leaf_value=-0.012571390068534827 0.00086343091492005139 0.010881431316514529 -0.012992932297009929 0.016254467052535831 0.0091808054074082723 0.0078775498429154364 -0.0019156272469140886 -0.015314600328978457 0.0038458758613331774 0.0080238315248544103 0.030438627361237772 -0.023465808257491741 -0.0054555013964480269 -0.0054793188178469216
leaf_weight=213.71203838288784 1267.9860504716635 676.02043524384499 161.13793426007032 14.251202717423437 313.02714119851589 207.43921048939228 1088.0156977176666 253.2120692692697 624.87124724686146 97.045331299304962 49.99539602547884 188.7525814846158 394.88257544487715 146.23269502073526
leaf_count=2512 7000 2797 1492 145 1478 1621 5850 2529 3223 503 253 2856 3119 1156
internal_value=-4.09059e-05 0.003387 -0.00897505 -0.00599859 0.00191461 -0.0037541 0.00118745 -0.0136325 0.00284253 0.0060935 0.0156451 -0.0176808 -0.0017653 0.00235489
internal_weight=5696.58 4116.96 1579.62 1177.16 3440.94 909.692 3127.91 267.463 2039.9 771.912 147.041 402.465 748.554 353.672
internal_count=36534 21104 15430 10062 18307 7388 16829 2674 10979 3979 756 5368 5896 2777
is_linear=0
shrinkage=0.03


Tree=61
num_leaves=15
num_cat=0
split_feature=17 1 6 1 14 18 19 8 19 19 1 1 10 6
split_gain=69.1873 32.0321 30.5801 30.6716 26.5407 19.8105 20.0842 19.3504 28.3157 19.7535 19.9003 16.9677 21.6929 19.8893
threshold=3796.3500000000008 0.11368353305517612 0.24068871889190738 0.18091009352829762 3480.0000000000005 27.400000000000009 7.1895826890082004 139.50000000000003 5.5844356993904496 5.1029098311134096 0.21698166523678949 0.40684121160131187 468.00000000000006 0.15345488237214516
decision_type=2 2 2 2 2 2 2 2 2 2 2 2 2 2
left_child=2 -2 3 5 -3 -1 -7 9 -9 10 -6 13 -13 -5
right_child=1 4 -4 11 7 6 -8 8 -10 -11 -12 12 -14 -15
leaf_value=-0.02269864602554671 -0.02177603360806106 -0.014934786004569959 0.010298671102062229 -0.018000116238617518 -0.00036607275057196819 -0.0010188979251288461 -0.013142546291767879 0.014717144471552696 -0.024700830745128317 0.0019338862056816882 -0.023513982443035968 0.022955372213512515 -0.0012990325865920188 0.0019908039115155186
leaf_weight=47.538435555994511 132.34097851067781 184.37134929746389 329.63248860090971 45.388958923518658 57.714048467576504 811.2414798848331 144.95242337882519 105.73653588443995 19.412627369165421 151.88526900112629 79.425124876201153 77.365492507815361 58.119649551808834 3402.7793219536543
leaf_count=414 2071 1506 1750 261 539 6729 1490 662 153 1115 487 335 270 18547
internal_value=0.000192645 -0.00841961 0.00147281 0.000838613 -0.00546645 -0.0037965 -0.00285676 -0.00125157 0.00860279 -0.00551856 -0.0137723 0.00213685 0.0125509 0.00172766
internal_weight=5647.9 730.886 4917.02 4587.39 598.545 1003.73 956.194 414.174 125.149 289.024 137.139 3583.65 135.485 3448.17
internal_count=36329 6533 29796 28046 4462 8633 8219 2956 815 2141 1026 19413 605 18808
is_linear=0
shrinkage=0.03


Tree=62
num_leaves=15
num_cat=0
split_feature=0 8 0 0 8 6 8 0 17 18 19 6 17 14
split_gain=173.494 58.3116 50.9277 49.1993 38.8781 22.0276 17.8568 17.327 17.0802 30.087 15.6078 15.558 13.5473 13.9617
threshold=0.17985706387390302 13.500000000000002 0.31409412510752072 0.090034041253312339 18.500000000000004 0.23731274852115256 4.5000000000000009 0.53536346808909185 60302.000000000007 2116473.0000000005 4.7578909046068656 0.18835609079746848 2400.5000000000005 1367.5000000000002
decision_type=2 2 2 2 2 2 2 2 2 2 2 2 2 2
left_child=1 -1 -2 12 6 -6 -4 -8 9 10 -5 -12 13 -3
right_child=2 3 4 8 5 -7 7 -9 -10 -11 11 -13 -14 -15
leaf_value=-0.018875299958161135 0.0010672811679808783 0.0054541981405807037 0.027787729151914683 -0.0053470461378657737 0.0029868643918752012 0.020372331376854378 0.010747742286111613 0.036265687683934331 0.015212116491090364 -0.023844916080202044 -0.009680339373899751 0.0059489470915291675 -0.024942754245659646 -0.015916280740625344
leaf_weight=366.80293985456228 2785.633539237082 35.713023405522108 82.565581083297729 416.40218801051378 796.94350282847881 71.472345933318138 363.71508246660233 25.636346980929375 49.906890165060759 57.277945138514042 70.323592498898506 310.02894620597363 105.34265920519829 119.84221325069666
leaf_count=4480 15358 424 353 3276 3555 289 1518 104 312 540 598 2300 1771 1510
internal_value=0.000178411 -0.00844404 0.00337924 -0.00515928 0.00818421 0.00441772 0.0151153 0.0124279 -0.00184695 -0.00284383 -0.00133408 0.00305924 -0.0166356 -0.01101
internal_weight=5657.61 1531.64 4125.97 1164.84 1340.33 868.416 471.917 389.351 903.94 854.033 796.755 380.353 260.898 155.555
internal_count=36388 15211 21177 10731 5819 3844 1975 1622 7026 6714 6174 2898 3705 1934
is_linear=0
shrinkage=0.03


Tree=63
num_leaves=15
num_cat=0
split_feature=0 0 17 6 2 6 1 17 17 17 14 16 19 16
split_gain=153.689 47.0599 38.5377 22.3854 19.7932 18.3469 16.3572 16.2253 28.3322 27.7379 18.8658 25.1479 21.2702 18.4518
threshold=0.16603410614760419 0.33042871676899288 1384.2500000000002 0.19084834106412735 0.20358306256558403 0.15800570780416259 0.3829672258919728 260.75000000000006 25.050000000000004 32.650000000000013 3480.0000000000005 3.1000000000000005 2.145914183377867 7.9000000000000012
decision_type=2 2 2 2 2 2 2 2 2 2 2 2 2 2
left_child=2 5 3 -1 -3 -2 7 8 -7 -10 -11 12 -12 -9
right_child=1 4 -4 -5 -6 6 -8 13 9 10 11 -13 -14 -15
leaf_value=-0.015247111517755336 -0.01891706287486962 0.016922968785085833 -0.018268911622316898 -0.0038061716103834384 0.0060651282681175424 -0.000212486204254287 -0.014533892411508405 -0.0043756751965009048 0.021052637945483923 0.011843284688421602 0.036914020059753395 -0.0017883568720773314 0.007103770072435762 0.0043624119623832617
leaf_weight=196.19346510991454 42.373801499605179 179.60461078584194 327.6962900981307 714.26952888816595 952.17614829540253 1232.8566684052348 60.2503327652812 741.05275775492191 107.92311610281467 241.43940808624029 27.074881047010422 421.54392278939486 105.41053500026464 307.84575507044792
leaf_count=2070 268 752 4532 6329 4079 6759 318 4661 562 1274 143 2245 575 1850
internal_value=-0.000105193 0.00251191 -0.00944682 -0.00627155 0.00778818 0.00069561 0.000951684 0.00124461 0.00274496 0.00678098 0.00484472 0.00179482 0.0131958 -0.0018111
internal_weight=5657.71 4419.55 1238.16 910.463 1131.78 3287.77 3245.4 3185.15 2136.25 903.392 795.469 554.029 132.485 1048.9
internal_count=36417 23486 12931 8399 4831 18655 18387 18069 11558 4799 4237 2963 718 6511
is_linear=0
shrinkage=0.03


Tree=64
num_leaves=15
num_cat=0
split_feature=0 8 0 0 8 0 8 17 8 1 12 6 18 19
split_gain=150.752 47.5697 46.31 42.2824 28.8482 20.0414 32.8653 23.5998 19.3604 26.5776 19.3186 18.3586 18.8101 18.2125
threshold=0.16603410614760419 18.500000000000004 0.39663040473830219 0.072248106031800777 5.5000000000000009 0.25837100582529005 5.5000000000000009 21633.600000000002 2.5000000000000004 0.11368353305517612 28.500000000000004 0.36658255949385615 988960.80000000016 7.0929476064343975
decision_type=2 2 2 2 2 2 2 2 2 2 2 2 2 2
left_child=1 10 5 -3 -4 8 -7 11 -2 -10 -1 12 -8 -11
right_child=2 3 4 -5 -6 6 7 -9 9 13 -12 -13 -14 -15
leaf_value=-0.0076061185484832781 -0.01092044907570274 -0.019468032611185463 0.031287476305192893 -0.0018066529946406046 0.0084242743030885775 0.018725812850479862 0.0025732807977034149 0.030489448709354838 0.031841889076857317 0.00077590136302940196 -0.021895335844708153 0.026795546485050611 -0.012191121885034959 -0.010028547796319807
leaf_weight=121.86104064062238 150.75436973944306 149.12356004491448 54.740060925483704 670.69325486570597 536.18458516895771 123.2895423322916 1584.8735727667809 27.054343774914742 23.680609360337257 1639.5404122322798 282.68835430592299 26.981403023004532 81.662223011255264 153.56476490199566
leaf_count=1441 1339 2317 237 5668 2196 520 7661 141 156 9674 3487 109 427 925
internal_value=0.000138178 -0.00917315 0.00272783 -0.00501923 0.0105422 0.00151628 0.00376347 0.00269133 -0.00058966 0.000267574 -0.017591 0.00224725 0.00184981 -0.000149411
internal_weight=5626.69 1224.37 4402.33 819.817 590.925 3811.4 1843.86 1720.57 1967.54 1816.79 404.549 1693.52 1666.54 1793.11
internal_count=36298 12913 23385 7985 2433 20952 8858 8338 12094 10755 4928 8197 8088 10599
is_linear=0
shrinkage=0.03


Tree=65
num_leaves=15
num_cat=0
split_feature=0 0 8 0 8 8 0 8 18 17 17 9 18 19
split_gain=142.11 42.0794 40.7563 47.763 25.9577 19.0244 35.2061 22.6267 16.5475 15.3749 18.2927 15.4366 22.1359 31.8648
threshold=0.18151847830453458 0.39663040473830219 13.500000000000002 0.090034041253312339 6.5000000000000009 15.500000000000002 0.22232424410987014 2.5000000000000004 1826849.3000000003 260.75000000000006 284.25000000000006 525.50000000000011 935.2700000000001 5.5937815621352209
decision_type=2 2 2 2 2 2 2 2 2 2 2 2 2 2
left_child=2 5 -1 -4 -3 6 8 -8 -2 11 -11 12 13 -7
right_child=1 4 3 -5 -6 9 7 -9 -10 10 -12 -13 -14 -15
leaf_value=-0.016819742283128464 0.00018406649101351022 0.027853464951400023 -0.016904107608568981 -0.0020523487469622072 0.0079602538256486957 0.0014096192402828628 0.027262578202738943 0.0079017297312514931 -0.020231850918739438 -0.030971975151307961 -0.0023641833168168381 -0.0028963983442433926 0.0067884518467261658 -0.021463158621455643
leaf_weight=357.39499807357788 153.45091616362333 66.57315593957901 247.95629244670272 910.53252137824893 521.25395172834396 725.15020031481981 62.30880007147789 424.09059755504131 46.575142592191696 20.662105798721313 761.8191692084074 478.82930946350098 792.91061399877071 59.299848690629005
leaf_count=4496 995 287 3670 7110 2133 3704 262 2008 409 108 4306 2594 3951 315
internal_value=-0.000111578 0.00278232 -0.00796334 -0.00523113 0.0102132 0.00154318 0.00602497 0.0103819 -0.00456969 0.000459424 -0.0031196 0.00182142 0.00325357 -0.000319429
internal_weight=5628.81 4112.92 1515.88 1158.49 587.827 3525.1 686.425 486.399 200.026 2838.67 782.481 2056.19 1577.36 784.45
internal_count=36348 21072 15276 10780 2420 18652 3674 2270 1404 14978 4414 10564 7970 4019
is_linear=0
shrinkage=0.03


Tree=66
num_leaves=15
num_cat=0
split_feature=0 0 0 9 9 6 19 17 17 1 14 6 9 9
split_gain=137.009 38.228 34.3721 22.7254 22.7248 18.5809 16.2749 17.7596 15.1857 15.081 14.7896 17.5549 16.5121 15.2697
threshold=0.17985706387390302 0.28694576888018403 0.10793044585584659 73.500000000000014 37.500000000000007 0.1630071872213664 4.7072753070138882 840.50000000000011 2500.5000000000005 0.28604699795444805 522.00000000000011 0.22171847164619296 313.00000000000006 59.500000000000007
decision_type=2 2 2 2 2 2 2 2 2 2 2 2 2 2
left_child=2 -2 8 -4 6 -6 7 -3 -1 -8 -7 12 -12 -13
right_child=1 4 3 -5 5 10 9 -9 -10 -11 11 13 -14 -15
leaf_value=-0.011615243256891816 5.8863822690608307e-05 0.010080644739929437 -0.011383765595989864 -0.0023547352768046709 -0.016341570615527122 0.012243772504724922 0.028541646765679666 -0.017457676186784388 -0.02436719647760573 0.012209707266570974 0.0040179213750308222 0.012998374297574479 0.015240007111795918 -0.0030677664529837039
leaf_weight=251.39581631496549 2384.0662539228797 80.781911924481392 379.37504491955042 740.73524169623852 38.72093066573143 201.10058481991291 70.433041378855705 28.516916781663895 126.25856738910079 183.35428993403912 531.50533632934093 61.104330688714981 151.67990317940712 413.75825579464436
leaf_count=3154 13391 350 4183 5692 178 857 305 127 2219 778 2402 266 705 1895
internal_value=-0.000275072 0.00253494 -0.00805169 -0.00541282 0.00588716 0.00415029 0.0125741 0.00289568 -0.0158785 0.0167423 0.00473408 0.00342999 0.00650943 -0.00100041
internal_weight=5642.79 4145.02 1497.76 1120.11 1760.96 1397.87 363.086 109.299 377.654 253.787 1359.15 1158.05 683.185 474.863
internal_count=36502 21254 15248 9875 7863 6303 1560 477 5373 1083 6125 5268 3107 2161
is_linear=0
shrinkage=0.03


Tree=67
num_leaves=15
num_cat=0
split_feature=0 8 0 8 0 8 2 1 14 6 0 14 2 18
split_gain=133.82 41.9793 35.5319 51.4854 32.8695 22.5376 21.869 18.9938 18.505 17.362 15.2233 14.9722 14.7399 13.5251
threshold=0.16603410614760419 14.500000000000002 0.25922102440319189 8.5000000000000018 0.083017053073802097 2.5000000000000004 0.21664530912212351 0.11368353305517612 1262.0000000000002 0.23731274852115256 0.21527890323106538 35.500000000000007 0.27576694499370241 4.3550000000000013
decision_type=2 2 2 2 2 2 2 2 2 2 2 2 2 2
left_child=1 -1 5 6 -3 10 -4 -7 -9 -5 -2 -11 -10 -6
right_child=2 4 3 9 13 7 -8 8 12 11 -12 -13 -14 -15
leaf_value=-0.01835956661606802 -0.01960764181179165 -0.016494585819607492 0.026011786048890005 0.0024107999120258124 -0.030870177199746305 0.026843145446226142 0.0099177447303843771 -0.0059224184175432166 0.00042719913005667318 0.034232033083930635 0.00018131011128220674 0.0087740349145354682 0.0097292280984476089 -0.0018919908025176815
leaf_weight=309.41846599429846 89.314304012805223 192.95334313437343 122.43371611833572 1983.8653709590435 14.809731565415857 24.053536079823971 200.30396595597267 375.16683183610439 1254.6736732721329 24.693277463316917 57.518295682966709 131.57194997370243 174.65529039502144 683.64983604475856
leaf_count=4023 983 3016 528 9380 126 157 853 2168 7520 101 359 541 965 5729
internal_value=4.57186e-05 -0.00883897 0.0024496 0.00485357 -0.00553427 -0.000547631 0.0160232 0.000360414 7.40468e-06 0.00316916 -0.0118558 0.0127969 0.00156385 -0.00250643
internal_weight=5639.08 1200.83 4438.25 2462.87 891.413 1975.38 322.738 1828.55 1804.5 2140.13 146.833 156.265 1429.33 698.46
internal_count=36449 12894 23555 11403 8871 12152 1381 10810 10653 10022 1342 642 8485 5855
is_linear=0
shrinkage=0.03


Tree=68
num_leaves=15
num_cat=0
split_feature=0 8 8 0 0 8 17 19 17 0 17 19 19 19
split_gain=135.572 48.3131 36.0734 34.7877 32.0175 29.0535 28.2741 24.8357 25.6587 22.1958 22.0217 25.8639 24.9001 21.0393
threshold=0.18319129474405296 18.500000000000004 28.500000000000004 0.072248106031800777 0.26090883544276733 4.5000000000000009 260.75000000000006 5.6321070372082609 400.20000000000005 0.47102504204593448 3.0500000000000003 8.1294255463464964 6.9962233237301126 6.3138195475875483
decision_type=2 2 2 2 2 2 2 2 2 2 2 2 2 2
left_child=1 -1 4 -3 -2 -6 10 8 -8 -7 11 -4 13 -12
right_child=2 3 6 -5 5 9 7 -9 -10 -11 12 -13 -14 -15
leaf_value=-0.016024600316750296 0.00026261737871197648 -0.018214676400502998 -0.00483243154287024 -0.0022356503015753511 0.022263274982876932 0.0053922222226419955 -0.016603412539124337 -0.017338592995660238 0.00047588803277417801 0.019576215936263231 0.0044685117294176397 0.026953625712641566 -0.0115263944528753 0.024783065104142264
leaf_weight=462.73387622088194 505.94943332672119 141.73940002545714 454.31476578116417 909.13498668372631 139.30446945130825 691.73860332369804 93.624638900160789 115.53430938720703 512.6202535405755 115.93370163440704 1327.54889523983 24.269728869199753 85.373758107423782 47.526526525616646
leaf_count=5769 3111 2345 2410 7365 601 3104 481 681 2785 471 6581 123 423 235
internal_value=-0.000270933 -0.00794748 0.00255357 -0.00439086 0.00635531 0.00961051 0.000477651 -0.00459107 -0.00216173 0.0074282 0.00236442 -0.00322051 0.00419458 0.00517064
internal_weight=5627.35 1513.61 4113.74 1050.87 1452.93 946.977 2660.81 721.779 606.245 807.672 1939.03 478.584 1460.45 1375.08
internal_count=36485 15479 21006 9710 7287 4176 13719 3947 3266 3575 9772 2533 7239 6816
is_linear=0
shrinkage=0.03


Tree=69
num_leaves=15
num_cat=0
split_feature=0 8 0 1 8 12 15 1 0 8 17 2 0 8
split_gain=124.146 45.5884 31.3984 28.848 19.7857 15.8809 21.4382 15.2329 15.5023 22.8637 15.2742 14.3845 13.8772 26.1866
threshold=0.18319129474405296 13.500000000000002 0.37629122195731751 0.077138883767886288 4.5000000000000009 19.500000000000004 312.00000000000006 0.11581871978909171 0.24100855127779688 2.5000000000000004 5002.5000000000009 0.18911340579466482 0.13660941706537236 7.5000000000000009
decision_type=2 2 2 2 2 2 2 2 2 2 2 2 2 2
left_child=1 12 7 -3 -4 6 -5 -2 10 -10 -9 -6 -1 -14
right_child=2 3 4 5 11 -7 -8 8 9 -11 -12 -13 13 -15
leaf_value=-0.023611125045176616 0.019001692530918324 -0.02021275856501252 0.029712431929233972 0.034307856943089486 0.022531786621413624 -0.0049952309520639856 0.0011623112841084369 -0.0004731455730823194 0.021005971684954699 0.0022477063967431161 -0.012883447957123973 0.0059450898472116487 -0.018168329037381012 0.0074493551072073389
leaf_weight=157.01681986823678 43.866676464676857 97.511430609971285 37.089554086327553 19.324508979916573 50.919990107417107 849.36274759098887 192.58344044908881 1157.7202427983284 60.208955124020576 2035.7525778114796 96.712135918438435 620.17435885965824 138.16733761504292 48.524581141769886
leaf_count=2230 288 1785 171 162 211 7360 1637 6710 255 10013 772 2548 1882 439
internal_value=-6.53731e-05 -0.00744301 0.00263663 -0.00459699 0.00838247 -0.00316219 0.00418495 0.00143781 0.00120785 0.00278656 -0.00142993 0.00720362 -0.0170381 -0.0115098
internal_weight=5604.94 1502.49 4102.44 1158.78 708.184 1061.27 211.908 3394.26 3350.39 2095.96 1254.43 671.094 343.709 186.692
internal_count=36463 15495 20968 10944 2930 9159 1799 18038 17750 10268 7482 2759 4551 2321
is_linear=0
shrinkage=0.03


Tree=70
num_leaves=15
num_cat=0
split_feature=0 17 8 16 8 0 12 17 17 17 2 18 18 18
split_gain=114.27 48.0691 43.4827 24.9744 24.2541 23.3491 22.3998 21.2239 24.6012 19.999 19.4847 17.0877 15.2029 32.3418
threshold=0.23444093134909058 5002.5000000000009 8.5000000000000018 7.9000000000000012 13.500000000000002 0.15032783185036397 14.500000000000002 273.15000000000003 23998.000000000004 72100.000000000015 0.20774313129835478 260605.80000000002 2059.6700000000005 6556.1600000000008
decision_type=2 2 2 2 2 2 2 2 2 2 2 2 2 2
left_child=1 4 6 -3 5 -1 -2 12 -9 11 -8 -5 -4 -14
right_child=2 3 7 9 -6 -7 10 8 -10 -11 -12 -13 13 -15
leaf_value=-0.018612270451972036 -0.0045295374843409763 -0.020975187377006304 0.0022117045380798447 0.028121986261124856 -0.001265746466144543 -0.0042268604344975445 0.02823179563392525 -0.0032499951482327402 0.018086870087860741 0.0086051701434009913 0.011800159419045341 -0.015726125842694172 0.015672755373846114 0.0028405970454150001
leaf_weight=151.83920104801655 49.682280853390694 217.48089980706573 1144.8204970806837 8.5906793847680074 1808.2354951761663 306.58736263588071 97.235567092895508 661.44657884538174 52.493352398276329 58.10292462259531 195.60533629357815 116.09919251129031 284.66922281682491 466.36639608442783
leaf_count=2007 218 2983 5459 80 13184 2542 430 3325 245 362 846 1395 1302 2154
internal_value=-1.96351e-05 -0.00452079 0.00404642 -0.0141052 -0.00282827 -0.00899157 0.0140962 0.00272744 -0.00168117 -0.0059314 0.0172562 -0.0127052 0.00438763 0.00770444
internal_weight=5619.25 2666.94 2952.32 400.274 2266.66 458.427 342.523 2609.8 713.94 182.793 292.841 124.69 1895.86 751.036
internal_count=36532 22553 13979 4820 17733 4549 1494 12485 3570 1837 1276 1475 8915 3456
is_linear=0
shrinkage=0.03


Tree=71
num_leaves=15
num_cat=0
split_feature=0 8 8 0 0 18 17 18 1 12 14 10 2 0
split_gain=109.161 44.5995 43.2738 33.8872 24.5292 21.4577 29.0472 21.9052 28.2346 20.2148 18.0595 20.0079 17.8791 24.9479
threshold=0.1985981814770901 28.500000000000004 13.500000000000002 0.079912827485269775 0.32624978879099586 7244.3000000000011 23998.000000000004 2245.7200000000007 0.1935868505941406 24.500000000000004 533.00000000000011 2538.0000000000005 0.27576694499370241 0.28312627929070594
decision_type=2 2 2 2 2 2 2 2 2 2 2 2 2 2
left_child=2 4 9 -4 -2 7 -7 10 -9 -1 11 -3 -10 -14
right_child=1 5 3 -5 -6 6 -8 8 12 -11 -12 -13 13 -15
leaf_value=-0.0042009730289816185 0.0031890711603041835 0.016228280791368233 -0.016442676068316203 -0.0020651496011275805 0.011383193162273665 -0.0053890555965714782 0.021257313078436726 0.042964693625643473 0.0020745102157547907 -0.018895431970590668 -0.00085827010804012953 -0.0037042226552547269 0.040769083176130975 0.0052684007767601244
leaf_weight=115.63765417039394 725.64844685792923 123.96353156864643 169.26902746036649 1149.3361074663699 601.19234454631805 734.6200437694788 38.761618234217167 21.021269708871841 194.34990258514881 310.48427375033498 1265.7898558229208 71.444546073675156 29.552167236804962 44.859616637229919
leaf_count=1396 3778 567 2801 9193 2544 3823 180 108 957 3899 6504 346 144 206
internal_value=-0.000371419 0.00244881 -0.00659663 -0.00391079 0.00690183 0.000108243 -0.00405355 0.00194644 0.00948126 -0.0149078 0.000452149 0.00894062 0.00686234 0.0193673
internal_weight=5595.93 3851.2 1744.73 1318.61 1326.84 2524.36 773.382 1750.98 289.783 426.122 1461.2 195.408 268.762 74.4118
internal_count=36446 19157 17289 11994 6322 12835 4003 8832 1415 5295 7417 913 1307 350
is_linear=0
shrinkage=0.03


Tree=72
num_leaves=15
num_cat=0
split_feature=18 6 6 18 10 18 14 9 19 16 18 19 7 8
split_gain=28.9102 25.4138 18.6078 20.9364 18.0948 20.4344 17.7634 16.4509 15.8767 14.7439 16.6659 18.9769 15.4702 12.9049
threshold=99083.10000000002 0.21593653616892766 0.17177067789669123 1.5200000000000002 614.00000000000011 10982.675000000001 40.500000000000007 106.50000000000001 6.1205170784583478 7.9000000000000012 142142.00000000003 4.8805263204798122 0.22017990697872666 79.500000000000014
decision_type=2 2 2 2 2 2 2 2 2 2 2 2 2 2
left_child=2 8 4 7 5 -1 13 -4 -2 12 -11 -12 -3 -5
right_child=1 9 3 6 -6 -7 -8 -9 -10 10 11 -13 -14 -15
leaf_value=0.01000333190054859 -0.016865830583554609 -0.0020644611696295436 0.0098109348116509707 0.0080385166102377448 -0.0089133623095153675 -0.015930501686971466 0.0018343340186054631 -0.020179343621616833 -0.0044164217027036178 0.02896124944062729 -0.013866278434178628 0.0053387088911502432 -0.014793535538222961 0.036207085827963045
leaf_weight=114.71028858795762 185.22584473714232 537.41493409499526 21.931708805263042 42.955968763679266 301.33833393454552 35.903109088540077 3652.0764535479248 66.000935103744268 183.55937782302499 21.900700896978378 56.421030323952436 258.3028555996716 102.28468429297209 22.203595407307148
leaf_count=782 2011 4123 150 239 1884 296 21536 412 1599 135 597 1874 786 107
internal_value=-0.00012586 -0.0039598 0.00108554 0.00176909 -0.00466954 0.00382124 0.00211134 -0.0126993 -0.0106693 -0.00142545 0.00365667 0.0018958 -0.00409977 0.0176372
internal_weight=5602.23 1345.11 4257.12 3805.17 451.952 150.613 3717.24 87.9326 368.785 976.324 336.625 314.724 639.7 65.1596
internal_count=36531 11125 25406 22444 2962 1078 21882 562 3610 7515 2606 2471 4909 346
is_linear=0
shrinkage=0.03


Tree=73
num_leaves=15
num_cat=0
split_feature=0 0 6 2 2 15 16 1 1 2 0 14 9 7
split_gain=106.584 44.1431 19.7467 18.0351 17.3756 17.0482 15.2673 21.1011 14.225 13.7572 13.0582 12.9178 11.974 11.2398
threshold=0.13525713958659255 0.28694576888018403 0.14477736895612639 0.13526915749144003 0.12532376732444692 104.50000000000001 7.9000000000000012 0.27184252498621525 0.28890410548790307 0.23359531348369758 0.10331606686480477 191.50000000000003 19.500000000000004 0.21436424246970343
decision_type=2 2 2 2 2 2 2 2 2 2 2 2 2 2
left_child=4 6 -3 -4 -1 -6 -2 9 12 -8 -7 -11 -5 -10
right_child=1 2 3 8 5 10 7 -9 13 11 -12 -13 -14 -15
leaf_value=-0.022427932584053761 -0.002239121131879785 -0.024263351667948095 0.025767556013189297 0.028276874507618111 0.027003963226431255 -0.015172765972272937 0.0012114428908983411 -0.0053346613980935122 0.0068795105855597866 -0.0098011831338296711 -0.0057413063616698224 0.010503333190043963 0.0077345877245738786 0.00041769588926320863
leaf_weight=108.03607432171702 1998.2707836292684 20.119712948799133 39.120044857263565 26.585830494761467 11.424530584365128 242.4929433465004 530.67410836368799 265.79230251163244 396.22750866413116 30.807674780488014 290.27078044041991 333.13577013090253 647.87304486334324 623.48555189371109
leaf_count=1883 13080 93 169 116 142 3478 3414 1434 1720 177 2936 1944 2977 2748
internal_value=-4.38018e-05 0.00146915 0.00528623 0.00562923 -0.0114383 -0.00925657 -0.000649739 0.00208724 0.00516422 0.0042923 -0.0100341 0.00878456 0.00854432 0.00292855
internal_weight=5564.32 4912.09 1753.41 1733.29 652.224 544.188 3158.68 1160.41 1694.17 894.618 532.764 363.943 674.459 1019.71
internal_count=36311 27872 7823 7730 8439 6556 20049 6969 7561 5535 6414 2121 3093 4468
is_linear=0
shrinkage=0.03


Tree=74
num_leaves=15
num_cat=0
split_feature=0 8 17 6 8 12 6 18 0 0 18 2 18 8
split_gain=91.8396 50.2037 45.8618 26.2361 25.4342 21.2328 18.9623 17.7331 16.2654 15.5835 15.001 14.7783 16.1155 20.4324
threshold=0.23314243560525916 5.5000000000000009 5002.5000000000009 0.18835609079746848 152.50000000000003 195.50000000000003 0.12663873299929609 7091118.7500000009 0.48280208088489429 0.17267821249695711 184071.80000000002 0.23790126725911789 203478.07500000004 15.500000000000002
decision_type=2 2 2 2 2 2 2 2 2 2 2 2 2 2
left_child=2 10 3 9 -4 -5 -3 -6 11 -1 -2 12 13 -8
right_child=1 6 4 5 7 -7 8 -9 -10 -11 -12 -13 -14 -15
leaf_value=-0.015953892522785191 0.010746412220835595 -0.02365344037716197 -0.018415683699861216 0.000792577008891665 -0.019943649987335773 -0.0067403550882671765 0.017285730915871756 0.0069092988736388925 0.011501988493071125 -0.0032520630030211401 0.027460931586697056 0.00016596156828584964 -0.0040433626605131051 0.0045070967997638935
leaf_weight=184.45558975636959 105.98635801672935 24.518753588199615 278.14611681550741 1414.3627808205783 31.576404307037592 442.00060443207622 129.42549109458923 74.009426474571228 182.4322174936533 164.41998397186399 88.826167359948158 1407.6073011904955 161.70503019541502 866.97507327795029
leaf_count=2105 465 123 3943 10846 334 3427 573 482 739 1076 391 6687 843 4253
internal_value=4.40478e-05 0.00364658 -0.00408517 -0.00241957 -0.0136571 -0.00100102 0.00261226 -0.00112132 0.0028466 -0.00996771 0.0183675 0.00223117 0.0047413 0.00616695
internal_weight=5556.45 2967.48 2588.97 2205.24 383.732 1856.36 2772.66 105.586 2748.15 348.876 194.813 2565.71 1158.11 996.401
internal_count=36287 14074 22213 17454 4759 14273 13218 816 13095 3181 856 12356 5669 4826
is_linear=0
shrinkage=0.03


Tree=75
num_leaves=15
num_cat=0
split_feature=17 1 6 14 8 19 19 9 6 18 16 8 19 14
split_gain=35.625 24.9973 21.7463 20.4915 18.8631 24.2695 19.4072 19.5985 18.758 18.3656 17.7599 15.4484 13.3869 17.5076
threshold=3796.3500000000008 0.11368353305517612 0.24068871889190738 3490.0000000000005 97.500000000000014 5.5844356993904496 4.5726464606779862 184.50000000000003 0.15345488237214516 0.54500000000000015 4.8500000000000005 44.500000000000007 7.3724319131086853 2296.0000000000005
decision_type=2 2 2 2 2 2 2 2 2 2 2 2 2 2
left_child=2 -2 8 -3 6 -6 -5 -8 -1 -10 11 -4 -11 -14
right_child=1 3 10 4 5 -7 7 -9 9 12 -12 -13 13 -15
leaf_value=-0.016621388533190621 -0.019353693960153236 -0.012299669418858574 0.0097643273844925625 -0.016683208157628911 0.013339131234407787 -0.022863715586447845 0.0045586030577956299 -0.028404331763783441 -0.01595991785994361 0.0013083423607574485 0.015755333323085194 -0.0081896887761214836 0.003441085808766091 -0.009118516123431555
leaf_weight=58.003578040748835 112.5589993968606 179.59786656871438 96.940171983093023 85.30457916483283 125.65946687012911 19.213701315224171 147.4242719784379 18.24228972196579 59.838722817599773 4002.2705848664045 153.83553437143564 77.706834100186825 161.94459694996476 260.67779478058219
leaf_count=414 2103 1557 594 682 807 156 1129 138 413 24217 788 388 1118 1908
internal_value=-3.38933e-05 -0.00642412 0.000868649 -0.00389504 -8.17843e-05 0.00853775 -0.00505742 0.000928906 0.000329645 0.000548882 0.00832279 0.00177593 0.000772134 -0.0043058
internal_weight=5559.22 688.001 4871.22 575.442 395.844 144.873 250.971 165.667 4542.74 4484.73 328.483 174.647 4424.89 422.622
internal_count=36412 6572 29840 4469 2912 963 1949 1267 28070 27656 1770 982 27243 3026
is_linear=0
shrinkage=0.03


Tree=76
num_leaves=15
num_cat=0
split_feature=0 8 8 0 0 8 0 12 17 19 18 7 17 19
split_gain=116.907 35.7908 31.3333 36.0035 25.0169 15.8499 14.1936 13.7096 13.9082 15.4515 20.0947 12.6002 11.5402 11.2463
threshold=0.18319129474405296 16.500000000000004 14.500000000000002 0.22232424410987014 0.079912827485269775 5.5000000000000009 0.50512228291326167 33.500000000000007 297.50000000000006 6.2119044418207681 1884.7500000000002 0.2174771704741765 14615.600000000002 6.2656810796789957
decision_type=2 2 2 2 2 2 2 2 2 2 2 2 2 2
left_child=1 7 3 12 -3 13 -7 8 9 10 -1 -4 -2 -5
right_child=2 4 11 5 -6 6 -8 -9 -10 -11 -12 -13 -14 -15
leaf_value=-0.0068932882810633775 -0.0008370816625941892 -0.015140372945580689 0.0027245285480544221 0.010703838103447431 -0.0022893397668839227 0.0062665327972258184 0.025085801598653482 -0.018843582996922029 -0.017903118084283798 -0.012430895260015666 0.034794029952135964 -0.0012281140417091136 -0.023619114049060412 0.024480686194827645
leaf_weight=21.126311223953962 167.92105321586132 160.67240131646395 2181.0840307027102 101.21055480092764 899.96389006823301 394.61726299673319 39.696935027837753 259.9127359315753 63.198948752135038 40.216263439506292 20.509879942983389 1087.8897948116064 22.718479685485363 112.71961379051208
leaf_count=227 1135 2782 11125 458 7276 1794 164 3576 945 478 219 5573 227 503
internal_value=0.000141148 -0.00713294 0.0027364 0.00790855 -0.0042361 0.0112789 0.00798664 -0.01472 -0.00733113 0.000831587 0.0136418 0.00140912 -0.00355201 0.0179628
internal_weight=5573.46 1465.6 4107.86 838.884 1060.64 648.244 434.314 404.964 145.051 81.8525 41.6362 3268.97 190.64 213.93
internal_count=36482 15503 20979 4281 10058 2919 1958 5445 1869 924 446 16698 1362 961
is_linear=0
shrinkage=0.03


Tree=77
num_leaves=15
num_cat=0
split_feature=0 0 6 18 18 14 19 19 17 17 18 10 1 17
split_gain=96.3862 30.0338 20.1997 25.1734 19.2031 19.0201 16.8889 16.8139 19.9181 17.0896 15.7662 23.3535 15.727 14.4463
threshold=0.13525713958659255 0.31731833274178689 0.19772918689366967 1.5200000000000002 369568.71000000002 275.50000000000006 3.4766128265134482 3.0796111151707293 4.0500000000000007 588.50000000000011 6.0300000000000002 2791.5000000000005 0.18902504722879232 17.050000000000004
decision_type=2 2 2 2 2 2 2 2 2 2 2 2 2 2
left_child=4 2 6 -4 5 13 7 8 -2 -10 11 -5 -11 -1
right_child=1 -3 3 10 -6 -7 -8 -9 9 12 -12 -13 -14 -15
leaf_value=-0.0092063254944291326 -0.012954864851658681 0.005098469483986655 -0.019037014032486695 -0.007254983703109682 -0.019894307835737784 -0.009889814274570783 -0.0079844008416224133 0.023200280604712784 0.014502020360163227 0.012244172934434274 0.00099340888555468046 0.032373967213710532 -0.028388087269887136 0.027110141845844361
leaf_weight=17.161760553717613 77.079390577971935 1330.2517104893923 55.794302180409431 21.852066315710545 166.67320051044226 431.57630069181323 471.91052736714482 29.384012207388878 79.112310692667961 15.179347161203621 2795.6593137048185 34.534212417900562 19.699609525501728 23.16380175575614
leaf_count=193 482 5747 351 121 2965 5060 3316 184 449 109 16928 190 124 283
internal_value=-0.000173842 0.00124653 -0.000176739 0.000919772 -0.0111406 -0.00804878 -0.00478194 0.00207334 -0.00117569 0.00678923 0.00131018 0.0170161 -0.0107049 0.0116546
internal_weight=5569.03 4930.46 3600.21 2907.84 638.575 471.902 692.365 220.455 191.071 113.991 2852.05 56.3863 34.879 40.3256
internal_count=36502 28001 22254 17590 8501 5536 4664 1348 1164 682 17239 311 233 476
is_linear=0
shrinkage=0.03


Tree=78
num_leaves=15
num_cat=0
split_feature=0 0 8 8 8 0 17 16 1 0 17 17 10 2
split_gain=76.3036 33.1352 36.1039 28.0398 27.0975 24.945 19.8434 18.2736 18.1544 17.369 14.5911 14.2163 13.8367 15.7733
threshold=0.13525713958659255 0.24179946486675549 4.5000000000000009 14.500000000000002 5.5000000000000009 0.20797823686013236 5306.4000000000005 7.9000000000000012 0.11581871978909171 0.48567936752641289 5002.5000000000009 0.8500000000000002 274.50000000000006 0.18443032263840609
decision_type=2 2 2 2 2 2 2 2 2 2 2 2 2 2
left_child=3 4 -3 -1 5 -2 -5 10 -9 -4 11 -6 -13 -14
right_child=1 2 9 6 7 -7 -8 8 -10 -11 -12 12 13 -15
leaf_value=-0.020528537490813743 -0.01711183802773663 0.017692004476882777 0.0019730291792749324 -0.0029375468739943757 -0.013371164117615159 0.0019774702707835408 -0.018258851459658148 0.034842193521236541 0.0029782810545275653 0.012001459408136891 -0.015545664989697276 -0.014538082773642326 0.014493395688993499 -0.00080709466462295721
leaf_weight=163.04655271396041 175.83563554286957 150.75339996814728 2488.2206010073423 371.20491901785135 85.626930266618729 94.838833555579185 95.691939406096935 16.51134791970253 634.51412735134363 165.79269917309284 72.031034171581268 60.853348486125469 64.926147297024727 918.37746714055538
leaf_count=2475 2333 673 11793 4141 608 580 1826 112 3933 673 640 433 455 5756
internal_value=1.35951e-05 0.00127029 0.0034107 -0.00981797 -0.0015568 -0.0104233 -0.0060777 -0.000261521 0.00378642 0.00259949 -0.0024543 -0.00161964 -0.000655944 0.000203175
internal_weight=5558.22 4928.28 2804.77 629.943 2123.51 270.674 466.897 1852.84 651.025 2654.01 1201.81 1129.78 1044.16 983.304
internal_count=36431 27989 13139 8442 14850 2913 5967 11937 4045 12466 7892 7252 6644 6211
is_linear=0
shrinkage=0.03


Tree=79
num_leaves=15
num_cat=0
split_feature=0 8 18 0 14 18 18 18 18 1 18 18 12 0
split_gain=77.2228 42.0019 40.4706 33.1642 24.5157 18.9127 15.5837 36.2131 18.302 18.608 20.2313 15.3105 14.3874 12.3328
threshold=0.25837100582529005 5.5000000000000009 1826849.3000000003 0.10793044585584659 18528.500000000004 9531990.6500000004 43.220000000000006 60.065000000000005 8713.9500000000025 0.19103894429572929 1084.6000000000001 184071.80000000002 195.50000000000003 0.48567936752641289
decision_type=2 2 2 2 2 2 2 2 2 2 2 2 2 2
left_child=2 11 3 -1 -4 -6 -3 -8 9 10 -9 -2 -5 -11
right_child=1 6 4 12 5 -7 7 8 -10 13 -12 -13 -14 -15
leaf_value=-0.012069013621758379 0.0096017003698711488 -0.0048150386240971392 -0.020526355955601937 0.00023979585355352474 -0.015555034072913709 0.0057363719879300916 0.029684347012164471 -0.00074690820546846148 -0.00019662568533549899 0.0037271062149172975 0.03579385474657288 0.027085787236639996 -0.0051095941828453069 0.016964940493780681
leaf_weight=272.83713728189468 97.73282191157341 225.69354096055031 184.27957241237164 1879.2197033949196 70.506571114063263 80.324464693665504 46.422214239835739 21.86581189930439 934.44007965922356 967.10867324471474 36.23474058508873 83.662394240498543 596.01005132496357 67.778137385845184
leaf_count=4098 427 1077 2483 12848 816 681 212 108 4377 4452 164 365 4101 276
internal_value=-0.000172378 0.00376754 -0.00334271 -0.00214246 -0.0131853 -0.00421638 0.00267121 0.00348593 0.00288606 0.00552158 0.0220419 0.0176656 -0.00104828 0.0045941
internal_weight=5564.12 2480.94 3083.18 2748.07 335.111 150.831 2299.54 2073.85 2027.43 1092.99 58.1006 181.395 2475.23 1034.89
internal_count=36485 11458 25027 21047 3980 1497 10666 9589 9377 5000 272 792 16949 4728
is_linear=0
shrinkage=0.03


Tree=80
num_leaves=15
num_cat=0
split_feature=0 8 8 0 0 14 10 4 11 15 0 0 17 16
split_gain=78.7619 35.2547 31.7914 25.7786 23.7841 15.4584 22.8309 13.8561 17.1326 13.38 12.586 11.5132 14.5022 19.3844
threshold=0.18319129474405296 13.500000000000002 15.500000000000002 0.090034041253312339 0.19635279396038643 134.50000000000003 548.50000000000011 0.16631386113845409 1.5000000000000002 158.50000000000003 0.41090687850051172 0.53536346808909185 25.050000000000004 6.8000000000000016
decision_type=2 2 2 2 2 2 2 2 2 2 2 2 2 2
left_child=1 -1 4 7 -2 6 -5 8 -3 -7 -4 12 -6 -14
right_child=2 3 10 5 11 9 -8 -9 -10 -11 -12 -13 13 -15
leaf_value=-0.015107213281039167 -0.011599411216272861 0.040774438602969004 -6.0803784225809177e-05 0.044290598732719635 0.0021807878765235712 0.017895721002258592 -0.0021017421442343712 -0.015857835346698938 -0.010031675032247505 -0.0030054373808751055 0.0059684828374703602 0.028935057964534872 0.0064830709286950675 0.018619451709048804
leaf_weight=311.91411047428846 57.753015283495188 9.0561834871768969 2856.3530269116163 16.156498316675425 279.27509106695652 28.505109254270792 23.337756454944611 189.4938238337636 17.549436029046774 835.84515055641532 349.75659804046154 23.667582258582115 345.85020375996828 180.13715334236622
leaf_count=4505 556 161 14933 135 1288 225 165 3266 293 6684 1427 99 1745 840
internal_value=-0.000131286 -0.0061873 0.0019874 -0.00370303 0.00701512 -0.0014775 0.0168767 -0.0130114 0.00726202 -0.00231615 0.000596935 0.00831203 0.00770589 0.0106395
internal_weight=5524.65 1431.86 4092.79 1119.94 886.683 903.845 39.4943 216.099 26.6056 864.35 3206.11 828.93 805.262 525.987
internal_count=36322 15434 20888 10929 4528 7209 300 3720 454 6909 16360 3972 3873 2585
is_linear=0
shrinkage=0.03


Tree=81
num_leaves=15
num_cat=0
split_feature=0 0 18 17 17 9 17 17 10 9 14 16 17 9
split_gain=85.1685 26.8227 24.243 19.1402 15.1966 17.5856 18.6945 14.8155 18.2136 21.397 16.8604 16.1955 18.9541 16.8915
threshold=0.13525713958659255 0.24179946486675549 218036.00000000003 5306.4000000000005 60302.000000000007 279.00000000000006 17692.500000000004 3.3500000000000001 410.50000000000006 110.50000000000001 1205.5000000000002 7.9000000000000012 6.0500000000000007 733.50000000000011
decision_type=2 2 2 2 2 2 2 2 2 2 2 2 2 2
left_child=3 2 7 -1 5 6 -4 8 -2 10 -10 12 13 -9
right_child=1 -3 4 -5 -6 -7 -8 11 9 -11 -12 -13 -14 -15
leaf_value=-0.0079109312864928394 -0.021240693955934982 0.0031483840810362321 -0.0028645244496991072 -0.020993552339566901 0.0045527060180997553 -0.022396010589656162 -0.023367592689366942 0.026763116168066963 0.030145038735981837 -0.0069927175115348907 0.0013947277739709293 0.0066355199244175524 -0.0016533105585977478 -0.0083048553252225068
leaf_weight=495.51106814295053 53.359499458223581 2790.1067388951778 219.48058607801795 126.30085081234574 74.822024632245302 83.105282422155142 48.950309634208679 40.443756315857172 27.128766119480133 231.52922999858856 56.782959774136543 419.78303953260183 838.70175186917186 17.803981125354767
leaf_count=6022 413 13066 2083 2511 550 680 564 271 179 1490 425 2602 5471 104
internal_value=-0.000109038 0.0012177 -0.00133301 -0.0105682 -0.00772389 -0.0103369 -0.00660341 0.000283571 -0.00503095 -0.00228894 0.0106897 0.0017721 -0.000504034 0.0160443
internal_weight=5523.81 4902 2111.89 621.812 426.358 351.536 268.431 1685.53 368.8 315.441 83.9117 1316.73 896.949 58.2477
internal_count=36431 27898 14832 8533 3877 3327 2647 10955 2507 2094 604 8448 5846 375
is_linear=0
shrinkage=0.03


Tree=82
num_leaves=15
num_cat=0
split_feature=0 0 18 2 18 18 9 14 7 18 9 19 2 1
split_gain=57.0696 26.4145 27.7424 19.8664 15.1002 17.7687 43.8696 15.4588 14.8847 14.4405 17.6201 13.2745 13.2722 17.1217
threshold=0.11686632668336101 0.26189530018919954 218036.00000000003 0.12532376732444692 52150.150000000001 19107.000000000004 186.50000000000003 84.500000000000014 0.22299005103820499 935.2700000000001 440.00000000000006 6.9059529344359722 0.29122532296920717 0.2707868059169834
decision_type=2 2 2 2 2 2 2 2 2 2 2 2 2 2
left_child=4 2 9 -3 5 7 -7 -1 -5 12 -11 -10 13 -2
right_child=1 3 -4 8 -6 6 -8 -9 11 10 -12 -13 -14 -15
leaf_value=0.028362578661339892 -0.0018988537333109758 0.024017769241638183 -0.0075422233966402951 0.0033440023936375323 -0.017629081487287177 -0.0057937635176796461 0.073494010009048427 -0.011513109476618176 -0.0024246139068300732 0.0035897399811618065 -0.007483840181851522 -0.026346295755678154 0.021069387410326441 -0.016489098842664682
leaf_weight=9.2173690088093263 868.92059058696032 39.827935129404068 520.43650280684233 2168.5007089972496 177.84554245322943 24.638013660907745 8.4291875995695573 172.52566628530622 158.63790826499462 1100.8163807876408 146.53766262531281 24.041483029723167 20.873704414814711 78.96622508764267
leaf_count=107 5441 177 4884 9981 3346 357 102 2254 737 7379 944 111 134 466
internal_value=-0.000140553 0.000703552 -0.00130913 0.0030071 -0.0111634 -0.00581039 0.0144175 -0.00949075 0.00265119 0.000154659 0.00228883 -0.00557282 -0.00259325 -0.00311433
internal_weight=5520.21 5127.56 2736.55 2391.01 392.656 214.81 33.0672 181.743 2351.18 2216.11 1247.35 182.679 968.761 947.887
internal_count=36420 30254 19248 11006 6166 2820 459 2361 10829 14364 8323 848 6041 5907
is_linear=0
shrinkage=0.03


Tree=83
num_leaves=15
num_cat=0
split_feature=1 6 14 16 1 9 14 8 14 1 2 16 9 9
split_gain=30.6243 23.4418 13.8854 11.859 18.4203 16.7446 15.8652 13.7914 22.0402 12.1347 11.5632 10.8969 13.6316 17.6362
threshold=0.069865417576228175 0.14477736895612639 29.500000000000004 5.8000000000000007 0.16260625497560591 426.00000000000006 18542.500000000004 19.500000000000004 121.50000000000001 0.42867648796364938 0.27576694499370241 3.1000000000000005 358.00000000000006 68.500000000000014
decision_type=2 2 2 2 2 2 2 2 2 2 2 2 2 2
left_child=-1 -2 -3 4 7 9 -6 10 -9 -5 -4 -8 13 -13
right_child=1 2 3 5 6 -7 11 8 -10 -11 -12 12 -14 -15
leaf_value=-0.017577139275874776 -0.01829425197005647 0.016266746080047755 -0.016683870962662713 0.0025012408363156886 -0.0018394615721001311 -0.0026176037595225968 0.006863065597100571 0.03766882923420041 -0.0044695600963389906 0.015062324998491698 0.0068216048615564228 -0.005604087702271417 -0.0073171269606779887 0.014143006568513673
leaf_weight=89.575518041849136 61.595006074756384 48.69012787938118 144.48240685835481 1929.1697988882661 1519.0023776255548 641.60104599222541 400.19628322124481 11.64055624231696 277.09433412179351 71.793912924826145 21.659324958920479 73.808198720216751 145.54607634246349 90.754660677164793
leaf_count=1832 472 305 1903 11934 8774 3890 2353 92 2511 308 224 447 825 523
internal_value=-0.000178673 0.000107968 0.000318832 0.000173057 -0.00123144 0.00159967 -0.000108839 -0.00673321 -0.00277072 0.00295193 -0.0136195 0.00359213 -0.000629014 0.00528622
internal_weight=5526.61 5437.03 5375.44 5326.75 2684.18 2642.56 2229.31 454.877 288.735 2000.96 166.142 710.305 310.109 164.563
internal_count=36393 34561 34089 33784 17652 16132 12922 4730 2603 12242 2127 4148 1795 970
is_linear=0
shrinkage=0.03


Tree=84
num_leaves=15
num_cat=0
split_feature=0 8 17 8 6 12 14 8 0 14 6 0 0 9
split_gain=67.1027 36.2213 34.3868 24.2225 18.1814 18.1692 22.2681 19.5124 19.962 16.9385 15.0035 14.5893 13.7589 13.0831
threshold=0.24179946486675549 5.5000000000000009 5002.5000000000009 98.500000000000014 0.23731274852115256 20.500000000000004 134.50000000000003 16.500000000000004 0.16603410614760419 18528.500000000004 0.12663873299929609 0.079912827485269775 0.20644267391801394 192.50000000000003
decision_type=2 2 2 2 2 2 2 2 2 2 2 2 2 2
left_child=2 -2 5 12 10 6 13 8 -7 -5 -3 -9 -4 -1
right_child=1 4 3 9 -6 7 -8 11 -10 -11 -12 -13 -14 -15
leaf_value=0.04332202874103884 0.015850319127380406 -0.02334895295125769 -0.022036771612866404 -0.015923967628036974 0.011147712376823582 -0.016150362792171434 0.0012622359883898303 -0.014521856437798325 -0.0027352939928040575 0.0059143967369366919 0.0017931454748146742 -0.0011524245459428942 -0.0036952781596804513 0.004642109298167876
leaf_weight=18.653734538704157 189.59503069519997 21.552350729703903 175.52204813435674 50.706714473664761 192.51028609275818 197.41789408773184 483.18154842406511 77.643445324152708 201.95313972607255 86.483793966472149 2411.9477559030056 1363.4097068086267 46.576928339898586 13.613901596516369
leaf_count=156 842 110 3020 635 803 2710 3707 1227 1465 729 11416 9139 376 86
internal_value=-5.81093e-05 0.00318686 -0.00342312 -0.0120683 0.00227257 -0.00210466 0.00287362 -0.00349894 -0.00936666 -0.00215724 0.00157047 -0.00187276 -0.0181903 0.0270027
internal_weight=5530.77 2815.61 2715.16 359.289 2626.01 2355.87 515.449 1840.42 399.371 137.191 2433.5 1441.05 222.099 32.2676
internal_count=36421 13171 23250 4760 12329 18490 3949 14541 4175 1364 11526 10366 3396 242
is_linear=0
shrinkage=0.03


Tree=85
num_leaves=15
num_cat=0
split_feature=0 8 8 0 0 17 18 18 6 1 10 10 0 10
split_gain=67.4173 32.6685 25.2953 22.8838 22.7631 19.7666 21.3254 36.5583 20.6676 20.0313 20.9511 22.9998 18.6979 16.1955
threshold=0.18319129474405296 13.500000000000002 15.500000000000002 0.22232424410987014 0.090034041253312339 260.75000000000006 2149.5250000000005 5970.0000000000009 0.21274870461690282 0.18091009352829762 2234.0000000000005 3545.0000000000005 0.19291647147048191 317.50000000000006
decision_type=2 2 2 2 2 2 2 2 2 2 2 2 2 2
left_child=1 -1 3 -2 -3 6 12 9 -7 -8 -11 -12 -4 -14
right_child=2 4 5 -5 -6 8 7 -9 -10 10 11 -13 13 -15
leaf_value=-0.014370094345062982 -0.0025881127468100899 -0.01225248706148294 0.019109090447127785 0.008995875892787962 -0.0011564248586458572 -0.013640040797033627 0.039774810924002049 0.0014503572105220486 -0.0010652917162921429 0.004623053266633521 0.03672941324182482 0.0092353146310217814 0.014265101071724429 -0.0010222125311006836
leaf_weight=300.78673597797751 196.47382558509707 204.2854392491281 45.70992574095726 701.39395398646593 897.062863368541 139.45530784130096 26.723788216710091 496.70633981376886 751.79446510970592 137.36363109946251 51.808356642723083 58.08343206346035 65.170894607901573 1451.1939959824085
leaf_count=4504 1422 3689 280 3162 7226 799 136 2416 4059 649 236 278 298 7290
internal_value=7.47239e-05 -0.00560768 0.0020077 0.00646104 -0.0032146 0.000767474 0.00221943 0.00630307 -0.00303288 0.0151007 0.0124339 0.0221974 0.000204674 -0.000365189
internal_weight=5524.01 1402.14 4121.88 897.868 1101.35 3224.01 2332.76 770.686 891.25 273.979 247.255 109.892 1562.07 1516.36
internal_count=36444 15419 21025 4584 10915 16441 11583 3715 4858 1299 1163 514 7868 7588
is_linear=0
shrinkage=0.03


Tree=86
num_leaves=15
num_cat=0
split_feature=0 8 17 0 8 18 18 18 18 8 0 0 0 15
split_gain=54.9032 23.4417 24.8796 21.1808 17.5991 21.9977 15.8376 14.8972 20.3313 21.0922 17.1587 14.5652 13.8032 13.5781
threshold=0.13525713958659255 14.500000000000002 5306.4000000000005 0.36388030856494574 47.500000000000007 800.5400000000003 146.93000000000004 91.920000000000016 93497.500000000015 5.5000000000000009 0.48567936752641289 0.036948057133733371 0.48567936752641289 182.50000000000003
decision_type=2 2 2 2 2 2 2 2 2 2 2 2 2 2
left_child=1 -1 11 -2 7 6 -6 -5 10 -10 -9 -3 -7 -13
right_child=3 2 -4 4 5 12 -8 8 9 -11 -12 13 -14 -15
leaf_value=-0.018754502496909822 0.00029615617818400358 -0.030068911261410841 -0.019170064343257319 -0.011645934092137419 -4.1776028852696526e-05 -0.012681471172078454 0.020089935666509479 0.010743712648093633 0.023185908484388371 -0.0042176628306477499 0.027379600065939074 0.031204147987377459 0.0060138896018296232 -0.0013584547357216633
leaf_weight=148.50164591148496 4060.0624828599393 15.382757343351839 89.530128516256809 30.295191019773483 82.268884599208832 123.61860913038254 61.431928306818008 278.32715725898743 31.455764755606651 128.72223821282387 69.792380109429359 11.93679219484329 49.886288747191429 334.10418556630611
leaf_count=2446 24397 270 1878 126 347 537 256 1161 149 537 287 129 201 3780
internal_value=0.000155012 -0.00841648 -0.00501211 0.00120025 0.00548942 -0.000116418 0.00856451 0.00879099 0.0100091 0.00116385 0.0140789 -0.00150497 -0.00730616 -0.000235198
internal_weight=5515.32 599.456 450.954 4915.86 855.798 317.206 143.701 538.593 508.298 160.178 348.12 361.424 173.505 346.041
internal_count=36501 8503 6057 27998 3601 1341 603 2260 2134 686 1448 4179 738 3909
is_linear=0
shrinkage=0.03


Tree=87
num_leaves=15
num_cat=0
split_feature=0 12 8 0 6 0 8 5 16 1 2 17 18 19
split_gain=60.4627 26.2174 30.8279 18.261 17.3869 18.2385 16.2253 14.7509 12.3187 16.8384 18.1274 12.7851 15.7473 13.8891
threshold=0.18319129474405296 19.500000000000004 28.500000000000004 0.077732150473701092 0.14477736895612639 0.37894505891192742 4.5000000000000009 0.20525839957467015 7.2500000000000009 0.16067796393560088 0.21753249985994308 0.35000000000000003 7244.3000000000011 6.0061067934967243
decision_type=2 2 2 2 2 2 2 2 2 2 2 2 2 2
left_child=1 -1 -3 -4 -2 8 -7 -5 11 10 -10 -6 13 -13
right_child=4 2 3 7 5 6 -8 -9 9 -11 -12 12 -14 -15
leaf_value=0.0025935108361652042 -0.016700281335919477 -0.013561266022839061 -0.017085554120318688 0.0041836654290735272 -0.016018808117112832 0.02702870062727069 0.0053950182301979272 -0.0055461157623580542 0.0053211918337480995 0.0023368355943056899 0.031609437941859719 0.0013535967245535325 -0.0028469550821393053 0.013009169859153524
leaf_weight=288.44520459324121 45.456115506589413 454.86847573146224 77.478980761021376 236.72913559898734 46.118109524250031 32.779734373092651 648.03479872643948 344.03685149922967 63.648894794285297 1223.1257127672434 37.526503995060921 954.82528300583363 949.28733152151108 101.82580446451902
leaf_count=3063 262 6172 1569 1918 282 164 2664 2784 341 6125 198 5038 5338 520
internal_value=-8.72103e-05 -0.00546674 -0.00755542 -0.00340518 0.00175057 0.00195729 0.00643663 -0.00158011 0.00105407 0.00330976 0.0150716 -0.000401655 -4.26039e-05 0.0024768
internal_weight=5504.19 1401.56 1113.11 658.245 4102.63 4057.17 680.815 580.766 3376.36 1324.3 101.175 2052.06 2005.94 1056.65
internal_count=36438 15506 12443 6271 20932 20670 2828 4702 17842 6664 539 11178 10896 5558
is_linear=0
shrinkage=0.03


Tree=88
num_leaves=15
num_cat=0
split_feature=0 6 0 17 17 2 0 17 18 12 6 16 17 15
split_gain=46.0826 20.577 20.3813 14.7027 21.1674 32.959 16.1123 23.9544 16.7182 15.6382 14.5376 14.519 13.975 15.1832
threshold=0.10793044585584659 0.14477736895612639 0.37629122195731751 708.50000000000011 588.50000000000011 0.20793173776681587 0.20644267391801394 60302.000000000007 414756.00000000006 242.00000000000003 0.37065863055167375 1.1500000000000001 2500.5000000000005 8440.5000000000018
decision_type=2 2 2 2 2 2 2 2 2 2 2 2 2 2
left_child=12 -2 3 4 9 -6 7 8 11 10 -3 -5 13 -1
right_child=1 2 -4 6 5 -7 -8 -9 -10 -11 -12 -13 -14 -15
leaf_value=0.0049468020706480388 -0.017338812393201768 0.0014168621019889302 0.0056164122224488123 -0.013316431095113634 0.038772845453239287 0.00028676626674628363 3.3085408394059421e-05 0.0082813117434647841 -0.016822162022837036 -0.0035294973704267192 0.021678847172832603 0.0062598172200778986 -0.020781825187734027 -0.012293741436848658
leaf_weight=66.338372256606817 56.578490681946278 2679.6530562676489 698.2504365593195 65.411553725600243 33.850023820996284 49.040529828518629 587.20753089338541 69.10269134119153 193.26713429018855 648.03248001635075 32.252810817211866 71.225013636052608 95.497025035321712 149.75464318692684
leaf_count=956 414 15709 2905 602 221 287 3309 566 2432 3814 153 601 2238 2193
internal_value=-1.93437e-05 0.000654179 0.000852728 0.00010172 0.00102683 0.0160033 -0.0031278 -0.00777958 -0.0111437 0.000657355 0.00165784 -0.00311185 -0.0112246 -0.00700107
internal_weight=5495.46 5183.87 5127.29 4429.04 3442.83 82.8906 986.214 399.006 329.904 3359.94 2711.91 136.637 311.59 216.093
internal_count=36400 31013 30599 27694 20184 508 7510 4201 3635 19676 15862 1203 5387 3149
is_linear=0
shrinkage=0.03


Tree=89
num_leaves=15
num_cat=0
split_feature=1 17 14 10 17 10 5 16 8 17 14 15 17 8
split_gain=27.1559 17.498 21.7746 17.4861 15.707 21.2217 14.3193 16.4404 12.8521 11.3485 11.1825 15.7457 10.311 18.8318
threshold=0.069865417576228175 3796.3500000000008 3490.0000000000005 1300.5000000000002 0.35000000000000003 1300.5000000000002 0.15463305720140177 20.500000000000004 31.500000000000004 6130.5000000000009 3010.5000000000005 11098.500000000002 5991.0000000000009 20.500000000000004
decision_type=2 2 2 2 2 2 2 2 2 2 2 2 2 2
left_child=-1 4 8 12 5 10 -6 -8 -3 -10 11 -2 13 -4
right_child=1 2 3 -5 6 -7 7 -9 9 -11 -12 -13 -14 -15
leaf_value=-0.016835254481562586 0.014384915795766718 -0.0076495406714011914 0.015965704977594981 -0.0118528779570015 -0.0041512973590827019 -0.018311519326265562 0.0015765148674855205 0.028492363201653898 -0.003225487856158791 -0.032369004834138848 0.01727949209170512 -0.021465960573351556 0.0048040333532885348 -0.027320073717528062
leaf_weight=84.957651283591986 19.229283921420574 133.42365106195211 14.181805595755575 96.069734703749418 412.0925100594759 87.798517789691687 4205.9391789771616 20.523522265255451 16.596170093864202 43.661903236061335 30.810420975089073 25.844144605100155 276.57872505113482 24.977350540459156
leaf_count=1853 119 1422 124 762 2506 592 25436 143 138 435 239 179 2269 171
internal_value=-5.90407e-06 0.000258492 -0.00454743 -0.00064586 0.000864446 -0.00826903 0.00118674 0.00170722 -0.012843 -0.0243423 0.00335026 -0.00617121 0.00276411 -0.0116438
internal_weight=5492.68 5407.73 605.489 411.808 4802.24 163.682 4638.56 4226.46 193.682 60.2581 75.8838 45.0734 315.738 39.1592
internal_count=36388 34535 5321 3326 29214 1129 28085 25579 1995 573 537 298 2564 295
is_linear=0
shrinkage=0.03


Tree=90
num_leaves=15
num_cat=0
split_feature=17 14 17 9 19 10 9 4 17 16 19 19 17 8
split_gain=23.8868 16.2235 15.3712 12.8283 27.4941 21.8175 15.1161 15.5042 12.3963 17.663 16.7861 13.1979 13.065 23.267
threshold=680.55000000000007 18528.500000000004 3.3500000000000001 129.50000000000003 8.1294255463464964 226.50000000000003 306.50000000000006 0.17623378783934335 588.50000000000011 6.3500000000000005 2.6063797390931955 5.4251690694149604 260.75000000000006 25.500000000000004
decision_type=2 2 2 2 2 2 2 2 2 2 2 2 2 2
left_child=2 -2 3 5 6 -1 -5 -8 12 10 -10 -12 -4 -14
right_child=1 -3 8 4 -6 -7 7 -9 9 -11 11 -13 13 -15
leaf_value=-0.012662145045907127 -0.0066128586282813663 8.9127627761464111e-05 0.0026922752029650389 -0.01323511276397963 0.031031460607425433 0.00498077042367219 -0.016958716563274242 0.00062423232755548855 0.028943649547284973 0.034508066826495078 -0.025272860501868256 0.0097352723281789299 0.0064108900096030612 -0.0083990095167502474
leaf_weight=77.153095927089453 676.11271843314171 626.09514933824539 2745.9166554920375 190.74394733458757 18.112812660634518 345.89319994300604 54.872934866696596 254.31960755214095 17.35045537352562 25.464197356253862 18.103985890746117 20.858474180102348 149.76684682443738 263.35296867415309
leaf_count=609 6388 4861 16100 1119 111 2210 337 1557 96 158 121 135 1034 1549
internal_value=0.000157512 -0.00339058 0.00126235 -0.00211284 -0.00527801 0.00176314 -0.00659351 -0.00249624 0.00224247 0.0137744 0.00439879 -0.00653133 0.00194395 -0.00303003
internal_weight=5484.12 1302.21 4181.91 941.096 518.049 423.046 499.936 309.193 3240.81 81.7771 56.3129 38.9625 3159.04 413.12
internal_count=36385 11249 25136 5943 3124 2819 3013 1894 19193 510 352 256 18683 2583
is_linear=0
shrinkage=0.03


Tree=91
num_leaves=15
num_cat=0
split_feature=0 8 0 8 6 8 0 6 0 18 18 6 1 17
split_gain=50.4891 37.2703 31.793 31.3679 16.5423 16.5064 16.5807 14.9255 14.4523 13.9117 13.0747 12.0599 12.0224 11.8761
threshold=0.19635279396038643 6.5000000000000009 0.10793044585584659 8.5000000000000018 0.23731274852115256 19.500000000000004 0.072248106031800777 0.15800570780416259 0.47102504204593448 27.400000000000009 46.850000000000001 0.21632651807306477 0.17727244820898022 1384.2500000000002
decision_type=2 2 2 2 2 2 2 2 2 2 2 2 2 2
left_child=1 -1 5 8 7 -3 -7 -5 -2 12 -11 -12 -4 -8
right_child=3 2 9 4 -6 6 13 -9 -10 10 11 -13 -14 -15
leaf_value=-0.017229726214682928 0.0078892983332392117 -0.02207723739945263 -0.02617889759657133 -0.019330419649659373 0.008647582341972335 -0.014981746752910625 0.0083030918350104239 0.00041303013339010939 0.032962301470407421 0.026466200951077688 -0.0059643773515940654 0.0016089033032526351 0.0011265340103117181 -0.014755898448565074
leaf_weight=185.63015766441822 442.04212848097086 92.961801927536726 34.499645166099072 34.840279869735241 223.07108370959759 109.12050569429994 72.546162430197001 3164.6044774651527 21.706273257732391 16.799132220447063 249.22979449108243 786.24117541313171 25.049212992191315 27.806768611073494
leaf_count=2686 2157 1654 300 195 963 2285 887 15927 93 124 2342 6088 188 492
internal_value=-0.000105685 -0.00459116 -0.00293226 0.00174088 0.000748755 -0.0115566 -0.00688761 0.000198034 0.00906287 -0.000586291 0.000212013 -0.000213926 -0.0146929 0.00191368
internal_weight=5486.15 1599.88 1414.25 3886.26 3422.52 302.435 209.473 3199.44 463.748 1111.82 1052.27 1035.47 59.5489 100.353
internal_count=36381 17046 14360 19335 17085 5318 3664 16122 2250 9042 8554 8430 488 1379
is_linear=0
shrinkage=0.03


Tree=92
num_leaves=15
num_cat=0
split_feature=0 8 8 0 12 17 6 2 9 17 13 7 17 0
split_gain=48.6157 24.7587 24.1264 28.6193 23.5751 18.3538 16.5669 17.3133 23.1811 16.5547 16.0544 14.0986 13.497 13.0482
threshold=0.16631386113845409 21.500000000000004 15.500000000000002 0.22446291586411768 8.5000000000000018 16020.500000000002 0.19175238252044988 0.18685333610357305 167.50000000000003 14615.600000000002 1.5000000000000002 0.22068977681615629 1384.2500000000002 0.52691066734037817
decision_type=2 2 2 2 2 2 2 2 2 2 2 2 2 2
left_child=1 4 3 9 10 6 -3 8 -8 -2 -1 13 -10 -5
right_child=2 5 -4 11 -6 -7 7 -9 12 -11 -12 -13 -14 -15
leaf_value=0.045190411638884702 -8.5431372819495506e-05 -0.011018575320680762 0.00030778450549447123 0.0096939737645625988 -0.013628030634499192 -0.017980578540135954 0.0028072925470261694 -0.0010445596063825616 0.047319559564621541 -0.024157064636723853 -0.0038919350783521234 -0.0022526940646233457 0.003779454093412626 0.032449663770077505
leaf_weight=10.334050346165897 229.35524735972285 115.97528163343668 3467.3751727715135 571.5706542879343 362.83607884123921 60.978015050292015 63.808708775788546 430.42618808150291 21.743552666157488 28.959594007581472 14.293331384658812 88.243648774921894 9.0849157124757749 23.615361094474792
leaf_count=137 1796 1358 18147 2575 5348 1240 725 3767 190 363 192 401 155 101
internal_value=6.2094e-05 -0.00561269 0.00146432 0.00572251 -0.0117001 -0.00225286 -0.000756783 0.00150983 0.0131276 -0.00278409 0.0167038 0.00893774 0.0344886 0.0105969
internal_weight=5498.6 1089.48 4409.12 941.745 387.463 702.017 641.039 525.063 94.6372 258.315 24.6274 683.43 30.8285 595.186
internal_count=36495 13112 23383 5236 5677 7435 6195 4837 1070 2159 329 3077 345 2676
is_linear=0
shrinkage=0.03


Tree=93
num_leaves=15
num_cat=0
split_feature=0 8 6 0 8 0 17 17 6 16 19 15 14 15
split_gain=37.7812 27.831 20.961 17.4329 16.6414 25.3764 17.2482 20.383 18.7178 15.9113 17.6327 15.7093 15.4257 15.6272
threshold=0.18319129474405296 19.500000000000004 0.19084834106412735 0.036948057133733371 8.5000000000000018 0.19635279396038643 260.75000000000006 284.25000000000006 0.21408947399191641 5.5500000000000007 1.8325494627242669 133.50000000000003 111.50000000000001 1854.0000000000002
decision_type=2 2 2 2 2 2 2 2 2 2 2 2 2 2
left_child=1 12 -3 -4 5 -2 -6 -8 -9 -10 -11 -5 -1 -14
right_child=4 2 3 11 6 -7 7 8 9 10 -12 -13 13 -15
leaf_value=0.0088252340622057002 -0.013241273605638454 -0.011246986731163063 -0.029881293566241959 0.024327752054847433 0.001981284865782083 0.0086462677519760899 -0.028361223855908207 -0.010425605764270178 -0.0029500337706724758 0.024603979706487273 0.0028411460352354371 0.00034498406032375917 0.0024604631855081158 -0.015066574600448444
leaf_weight=32.889802772551775 53.084266398102045 165.91121977195144 16.664896242320538 25.41250104829669 2579.1157108545303 467.73917115479708 26.981175914406776 188.90242103487253 529.08743692189455 39.192122802138329 230.97245351225138 751.33528424426913 53.298292703926563 324.70549104735255
leaf_count=482 539 2179 363 214 12677 2260 138 1098 2897 208 1190 6642 755 4761
internal_value=-3.30053e-05 -0.00434774 -0.00154957 0.000478262 0.00140369 0.00641541 0.000677472 -0.00263508 -0.00193263 7.46734e-05 0.00599823 0.00112962 -0.0108807 -0.0125953
internal_weight=5485.29 1370.22 959.324 793.413 4115.07 520.823 3594.25 1015.14 988.154 799.252 270.165 776.748 410.894 378.004
internal_count=36403 15396 9398 7219 21007 2799 18208 5531 5393 4295 1398 6856 5998 5516
is_linear=0
shrinkage=0.03


Tree=94
num_leaves=15
num_cat=0
split_feature=17 14 18 8 2 19 19 9 1 19 19 17 17 1
split_gain=21.7165 23.9634 20.1386 14.203 23.4488 18.8382 17.9429 13.8865 13.8254 13.0723 21.208 16.5861 26.0572 23.606
threshold=3796.3500000000008 3510.5000000000005 0.54500000000000015 139.50000000000003 0.23834857804498225 5.080471045847796 5.6741819901439614 204.50000000000003 0.34180982590519177 7.3724319131086853 8.0794152201981628 3.3500000000000001 10.050000000000002 0.37491060129183734
decision_type=2 2 2 2 2 2 2 2 2 2 2 2 2 2
left_child=2 -2 -1 5 6 8 -5 -7 -3 11 -11 -4 13 -13
right_child=1 3 9 4 -6 7 -8 -9 -10 10 -12 12 -14 -15
leaf_value=-0.016197630107811754 -0.013042382726977634 -0.0094244955141409015 -0.0025369866517987324 0.0070349058536448902 0.039069983970219345 0.0053785828011163458 -0.028424498683689316 -0.027722047221963191 -0.040850962321005539 -0.010387132334665844 0.0024514552277386989 0.0064063057920051535 0.0012369014358998055 0.028836496216915683
leaf_weight=62.020033866167068 222.66187902539968 121.50451028719544 747.55013539642096 95.176119763404131 18.132079586386681 140.17378713563085 14.846614606678484 12.417216219007967 14.056298188865183 224.93868240341544 238.66742634400725 540.35517078638077 2964.9475193843246 45.807585798203945
leaf_count=439 2804 1306 4624 686 96 1309 134 109 70 1614 1742 3115 18067 198
internal_value=9.88002e-05 -0.00509837 0.000787157 -0.000849515 0.00745947 -0.00454492 0.00224997 0.00268499 -0.0126831 0.00100835 -0.00377774 0.00152453 0.00237953 0.00815919
internal_weight=5463.26 638.969 4824.29 416.307 128.155 288.152 110.023 152.591 135.561 4762.27 463.606 4298.66 3551.11 586.163
internal_count=36313 6514 29799 3710 916 2794 820 1418 1376 29360 3356 26004 21380 3313
is_linear=0
shrinkage=0.03


Tree=95
num_leaves=15
num_cat=0
split_feature=0 8 0 8 8 0 12 2 0 0 15 15 1 14
split_gain=44.3448 22.2794 17.2492 27.0489 19.6975 17.1163 16.6855 16.3263 15.9446 15.1957 14.2996 14.0282 12.4734 11.8672
threshold=0.13525713958659255 14.500000000000002 0.24179946486675549 4.5000000000000009 5.5000000000000009 0.20797823686013236 8.5000000000000018 0.23790126725911789 0.50512228291326167 0.085790285251219997 182.50000000000003 1385.0000000000002 0.11368353305517612 1248.5000000000002
decision_type=2 2 2 2 2 2 2 2 2 2 2 2 2 2
left_child=1 6 4 -4 5 11 -1 13 -9 -3 -11 -2 -6 -5
right_child=2 9 3 7 12 -7 -8 8 -10 10 -12 -13 -14 -15
leaf_value=0.021327150650562812 0.008284196340640813 -0.012108770908763356 0.014505427848680455 0.00965349136672429 0.017452683131592858 0.00092065497975365009 -0.021036599513573444 -0.0012848619579402842 0.014037504736736591 0.035098025856331268 -0.0017552629086575115 -0.018755359159380713 -0.00071466673400863131 0.0024632119416102081
leaf_weight=8.9197618067264539 19.744264286011457 159.0968771353364 150.98956479132175 267.22937802970409 34.668931871652603 92.047372065484524 135.13779598474503 1429.0609055906534 63.854177087545395 9.8377541676163656 257.52242062613368 137.69467248767614 1797.4866854920983 910.32610024511814
leaf_count=138 283 3166 688 1216 259 560 2385 6688 263 89 2658 2037 11634 4329
internal_value=-0.000297272 -0.0082133 0.000623821 0.00215222 -0.00144777 -0.00935604 -0.0184135 0.00145376 -0.000629502 -0.00476766 -0.000399214 -0.0153644 -0.000370895 0.00409494
internal_weight=5473.62 570.515 4903.1 2821.46 2081.64 249.486 144.058 2670.47 1492.92 426.457 267.36 157.439 1832.16 1177.56
internal_count=36393 8436 27957 13184 14773 2880 2523 12496 6951 5913 2747 2320 11893 5545
is_linear=0
shrinkage=0.03


Tree=96
num_leaves=15
num_cat=0
split_feature=17 14 17 6 17 17 19 18 8 14 18 18 6 6
split_gain=26.7217 18.95 15.3503 25.6883 22.8499 27.9126 22.927 24.8553 18.5809 17.0857 14.3735 16.2692 16.4299 13.5748
threshold=3796.3500000000008 3510.5000000000005 3.3500000000000001 0.17177067789669123 10.050000000000002 14.050000000000002 7.4313884596403987 935.2700000000001 617.50000000000011 363.50000000000006 27.400000000000009 651.69500000000005 0.22269408975567628 0.24068871889190738
decision_type=2 2 2 2 2 2 2 2 2 2 2 2 2 2
left_child=2 -2 13 -4 6 -6 7 8 9 -5 -11 12 -12 -1
right_child=1 -3 3 4 5 -7 -8 -9 -10 10 11 -13 -14 -15
leaf_value=-0.0037596324625549268 -0.012709294405052553 -0.0018580292755550325 -0.0061473065335918356 0.020833528460015939 -0.011361605081381072 0.0020418455958291851 -0.01082924044157204 0.018155019558621442 0.031489996013042788 -0.017179218826620244 0.011321676829794783 -0.021583111795761247 -0.0078322320255765944 0.0087872516506876559
leaf_weight=848.21077407896519 224.74807939678431 407.38321920856833 344.72842128202319 40.1057333573699 147.08382037654519 2836.4510659240186 53.039878152310848 199.96995119005442 21.579108819365501 38.27353398501873 134.58110816776752 22.121213469654322 57.536796435713768 85.423217594623566
leaf_count=5463 2827 3669 2420 188 850 17506 360 1089 113 210 762 140 311 465
internal_value=8.40333e-05 -0.00571609 0.000843271 0.00167132 0.0024304 0.00138108 0.00794989 0.00988708 0.00462498 0.00264383 -0.000245183 0.00278006 0.00558533 -0.00261165
internal_weight=5461.24 632.131 4829.1 3895.47 3550.74 2983.53 567.207 514.167 314.197 292.618 252.513 214.239 192.118 933.634
internal_count=36373 6496 29877 23949 21529 18356 3173 2813 1724 1611 1423 1213 1073 5928
is_linear=0
shrinkage=0.03


Tree=97
num_leaves=15
num_cat=0
split_feature=0 8 7 18 0 6 0 17 6 8 0 8 14 18
split_gain=46.3258 22.9881 16.9591 16.1233 18.0074 14.613 12.7674 16.2511 12.4705 11.4856 18.3699 24.3156 13.9759 11.7088
threshold=0.16631386113845409 14.500000000000002 0.2174771704741765 1826849.3000000003 0.036948057133733371 0.29865779038195134 0.36245857995211533 24.650000000000002 0.22656993152391916 15.500000000000002 0.19762701786485812 6.5000000000000009 82.500000000000014 73749.000000000015
decision_type=2 2 2 2 2 2 2 2 2 2 2 2 2 2
left_child=1 -1 5 4 -3 9 -4 8 -8 10 11 -2 -12 -11
right_child=2 3 6 -5 -6 -7 7 -9 -10 13 12 -13 -14 -15
leaf_value=-0.013665865223560093 -0.018593656533987885 -0.026804725427787304 -0.0028237246655652567 -0.018390784428904957 -0.0012726178675473469 0.012531206993486815 0.01746758450667658 -0.0021548011028285656 -0.0046385991234252581 0.002110931649537864 -0.016049026936252531 0.01847290523021472 0.008808100260226992 -0.0035386838183910953
leaf_weight=251.24941606633365 55.018787439912558 25.726938603445888 1166.9595657326281 59.138795301318169 738.74928229674697 125.78981812670827 97.111570835113525 158.62475149333477 30.080721989274025 1832.8065684959292 21.220941849052906 22.4182143881917 500.17636821419001 402.69292701780796
leaf_count=4126 662 626 6519 1189 7178 570 411 677 126 9389 105 197 2378 2356
internal_value=-0.000137528 -0.00572249 0.00122282 -0.00329931 -0.00213185 0.0025257 -0.00143188 0.00425086 0.0122395 0.00208165 0.00577147 -0.00786279 0.00779641 0.00109324
internal_weight=5487.76 1074.86 4412.9 823.615 764.476 2960.12 1452.78 285.817 127.192 2834.33 598.834 77.437 521.397 2235.5
internal_count=36509 13119 23390 8993 7804 15657 7733 1214 537 15087 3342 859 2483 11745
is_linear=0
shrinkage=0.03


Tree=98
num_leaves=15
num_cat=0
split_feature=0 6 12 17 7 6 13 9 1 18 3 0 18 19
split_gain=40.2907 20.9779 14.9024 15.3565 14.7718 12.7052 12.2733 11.4935 10.8631 11.6412 10.6377 9.73183 11.9478 9.25267
threshold=0.18319129474405296 0.20581987425275797 52.500000000000007 284.25000000000006 0.2174771704741765 0.29865779038195134 3.5000000000000004 733.50000000000011 0.24361936701234868 555.70000000000016 0.25540856478212309 0.37894505891192742 1194643.5000000002 5.7885830646264269
decision_type=2 2 2 2 2 2 2 2 2 2 2 2 2 2
left_child=1 -1 3 6 5 -2 7 10 -7 -10 -3 -6 -13 -4
right_child=4 2 13 -5 11 8 -8 -9 9 -11 -12 12 -14 -15
leaf_value=-0.011443117316338005 0.0020010894845113431 0.0099544496386475816 -0.0036849760968841769 -0.0053915653214815246 -0.0024910753323438358 0.024255083386912294 -0.0018287837209806292 -0.0070098193966234741 -0.011733338528558174 0.013707490900237753 0.030474255681085763 0.0019542391816438046 0.02438970294527627 -0.012415721016709217
leaf_weight=325.05157627537847 2641.7372270859778 115.96883339807391 384.99907365255058 198.98879089206457 1146.705790232867 42.396440662443638 123.56114056706429 28.050679244101048 24.412179842591286 48.046434804797173 28.282765820622444 190.52954648435116 24.060767412185669 152.52695962041616
leaf_count=4602 13536 1049 3861 2432 6088 199 1105 225 102 205 257 793 104 1934
internal_value=-0.000314451 -0.00479671 -0.00270405 0.00105252 0.00116309 0.00242576 0.00538663 0.0105609 0.0121935 0.00513617 0.0139777 -0.00139379 0.0044698 -0.00616239
internal_weight=5475.32 1357.43 1032.38 494.852 4117.89 2756.59 295.863 172.302 114.855 72.4586 144.252 1361.3 214.59 537.526
internal_count=36492 15465 10863 5068 21027 14042 2636 1531 506 307 1306 6985 897 5795
is_linear=0
shrinkage=0.03


Tree=99
num_leaves=15
num_cat=0
split_feature=16 17 18 6 19 9 6 8 17 19 19 17 18 17
split_gain=17.2579 26.1904 22.3425 26.9776 25.7062 22.2621 20.5265 31.6966 21.27 16.1778 16.0839 15.8991 39.4484 23.3137
threshold=5.8000000000000007 15213.500000000002 454.15500000000003 0.29129259199991514 5.529230477902062 426.00000000000006 0.18506473469700213 289.00000000000006 1.5500000000000003 5.1876650574537111 4.8489000638184878 1.3500000000000003 14.790000000000001 0.55000000000000016
decision_type=2 2 2 2 2 2 2 2 2 2 2 2 2 2
left_child=1 -1 4 5 9 6 8 -8 -4 10 11 12 -2 -14
right_child=2 -3 3 -5 -6 -7 7 -9 -10 -11 -12 -13 13 -15
leaf_value=-0.00081281187086477654 -0.0038549104056258368 -0.013358137989787881 0.030485567795721234 0.021805196281613811 -0.022378668725628843 -0.003866168068618045 0.0054322796925845625 0.032553882008286357 -0.0054766608126570896 0.026382358800624884 -0.024202579868800946 -0.0029123142054845613 0.052030770294186103 0.013934322209895565
leaf_weight=2584.6947386600077 116.36442403122783 158.98087392374873 15.81849020346999 71.654916610568762 52.435864977538586 339.70364616066217 1109.8901365641505 40.18562713265419 230.32438335381448 19.341506965458393 26.876230370253325 628.94078131020069 19.829023882746696 53.36600000038743
leaf_count=17040 720 2136 98 386 378 2163 7212 220 1812 126 169 3572 112 303
internal_value=0.000139756 -0.00153974 0.00183093 0.00376601 -0.00198282 0.0030214 0.00469716 0.00637996 -0.00316553 -0.000746034 -0.00136671 -0.000616871 0.0069992 0.0242549
internal_weight=5468.41 2743.68 2724.73 1807.58 917.154 1735.92 1396.22 1150.08 246.143 864.718 845.376 818.5 189.559 73.195
internal_count=36447 19176 17271 11891 5380 11505 9342 7432 1910 5002 4876 4707 1135 415
is_linear=0
shrinkage=0.03


Tree=100
num_leaves=15
num_cat=0
split_feature=0 6 6 18 18 1 9 19 19 2 15 7 3 9
split_gain=38.7269 16.6707 14.8736 14.8143 18.6419 23.6544 13.4438 12.8995 25.1436 17.2254 13.978 12.1303 11.9135 11.9099
threshold=0.17985706387390302 0.19571251339066253 0.14477736895612639 218036.00000000003 1884.7500000000002 0.091466254130383687 640.00000000000011 6.5376331176319846 4.9746540367908585 0.18685333610357305 131.00000000000003 0.2174771704741765 0.14364447879573436 415.50000000000006
decision_type=2 2 2 2 2 2 2 2 2 2 2 2 2 2
left_child=1 -1 -2 4 5 -3 12 8 10 -10 -6 -4 -5 -12
right_child=2 3 11 6 7 -7 -8 -9 9 -11 13 -13 -14 -15
leaf_value=-0.011156088434855955 -0.01582679822618855 0.028654700196880808 0.0028562576769321775 0.024112413375759582 0.034438558110237279 -0.0081695041203662718 0.0025542615603535062 -0.0074424356315021169 0.03757872831827274 0.010715689164287301 0.0028785760800506704 -0.00060570317708654809 -0.013400467857938964 -0.012274047125651088
leaf_weight=262.55378440767527 44.016306154429913 16.603562667965889 2740.2828407399356 7.8996650725603095 9.8560933843255025 288.35227486118674 75.845281392335892 80.007500294595957 26.3102424480021 117.09829663857818 141.7608169298619 1364.4557322859764 214.78652202896774 69.608220387250185
leaf_count=3926 257 231 13958 129 86 2539 529 849 252 1042 1517 7035 3534 570
internal_value=9.92777e-05 -0.00439608 0.00151946 -0.00270271 -0.000451919 -0.00616458 -0.00835433 0.00346609 0.00585963 0.0156441 -0.000483108 0.00170547 -0.0120697 -0.0021115
internal_weight=5459.44 1310.68 4148.75 1048.13 749.597 304.956 298.531 444.641 364.634 143.409 221.225 4104.74 222.686 211.369
internal_count=36454 15204 21250 11278 7086 2770 4192 4316 3467 1294 2173 20993 3663 2087
is_linear=0
shrinkage=0.03


Tree=101
num_leaves=15
num_cat=0
split_feature=6 18 18 2 18 14 18 18 2 5 10 10 18 2
split_gain=15.598 17.0322 16.2599 12.3739 11.2897 16.2392 13.5998 11.5609 18.1665 15.6438 13.9853 26.4704 23.7383 20.2796
threshold=0.19669415019502348 7934.800000000002 1.5200000000000002 0.26995858927043298 99083.10000000002 40.500000000000007 112014.95000000003 2149.5250000000005 0.25762045846421255 0.14319264727061473 2538.0000000000005 1035.5000000000002 3644.1000000000004 0.26178915321282364
decision_type=2 2 2 2 2 2 2 2 2 2 2 2 2 2
left_child=1 -1 -2 -3 5 -4 -6 8 -7 -9 11 13 -13 -11
right_child=2 3 4 -5 6 7 -8 9 -10 10 -12 12 -14 -15
leaf_value=-0.00017676261432815127 -0.014014490467377726 -0.011143260869338176 0.017244109721905758 6.2507738448656488e-05 -0.019693904679712864 0.0012041997832132193 -0.0010966037820494151 -0.012610425083535565 -0.0072389947023892391 0.010170798342371173 0.0082362379286534306 0.012119759125326934 -0.0057477837192367919 -0.0039288478414112619
leaf_weight=635.44717863947153 66.157503895461559 306.51775046251714 60.426225554198027 124.79736099764705 36.685300230979919 1404.7660638839006 1001.9537023417652 52.855714965611696 274.10179867595434 386.83908649906516 476.01468123495579 79.593692243099213 420.31458004936576 120.37829610705376
leaf_count=4077 428 3280 314 846 234 8196 8371 319 1394 2576 2676 468 2539 656
internal_value=-4.67779e-05 -0.00329983 0.000745496 -0.00790097 0.000971852 0.00183609 -0.00175347 0.00154648 -0.000174286 0.00342731 0.00399886 0.00199607 -0.00290297 0.00682452
internal_weight=5446.85 1066.76 4380.09 431.315 4313.93 3275.29 1038.64 3214.86 1678.87 1536 1483.14 1007.13 499.908 507.217
internal_count=36374 8203 28171 4126 27743 19138 8605 18824 9590 9234 8915 6239 3007 3232
is_linear=0
shrinkage=0.03


Tree=102
num_leaves=15
num_cat=0
split_feature=0 8 8 0 8 18 18 17 19 0 8 8 2 12
split_gain=43.5661 27.6192 18.6334 23.9407 20.2688 16.9705 23.9841 23.7883 20.6712 17.9532 15.8212 15.7672 15.3916 14.3364
threshold=0.16603410614760419 14.500000000000002 28.500000000000004 0.26189530018919954 5.5000000000000009 5970.0000000000009 2149.5250000000005 23998.000000000004 2.687824354742181 0.24841999649493118 3.5000000000000004 142.50000000000003 0.29122532296920717 19.500000000000004
decision_type=2 2 2 2 2 2 2 2 2 2 2 2 2 2
left_child=1 -1 3 10 -5 6 12 -7 -8 -9 -2 -10 -4 -3
right_child=2 13 5 4 -6 7 8 9 11 -11 -12 -13 -14 -15
leaf_value=-0.014583415233486675 -0.0092312914103094904 0.0049789251183588552 0.00057032972420937482 0.015908478419522688 0.004695833909758973 -0.0050065494327093448 -0.0056880893920536061 0.0012556920396924992 0.017617477943002096 0.025924794515400668 0.0019884136033323715 -0.00044655952806286141 -0.014491021709180369 -0.0050055317089706172
leaf_weight=240.00546236149967 150.10202838853002 162.34781810827553 1488.9513281062245 180.32259227335453 742.72978311777115 910.24987780302763 66.047771118581295 83.893665879964828 181.06555740535259 38.844431951642036 459.04714879021049 57.23430211097002 63.677290365099907 638.32328381948173
leaf_count=4063 1434 1721 7693 807 3277 4964 349 582 871 173 2815 277 308 7149
internal_value=-0.000134199 -0.00565683 0.00116545 0.00383992 0.00688628 -0.000252499 0.00146212 -0.00333482 0.00916279 0.00906303 -0.000776263 0.0132789 -4.7375e-05 -0.00298104
internal_weight=5462.84 1040.68 4422.17 1532.2 923.052 2889.96 1856.98 1032.99 304.348 122.738 609.149 238.3 1552.63 800.671
internal_count=36483 12933 23550 8333 4084 15217 9498 5719 1497 755 4249 1148 8001 8870
is_linear=0
shrinkage=0.03


Tree=103
num_leaves=15
num_cat=0
split_feature=0 17 8 6 16 6 17 17 15 8 17 19 0 17
split_gain=36.0649 31.7039 25.191 22.3922 19.6613 12.766 12.5795 12.1534 12.0777 11.7786 22.0204 12.6152 14.9618 13.0039
threshold=0.23314243560525916 5002.5000000000009 4.5000000000000009 0.19772918689366967 7.9000000000000012 0.15024848655431225 60302.000000000007 0.95000000000000007 300.00000000000006 28.500000000000004 23998.000000000004 5.4674259375277803 0.33642051589364808 160.95000000000002
decision_type=2 2 2 2 2 2 2 2 2 2 2 2 2 2
left_child=1 3 -2 -1 -3 -4 -6 -5 -9 -7 11 13 -13 -11
right_child=2 4 5 7 6 9 -8 8 -10 10 -12 12 -14 -15
leaf_value=-0.0073569451869179275 0.014449021936461345 -0.018381630774961626 -0.018775108241171529 -0.010278190393352602 -0.010345029143131703 0.0047718949523050435 0.0068752930425960111 0.012076550828778284 0.00035713989995603257 0.0033343954432895357 0.022972321515974104 -0.0015104023502156498 -0.015656947527213146 -0.0027737184345664888
leaf_weight=421.30388220772147 148.65188141167164 167.07972603105009 26.934242233633995 91.51780841127038 98.815963404253125 915.73281433433294 62.217372061684728 83.413210842758417 1546.0336754471064 1012.6941485106945 38.888604387640953 307.48961585760117 86.134067535400391 454.4633959159255
leaf_count=4120 685 2981 143 770 1429 4113 404 629 12092 4770 173 1592 378 2278
internal_value=0.000194479 -0.00248801 0.00241006 -0.00115796 -0.011172 0.00178043 -0.00369173 0.000359599 0.00095707 0.00197708 0.000629847 0.00016291 -0.004606 0.00144236
internal_weight=5461.37 2470.38 2990.99 2142.27 328.113 2842.34 161.033 1720.96 1629.45 2815.4 1899.67 1860.78 393.624 1467.16
internal_count=36557 22425 14132 17611 4814 13447 1833 13491 12721 13304 9191 9018 1970 7048
is_linear=0
shrinkage=0.03


Tree=104
num_leaves=15
num_cat=0
split_feature=0 8 12 0 6 8 0 2 8 18 17 2 17 6
split_gain=37.9527 19.1678 19.6649 16.5041 15.6811 14.7503 15.9204 15.7349 15.3253 14.2078 18.5952 15.0825 17.7972 12.9555
threshold=0.16631386113845409 21.500000000000004 8.5000000000000018 0.036948057133733371 0.32023878736442962 15.500000000000002 0.25730106448186912 0.14866811954639844 3.5000000000000004 1084.6000000000001 16812.250000000004 0.14403336474795495 160.95000000000002 0.22525239362765487
decision_type=2 2 2 2 2 2 2 2 2 2 2 2 2 2
left_child=1 2 -1 -3 -4 6 7 -2 -8 -5 11 12 -11 -13
right_child=5 3 4 9 -6 -7 8 -9 -10 10 -12 13 -14 -15
leaf_value=0.015933849761597441 -0.013944662183556448 -0.02561922659970689 -0.013647638701721553 -0.0077031427664965941 0.02817751706359993 0.00025337142816650438 0.018303799609746298 0.0024535964694268335 0.0053483265337343558 0.067344095075022772 -0.01728982240515228 -8.2415331385829845e-05 0.011562328089373304 0.016279589498127803
leaf_weight=23.186474326997995 64.23273579403758 26.120036721229553 330.0439655855298 210.75114698708057 8.2697423547506315 3442.7025875449181 98.964452460408211 292.39770058169961 484.40090279281139 6.7564266994595554 41.700662350282073 319.37279002740979 21.618759760633111 50.431047584861517
leaf_count=319 629 685 5209 1919 111 18012 447 2066 2110 68 820 3080 369 423
internal_value=-5.89675e-05 -0.0052163 -0.0107935 -0.00223712 -0.0126253 0.00116279 0.00449351 -0.000499895 0.00754615 -0.00129843 0.00177014 0.00376626 0.0248445 0.00214891
internal_weight=5420.95 1038.25 361.5 676.751 338.314 4382.7 939.996 356.63 583.365 650.631 439.88 398.179 28.3752 369.804
internal_count=36267 13003 5639 7364 5320 23264 5252 2695 2557 6679 4760 3940 437 3503
is_linear=0
shrinkage=0.03


Tree=105
num_leaves=15
num_cat=0
split_feature=0 0 8 1 17 14 15 0 8 15 8 16 14 5
split_gain=28.3615 15.6247 15.1352 15.0692 14.8051 19.9505 24.1227 11.8439 11.3176 11.9044 11.0875 12.0701 14.9778 12.9369
threshold=0.10793044585584659 0.31731833274178689 19.500000000000004 0.30896550494407699 2778.0000000000005 1367.5000000000002 11110.000000000002 0.063354340628322389 9.5000000000000018 5769.0000000000009 225.50000000000003 2.6500000000000008 1379.5000000000002 0.17337766288537609
decision_type=2 2 2 2 2 2 2 2 2 2 2 2 2 2
left_child=2 -2 -1 8 5 6 -4 -7 9 -3 11 -5 -13 -14
right_child=1 3 4 10 -6 7 -8 -9 -10 -11 -12 12 13 -15
leaf_value=-0.020170425888912484 -0.00074514836412745123 -0.00080906440313029604 0.052072581442921553 -0.0044635946937989527 -0.017389828835089563 -0.021735480752795779 -0.0026067251665673544 0.0005289508179915079 0.0043344851144331677 0.01963980872286104 -0.019703061255244701 0.015101750278655925 -0.011897318338667296 0.0036436561612896204
leaf_weight=84.417567482218146 3848.0140898413956 34.824415951967239 13.383208166807892 252.22364890575409 60.451187551021576 29.484136432409286 15.87465128675103 79.446004077792168 490.92557789385319 96.958273634314537 24.735888123512268 84.776231735944748 57.984917759895325 285.90111170709133
leaf_count=1654 25447 150 170 1090 1640 543 217 1097 2173 424 111 358 244 1209
internal_value=-0.000282397 0.00022324 -0.00952913 0.00302855 -0.0050068 0.000410227 0.0224048 -0.00549737 0.00642994 0.0142361 2.68316e-05 0.000743598 0.0038075 0.00102319
internal_weight=5459.4 5176.34 283.057 1328.33 198.639 138.188 29.2579 108.93 622.708 131.783 705.622 680.886 428.662 343.886
internal_count=36527 31206 5321 5759 3667 2027 387 1640 2747 574 3012 2901 1811 1453
is_linear=0
shrinkage=0.03


Tree=106
num_leaves=15
num_cat=0
split_feature=0 8 18 18 14 19 17 6 3 15 7 0 6 6
split_gain=28.6185 23.1845 15.667 22.6396 22.2668 17.9222 13.1023 12.8739 13.0232 12.047 11.9403 11.9274 12.6838 11.5392
threshold=0.13525713958659255 14.500000000000002 52150.150000000001 35815.120000000003 84.500000000000014 4.9519457354750509 0.8500000000000002 0.30555408933920575 0.38317195383612712 12303.000000000002 0.21436424246970343 0.10331606686480477 0.21851127728150785 0.1709616624934637
decision_type=2 2 2 2 2 2 2 2 2 2 2 2 2 2
left_child=1 -1 3 4 -3 -6 13 8 -8 11 -9 12 -7 -2
right_child=6 2 -4 -5 5 9 7 10 -10 -11 -12 -13 -14 -15
leaf_value=-0.017850528545163228 0.0082586900695897671 0.042664763839913522 -0.011091418180230754 0.036969892644093234 -0.0075522685921474257 -0.024958425745621279 0.00068512083114982453 0.018503414110913132 -0.025120205214701007 -0.0058980032762622567 0.0020360223461870835 0.034597893719228182 0.029658927866996563 -0.0077423989764139212
leaf_weight=129.15248025767505 47.601378347724676 10.046068191528319 151.18335749395192 14.844023309648035 186.59345081821084 8.1612162105739099 4383.859289849177 70.252440355718136 17.672094952315092 23.66895455121994 90.910049699246883 23.655547231435776 7.2053059898316851 274.28117636591196
leaf_count=2428 315 96 2944 186 2134 133 25186 332 101 276 425 199 98 1638
internal_value=-0.000259448 -0.00671808 -0.0033379 0.000937484 -0.001125 -0.00288971 0.000473753 0.000886439 0.000581513 0.0109879 0.00921433 0.0212301 0.000651451 -0.00537609
internal_weight=5439.09 554.51 425.358 274.175 259.331 249.284 4884.58 4562.69 4401.53 62.691 161.162 39.0221 15.3665 321.883
internal_count=36491 8494 6066 3122 2936 2840 27997 26044 25287 706 757 430 231 1953
is_linear=0
shrinkage=0.03


Tree=107
num_leaves=15
num_cat=0
split_feature=17 10 1 18 18 19 18 18 19 5 18 2 19 17
split_gain=16.5906 12.8941 15.3028 13.1583 13.0626 17.4988 13.0021 12.8198 12.5175 11.1236 10.731 10.1142 9.58037 12.1061
threshold=3796.3500000000008 3162.5000000000005 0.12420206716826203 3147030.0000000005 35815.120000000003 1.9599955875386617 7091118.7500000009 0.54500000000000015 7.0929476064343975 0.24366391798326786 800.5400000000003 0.18425252272137868 1.9599955875386617 708.50000000000011
decision_type=2 2 2 2 2 2 2 2 2 2 2 2 2 2
left_child=7 2 -2 -3 -4 -6 -5 -1 9 11 -10 12 -9 -14
right_child=1 3 4 6 5 -7 -8 8 10 -11 -12 -13 13 -15
leaf_value=-0.013428869692188691 -0.01508166799795242 -0.027254302524588141 -0.028039567410712261 0.021608418204817906 0.035367757957425708 -0.0012104315894984931 -0.021571530437517715 -0.0081537061518321303 -0.023217854547591711 -0.0017821523266504579 -0.0026848525646638996 0.0014838389740738406 0.013035093287001632 -0.0042062156654811651
leaf_weight=59.452304918318987 83.876560788601637 42.779380464926362 15.733072780072687 12.602885734289886 12.094060000032185 440.40573104470968 12.501950601115821 30.688422217965126 23.883989207446575 903.39624048396945 560.25624659471214 3005.2997024618089 188.08805714920163 45.524053629487753
leaf_count=427 2086 436 101 99 94 3616 121 262 193 5428 4069 17628 1401 489
internal_value=-0.000178873 -0.00479806 -0.00328103 -0.0171362 -0.00116713 -0.000232798 0.000105247 0.000415711 0.000588734 0.00116449 -0.00352439 0.00197866 0.00760512 0.00967527
internal_weight=5436.58 619.994 552.109 67.8842 468.233 452.5 25.1048 4816.59 4757.14 4173 584.14 3269.6 264.301 233.612
internal_count=36450 6553 5897 656 3811 3710 220 29897 29470 25208 4262 19780 2152 1890
is_linear=0
shrinkage=0.03


Tree=108
num_leaves=15
num_cat=0
split_feature=0 18 8 0 0 8 8 1 0 2 3 4 14 0
split_gain=24.0422 17.0565 14.5367 14.3895 12.2877 23.4037 15.539 15.2031 14.1495 12.5423 12.1537 10.4679 11.418 9.98347
threshold=0.13525713958659255 1412951.0700000001 14.500000000000002 0.036948057133733371 0.28694576888018403 4.5000000000000009 4.5000000000000009 0.10251276980112689 0.21527890323106538 0.26995858927043298 0.31926513478612611 0.16603410614760419 1558.0000000000002 0.48567936752641289
decision_type=2 2 2 2 2 2 2 2 2 2 2 2 2 2
left_child=1 2 -1 -4 6 -6 8 -8 -2 -10 13 12 -5 -7
right_child=4 -3 3 11 5 10 7 -9 9 -11 -12 -13 -14 -15
leaf_value=-0.013958794497218771 -0.014747662324844512 -0.019171522673168732 -0.024548510678731896 0.041190292819054182 0.015833018895040334 0.0015360177775851707 0.023514806508759468 -5.7491260307381325e-05 -0.00622484647393783 0.016942263818963951 -0.010067730194265849 -0.0014955175611225868 0.0051936257061494465 0.0094914968976862399
leaf_weight=100.35896326601505 125.50217008218169 75.705719619989395 22.125439243391156 10.757264662533997 113.84557169675827 1424.1903645172715 24.837755981832743 2871.3653779365122 76.237169072031975 29.044174745678902 74.529612705111504 307.64671079255641 30.181922135874629 157.68716558814049
leaf_count=1716 1899 1935 598 119 532 6376 212 17422 458 145 332 3724 375 651
internal_value=1.21956e-05 -0.00595431 -0.00383017 -0.00108815 0.000678355 0.00267558 -0.000452313 0.000144664 -0.00794404 0.000166311 0.00177126 0.000400927 0.0146522 0.00232905
internal_weight=5444.02 546.776 471.07 370.711 4897.24 1770.25 3126.99 2896.2 230.784 105.281 1656.41 348.586 40.9392 1581.88
internal_count=36494 8467 6532 4816 28027 7891 20136 17634 2502 603 7359 4218 494 7027
is_linear=0
shrinkage=0.03


Tree=109
num_leaves=15
num_cat=0
split_feature=0 6 15 16 6 17 17 17 9 17 17 9 14 17
split_gain=23.766 16.4876 14.6726 12.304 19.8035 19.5992 16.8712 15.2817 13.7219 13.2777 12.7882 12.6422 19.6199 17.679
threshold=0.14696646821473822 0.14477736895612639 3803.0000000000005 5.8000000000000007 0.29129259199991514 14615.600000000002 23.700000000000006 11005.000000000002 44.500000000000007 5.4500000000000011 2.8500000000000001 267.50000000000006 3480.0000000000005 16.250000000000004
decision_type=2 2 2 2 2 2 2 2 2 2 2 2 2 2
left_child=2 -2 -1 5 8 7 10 -3 -5 -10 -6 12 13 -11
right_child=1 3 -4 4 6 -7 -8 -9 9 11 -12 -13 -14 -15
leaf_value=0.0042877871496968846 -0.016492964547834024 -0.00048544383019341353 -0.0074042559284381694 0.0067634707226929981 0.019782502067843776 -0.013021116285168118 0.029079914074179251 0.022014100570523443 -0.0036033250231505328 -0.0038550093326256613 -0.0095165874959804338 -0.00051250783327771022 0.0017187692420032846 0.018229764370595956
leaf_weight=116.13536597974598 50.723437964916229 2225.9013696908951 574.20368048921227 392.28410761803389 25.089221552014351 112.87265802547336 44.536733984947205 27.504218745976686 497.56360852718353 41.888671800494194 28.795033551752567 737.6667655557394 421.42263681814075 147.46885135397315
leaf_count=1581 351 12592 8297 2237 114 979 207 206 2736 203 126 4013 2163 761
internal_value=-0.000235875 0.000519482 -0.00543731 0.000702968 0.00224711 -0.00082188 0.0154177 -0.000210823 0.00166798 0.000585168 0.00412546 0.00213068 0.00532298 0.0133443
internal_weight=5444.06 4753.72 690.339 4702.99 2336.72 2366.28 98.421 2253.41 2238.29 1846.01 53.8843 1348.45 610.78 189.358
internal_count=36566 26688 9878 26337 12560 13777 447 12798 12113 9876 240 7140 3127 964
is_linear=0
shrinkage=0.03


Tree=110
num_leaves=15
num_cat=0
split_feature=0 8 0 8 17 16 17 17 17 0 10 18 18 10
split_gain=30.1223 20.0871 17.5083 27.895 13.4887 12.8701 13.9081 21.6679 29.8316 17.6991 17.5762 13.4268 17.0904 14.7997
threshold=0.10793044585584659 18.500000000000004 0.28312627929070594 3.5000000000000004 2778.0000000000005 4.8500000000000005 260.75000000000006 147.05000000000004 180.20000000000002 0.19590853503065989 2781.0000000000005 2149.5250000000005 3644.1000000000004 571.50000000000011
decision_type=2 2 2 2 2 2 2 2 2 2 2 2 2 2
left_child=1 -1 5 -4 -3 6 7 -2 9 -9 -10 -7 13 -13
right_child=2 4 3 -5 -6 11 -8 8 10 -11 -12 12 -14 -15
leaf_value=-0.022725588960083965 -0.0020988815251481168 0.0004555471547378774 0.020212187534488349 0.0021228375419075048 -0.016584499806727916 -0.0015090756304003035 -0.0060900087325234326 0.0065987501977562259 -0.010980363138140747 0.045552922004306266 0.019925917780340797 -0.0088834674376021289 0.0022506817209397931 0.021416417966935202
leaf_weight=75.92250675521791 806.64016030728817 140.80504120513797 80.148202821612358 1794.961378403008 59.466668628156185 884.55735348910093 643.17718852683902 16.793583881109953 47.330930832773447 28.000020481646061 25.473352119326591 17.845745764672756 731.63509194925427 77.573448594659567
leaf_count=1563 5232 2100 374 8046 1707 5364 5445 131 323 145 153 121 5343 438
internal_value=6.66102e-05 -0.00958552 0.000583838 0.00289603 -0.00460415 -0.00073839 -0.00270243 -0.000345012 0.0116853 0.0309486 -0.000166623 0.00106019 0.00380808 0.0157496
internal_weight=5430.33 276.194 5154.14 1875.11 200.272 3279.03 1567.42 924.238 117.598 44.7936 72.8043 1711.61 827.054 95.4192
internal_count=36485 5370 31115 8420 3807 22695 11429 5984 752 276 476 11266 5902 559
is_linear=0
shrinkage=0.03


Tree=111
num_leaves=15
num_cat=0
split_feature=0 8 0 8 8 0 6 0 15 18 8 9 1 15
split_gain=22.9032 15.14 15.0623 23.6027 15.65 14.0721 12.6917 14.7639 15.1901 12.018 11.6372 11.344 10.9147 10.6563
threshold=0.10793044585584659 14.500000000000002 0.26189530018919954 4.5000000000000009 6.5000000000000009 0.19635279396038643 0.19175238252044988 0.036948057133733371 5764.5000000000009 6248.7500000000009 172.50000000000003 135.50000000000003 0.20445055753956606 5749.5000000000009
decision_type=2 2 2 2 2 2 2 2 2 2 2 2 2 2
left_child=1 -1 4 13 5 -2 -3 -8 -9 10 11 -10 -6 -4
right_child=2 6 3 -5 12 -7 7 8 9 -11 -12 -13 -14 -15
leaf_value=-0.023901006446598459 -0.013849166388893006 -0.017694523052702599 -0.0034234387635137392 0.00096063108466924046 0.0013468475160877918 -0.00073729208636264985 -0.031398393436569458 0.019525851883742382 -0.00060204506406372649 -0.01205259179020059 -0.025299089419154614 0.029895679359130602 -0.0026623617060511167 0.018776486084767698
leaf_weight=50.061903137713671 167.38939997553825 58.305585350841284 24.201445698738098 2262.2059986442327 1136.278986947611 131.56892043352127 13.578631186857818 32.257056104019284 24.23701374605298 67.402965409681201 8.402086675167082 20.063124354928732 1322.3363633751869 99.330323442816734
leaf_count=1078 2686 1426 113 10410 8696 777 355 515 330 1289 123 259 8003 462
internal_value=-0.000537956 -0.00898426 -8.74891e-05 0.00165792 -0.00159755 -0.00807875 -0.00565417 -0.00142362 0.00124775 -0.00366126 0.00707074 0.0132101 -0.000809457 0.0144272
internal_weight=5417.62 274.308 5143.31 2385.74 2757.57 298.958 224.246 165.941 152.362 120.105 52.7022 44.3001 2458.62 123.532
internal_count=36522 5375 31147 10985 20162 3463 4297 2871 2516 2001 712 589 16699 575
is_linear=0
shrinkage=0.03


Tree=112
num_leaves=15
num_cat=0
split_feature=0 17 17 14 8 12 5 18 6 1 14 8 17 17
split_gain=21.767 21.4307 20.9348 20.3886 17.7005 16.9679 16.8914 14.9616 20.1577 15.8204 15.593 17.6215 16.5403 17.5542
threshold=0.23314243560525916 5002.5000000000009 28347.500000000004 3480.0000000000005 5.5000000000000009 232.00000000000003 0.24284640653880882 8713.9500000000025 0.19669415019502348 0.36168676739993805 11048.000000000002 26.500000000000004 28.200000000000006 32.650000000000013
decision_type=2 2 2 2 2 2 2 2 2 2 2 2 2 2
left_child=1 5 -3 -4 -2 6 -1 10 9 -9 11 -6 -12 -14
right_child=4 2 3 -5 7 -7 -8 8 -10 -11 12 -13 13 -15
leaf_value=0.0019053668163694787 0.010638566982254139 -0.015834948981794189 -0.0215528147006998 0.0065557540838810336 0.013293440978592724 -0.0062821022647568765 -0.0054232404088360728 -0.015218452873767099 0.0001922676588327223 0.0065317505343852108 -0.0039759897089333375 0.0032803031175879034 0.027598704634325299 0.0027289133536909354
leaf_weight=1321.6603109184653 186.89341825246811 186.67112212255597 30.431775655597448 98.068760167807341 208.64266818761826 439.87190406769514 360.19212988205254 145.01974090188742 925.57819405943155 37.980127736926079 447.41222347319126 653.96647965908051 27.510881453752518 357.16793842613697
leaf_count=10881 858 3128 655 1018 922 3731 2996 746 4439 163 2112 3094 127 1673
internal_value=-1.58872e-05 -0.00212048 -0.00941996 -0.000100978 0.00169929 -0.00103618 0.000335843 0.00110331 -0.00160651 -0.0107044 0.00287592 0.00570222 -5.40342e-05 0.00450751
internal_weight=5427.07 2436.9 315.172 128.501 2990.17 2121.72 1681.85 2803.28 1108.58 183 1694.7 862.609 832.091 384.679
internal_count=36543 22409 4801 1673 14134 17608 13877 13276 5348 909 7928 4016 3912 1800
is_linear=0
shrinkage=0.03


Tree=113
num_leaves=15
num_cat=0
split_feature=0 8 18 9 0 14 9 0 11 14 9 18 18 7
split_gain=23.3017 20.1767 13.1603 12.2724 12.0643 12.2316 12.4505 11.2537 11.0367 10.9936 19.7867 17.5768 9.64735 9.12052
threshold=0.10793044585584659 19.500000000000004 0.54500000000000015 106.50000000000001 0.072248106031800777 3010.5000000000005 78.500000000000014 0.48567936752641289 1.5000000000000002 342.50000000000006 267.50000000000006 20080.720000000005 2713663.6000000006 0.2174771704741765
decision_type=2 2 2 2 2 2 2 2 2 2 2 2 2 2
left_child=1 -1 3 -2 8 6 -6 13 -3 -9 11 -11 -13 -4
right_child=2 4 7 -5 5 -7 -8 9 -10 10 -12 12 -14 -15
leaf_value=-0.02155428584132759 0.0062848353320501356 0.0053616538225979751 0.0013281488456949818 -0.022930721935879934 0.050597862156454898 -0.0027192935449789268 0.0074566971403613319 0.027171605306353302 -0.017308691210863529 0.022522116590794936 -0.018926303731891424 -0.011502779641116472 0.012897025066077181 -0.0014127396555710132
leaf_weight=76.45495792105794 19.073956586420536 26.7882822714746 3297.4992250092328 40.240180913358927 8.6217240411788243 72.127739809453487 19.956891648471355 23.979956910014153 69.390362935140729 55.91193525493145 25.132919862866402 33.613350927829742 25.761243849992752 1634.1216078847647
leaf_count=1625 129 656 20067 287 130 1036 259 105 1687 232 101 138 105 9968
internal_value=6.12363e-05 -0.00847458 0.000513812 -0.0135357 -0.00339543 0.00386189 0.0204717 0.000677339 -0.0109944 0.00839877 0.00519286 0.0104509 -0.000916277 0.000419939
internal_weight=5428.67 273.34 5155.33 59.3141 196.885 100.706 28.5786 5096.02 96.1786 164.399 140.419 115.287 59.3746 4931.62
internal_count=36525 5393 31132 416 3768 1425 389 30716 2343 681 576 475 243 30035
is_linear=0
shrinkage=0.03


Tree=114
num_leaves=15
num_cat=0
split_feature=0 18 18 7 12 8 18 12 13 0 8 0 8 0
split_gain=29.1728 15.7305 19.1034 14.7735 14.5948 15.5732 13.2857 11.9868 10.5698 10.0209 9.19204 16.2622 11.8651 10.5388
threshold=0.16603410614760419 1412951.0700000001 1884.7500000000002 0.2174771704741765 95.500000000000014 12.500000000000002 2245.7200000000007 5.5000000000000009 4.5000000000000009 0.093856900298591991 14.500000000000002 0.22232424410987014 2.5000000000000004 0.17937418674298503
decision_type=2 2 2 2 2 2 2 2 2 2 2 2 2 2
left_child=1 2 -1 7 6 -6 -4 -2 -8 -7 11 13 -13 -9
right_child=3 -3 4 -5 5 9 8 10 -10 -11 -12 12 -14 -15
leaf_value=-0.0090505385351828879 -0.0095268200547057834 -0.015269730678744733 0.036461838933148437 -0.0013637927295416588 -0.021919396539110354 -0.01504150983565679 0.0067366513226618701 0.02216850509835026 -0.0043590533620531868 0.0018170610111783217 0.0017960294752616952 0.024425183410812904 0.007442163059158232 -0.0048683651152723623
leaf_weight=324.52369359321892 74.866651322692633 109.60917607881129 10.916050821542738 1455.1624588146806 43.990898467600346 41.067938966676593 219.8422178234905 14.319070838391779 119.14330167323351 139.60345094278455 2329.390418574214 41.070825636386871 375.76402468979359 138.2723018117249
leaf_count=3352 404 2622 112 7821 778 867 2547 143 1482 1211 12111 184 1706 1213
internal_value=6.44309e-05 -0.00453998 -0.00323189 0.00111311 5.45768e-05 -0.00591247 0.00388586 0.00232518 0.00283684 -0.00201502 0.00263128 0.00604807 0.0091155 -0.00233124
internal_weight=5437.54 1008.7 899.088 4428.85 574.564 224.662 349.902 2973.68 338.986 180.671 2898.82 569.426 416.835 152.591
internal_count=36553 12971 10349 23582 6997 2856 4141 15761 4029 2078 15357 3246 1890 1356
is_linear=0
shrinkage=0.03


Tree=115
num_leaves=15
num_cat=0
split_feature=0 17 12 8 8 17 14 6 7 6 12 15 12 8
split_gain=26.8197 21.8465 13.173 12.7056 15.0809 13.8673 13.7573 11.6391 11.1099 12.0725 10.5582 10.1593 11.1944 10.8935
threshold=0.16603410614760419 708.50000000000011 19.500000000000004 28.500000000000004 57.500000000000007 542.70000000000016 1202.5000000000002 0.13139761396770755 0.2174771704741765 0.29865779038195134 33.500000000000007 1385.0000000000002 42.500000000000007 98.500000000000014
decision_type=2 2 2 2 2 2 2 2 2 2 2 2 2 2
left_child=1 2 -1 10 6 -6 -5 -2 9 -9 -4 12 -3 -13
right_child=7 11 3 4 5 -7 -8 8 -10 -11 -12 13 -14 -15
leaf_value=0.0058817341160944444 -0.01442990990978104 0.015631593108325289 0.0030858389239086107 0.036826449897738769 -0.0054009878375826546 0.027832072267194214 0.0049709508985207795 0.0014909400511616245 -0.0013267777296126801 0.011041965686933861 -0.012768958852268886 -0.018049178361886162 -0.021477598919482661 -0.0033378923291483256
leaf_weight=149.26070087403059 45.408428136259317 22.332702849060297 47.484023347496986 14.927757903933523 255.92477304115891 11.822416357696055 66.803560234606266 2804.0695619713515 1433.3213986009359 124.39111239463091 185.38932367414236 175.18550422228873 10.880512645468114 61.101247787475586
leaf_count=1458 297 396 594 127 2264 95 635 14945 7694 565 2584 3578 213 979
internal_value=-0.000326792 -0.00475938 -0.00206965 -0.00410764 -0.000490418 -0.00393358 0.0107892 0.000680089 0.000837392 0.00189664 -0.00953609 -0.0120612 0.00347477 -0.014245
internal_weight=5408.3 1001.11 731.613 582.352 349.479 267.747 81.7313 4407.19 4361.78 2928.46 232.873 269.5 33.2132 236.287
internal_count=36424 12923 7757 6299 3121 2359 762 23501 23204 15510 3178 5166 609 4557
is_linear=0
shrinkage=0.03


Tree=116
num_leaves=15
num_cat=0
split_feature=0 8 14 8 17 19 16 7 14 16 6 17 17 0
split_gain=23.4489 21.0655 14.3738 22.2869 22.8754 12.7523 12.9184 10.4509 10.0806 9.76062 20.2388 13.9389 24.1833 13.5577
threshold=0.13525713958659255 13.500000000000002 1367.5000000000002 165.00000000000003 1580.7000000000003 5.080471045847796 1.9500000000000002 0.21861791036141368 3480.0000000000005 5.8000000000000007 0.29129259199991514 14615.600000000002 11005.000000000002 0.47102504204593448
decision_type=2 2 2 2 2 2 2 2 2 2 2 2 2 2
left_child=1 -1 3 4 5 7 -7 -3 -4 11 13 12 -2 -11
right_child=9 2 8 -5 -6 6 -8 -9 -10 10 -12 -13 -14 -15
leaf_value=-0.017860529787003775 -0.00041469430778309617 -0.011349828248471359 -0.016248776691050598 0.058039206867859197 -0.021075556513229718 0.044019464098775732 0.0061759835651328419 0.025076728750069124 -0.0032263719422054001 0.00098677280289899958 0.01507901020379347 -0.010729981421962005 0.026216460658824561 0.011050888677012521
leaf_weight=105.72958053648472 2309.4412316642702 23.763213593512774 67.628590680658817 7.1746799834072581 25.399408718571067 16.879876855760813 15.640718866139649 10.102044168859718 256.0614461414516 2189.977186691016 103.82776676863432 115.65286460146308 31.101956710219383 127.48233413696289
leaf_count=2207 13410 255 1224 84 628 186 178 101 3607 12273 482 1081 227 524
internal_value=0.000118961 -0.00588413 -0.00288813 0.00711767 0.00313723 0.0124011 0.0258187 -0.000483746 -0.00594714 0.000769278 0.00212095 -0.000563181 -6.08102e-05 0.00154039
internal_weight=5405.86 528.38 422.65 98.9599 91.7853 66.3859 32.5206 33.8653 323.69 4877.48 2421.29 2456.2 2340.54 2317.46
internal_count=36467 8470 6263 1432 1348 720 364 356 4831 27997 13279 14718 13637 12797
is_linear=0
shrinkage=0.03


Tree=117
num_leaves=15
num_cat=0
split_feature=17 18 6 7 15 19 14 5 13 19 4 19 8 5
split_gain=14.8077 12.3847 11.6928 11.0677 11.8434 9.81234 9.63177 8.84572 8.6279 8.4581 7.88662 9.91806 7.87441 7.87299
threshold=160640.00000000003 0.54500000000000015 0.14477736895612639 0.21436424246970343 11120.500000000002 5.5844356993904496 367.50000000000006 0.15244476275903185 2.5000000000000004 7.0929476064343975 0.2753006241198564 6.9393023839181485 3.5000000000000004 0.27165629313072664
decision_type=2 2 2 2 2 2 2 2 2 2 2 2 2 2
left_child=1 6 5 7 -5 -3 -1 -4 -7 10 11 -6 -11 -12
right_child=-2 2 3 4 9 8 -8 -9 -10 12 13 -13 -14 -15
leaf_value=0.010791062407216721 -0.024545726222694544 -0.023246146955398946 -0.0055501133242194332 0.0012195074385372444 -0.0028004406514262115 0.01977236828349967 -0.019304107584816196 0.0027040461099210357 -0.016252743998791987 0.0087114077376685955 0.0024453444934651033 0.018804717554892138 -0.011089052542993538 0.024140808513319983
leaf_weight=11.962492506951092 21.704049125313759 34.218463633209467 123.96085249632597 1590.5984143335372 1152.8835935164243 11.990086095407607 47.873958365991712 2037.0986247118562 11.943004759028552 20.504496317356825 105.24317578785121 19.445475276559591 152.64305359125137 17.566382195800543
leaf_count=91 434 319 839 10582 7587 102 396 13443 132 186 711 137 1129 107
internal_value=0.000183655 0.000284204 0.000438063 0.000587099 -0.000573997 -0.01294 -0.0132875 0.00223058 0.00179525 -0.0025169 -0.00168437 -0.00244207 -0.00874424 0.00554861
internal_weight=5359.64 5337.93 5278.1 5219.94 3058.88 58.1516 59.8365 2161.06 23.9331 1468.29 1295.14 1172.33 173.148 122.81
internal_count=36195 35761 35274 34721 20439 553 487 14282 234 9857 8542 7724 1315 818
is_linear=0
shrinkage=0.03


Tree=118
num_leaves=15
num_cat=0
split_feature=0 8 1 6 17 17 2 8 12 7 6 14 9 6
split_gain=21.7257 29.139 17.3585 12.3514 11.8689 17.9864 26.9608 11.6059 10.9953 10.9034 10.3628 15.2416 14.8767 20.9977
threshold=0.28694576888018403 5.5000000000000009 0.077138883767886288 0.16165212377970847 680.55000000000007 588.50000000000011 0.20941842537336405 4.5000000000000009 57.500000000000007 0.22859489927378843 0.22171847164619296 357.50000000000006 358.00000000000006 0.18885325724401872
decision_type=2 2 2 2 2 2 2 2 2 2 2 2 2 2
left_child=2 -2 -1 -3 5 -4 8 -6 -7 -9 12 -12 -5 -14
right_child=1 3 4 10 7 6 -8 9 -10 -11 11 -13 13 -15
leaf_value=-0.015223749630042322 0.01608752414437907 -0.02224541641598168 -0.00025991573817645512 0.0024907650604038063 -0.01516384232955518 0.017191732222605772 -0.0046376981713086279 -0.0035170415476396539 0.054206150541231374 0.01759109610437087 0.0086331360223027721 -0.0029123064737016798 0.03110741870429164 0.0057114549480415267
leaf_weight=77.373628076165915 138.89395813643932 19.052675008773804 2674.5007588453591 769.86780451238155 76.232119610533118 13.506773095577957 27.060284588485956 727.02255910262465 15.524939458817242 22.712566001340747 126.53308320045471 551.17319002747536 41.171939596533775 101.62613704800606
leaf_count=2174 649 94 18065 3406 1060 95 178 6665 111 208 528 2465 193 468
internal_value=0.000155763 0.00290368 -0.00116629 0.00176591 -0.000860464 9.26941e-05 0.0169053 -0.00401154 0.0369855 -0.00287759 0.00205357 -0.000756682 0.00414034 0.0130337
internal_weight=5382.25 1748.32 3633.93 1609.42 3556.56 2730.59 56.092 825.967 29.0317 749.735 1590.37 677.706 912.666 142.798
internal_count=36359 7803 28556 7154 26382 18449 384 7933 206 6873 7060 2993 4067 661
is_linear=0
shrinkage=0.03


Tree=119
num_leaves=15
num_cat=0
split_feature=0 17 14 16 10 19 8 6 18 0 12 17 9 18
split_gain=20.4677 19.3539 19.9155 15.8049 15.3177 15.1369 14.6967 14.6673 13.0421 12.5594 12.9817 11.7717 13.784 13.5955
threshold=0.23314243560525916 5002.5000000000009 18528.500000000004 21.350000000000005 1262.5000000000002 2.8124057073926041 8.5000000000000018 0.17177067789669123 9531990.6500000004 0.47102504204593448 14.500000000000002 23998.000000000004 94.500000000000014 8713.9500000000025
decision_type=2 2 2 2 2 2 2 2 2 2 2 2 2 2
left_child=1 3 -3 7 5 -4 9 -1 -7 10 -2 13 -13 -8
right_child=6 2 4 -5 -6 8 11 -9 -10 -11 -12 12 -14 -15
leaf_value=-0.0087989209986146476 -0.0085839942545923344 -0.017108919756890079 0.029049123887119801 0.028545743515468878 -0.027195290844494936 -0.013141751359050498 0.0020905197904033447 -0.00060097613453319776 0.0067427118664014612 0.028148125983786888 0.0083582381048758047 0.00060087918853588419 0.031183638711178227 -0.0024140714938625449
leaf_weight=219.42505359463394 48.114372834563255 150.06633040122688 16.072234455496073 15.918456580489872 18.77935728803277 52.711979376152158 1626.0056481212378 1873.3997982442379 67.962713312357664 24.279840588569641 264.26447810232639 28.874840602278709 24.533062756061554 958.46793399751186
leaf_count=2173 217 2917 157 181 243 897 7620 15195 591 109 1190 137 113 4674
internal_value=-0.000204304 -0.0022565 -0.00931231 -0.00123399 -0.00178941 0.00169956 0.00146139 -0.0014605 -0.00194303 0.00736415 0.0057487 0.000708056 0.0146492 0.000419964
internal_weight=5388.88 2414.34 305.593 2108.74 155.526 136.747 2974.54 2092.82 120.675 336.659 312.379 2637.88 53.4079 2584.47
internal_count=36414 22354 4805 17549 1888 1645 14060 17368 1488 1516 1407 12544 250 12294
is_linear=0
shrinkage=0.03


Tree=120
num_leaves=15
num_cat=0
split_feature=0 15 4 16 18 18 18 2 1 6 6 6 1 18
split_gain=17.6744 18.5956 16.0785 12.1996 20.6218 23.5321 21.0733 19.4033 19.006 15.9251 13.8616 15.815 12.6699 11.3002
threshold=0.1055911687814914 5764.5000000000009 0.16631386113845409 5.8000000000000007 6556.1600000000008 25768.090000000004 4515.4500000000016 0.25960225852924085 0.24075756094456346 0.21657014879887826 0.28450007573471353 0.40771936245467766 0.1452312419881597 21622.300000000003
decision_type=2 2 2 2 2 2 2 2 2 2 2 2 2 2
left_child=1 2 -1 4 6 9 -2 8 -8 -6 12 -12 -5 -11
right_child=3 -3 -4 10 5 -7 7 -9 -10 13 11 -13 -14 -15
leaf_value=0.047046610951281841 0.00076155591616260479 -0.012278888105770182 0.00091677295841865981 0.0099638684480458616 -0.020416048318927276 -0.0010606174048854034 0.022323805843942664 0.03333552368993186 -0.0073702534969770517 -0.0037261635261082371 0.01876386592592463 -0.0083179181831025614 0.0010305711356585776 -0.022377053875487971
leaf_weight=7.922645602375268 1062.995719332248 185.87269861996174 48.000858521088958 152.35679716803133 96.041868921369314 1055.3717000130564 35.725399617105722 34.040888763964176 42.452062264084816 227.19825697317719 84.008631478995085 25.236933153122663 2298.751941325143 33.554759815335274
leaf_count=145 6053 3880 933 1387 613 7832 231 171 210 1294 413 124 12882 218
internal_value=0.000211391 -0.00771547 0.00745196 0.000583726 -0.000869076 -0.00331234 0.00206681 0.0144309 0.00619929 -0.00997276 0.00205186 0.0125077 0.00158585 -0.00612624
internal_weight=5389.53 241.796 55.9235 5147.73 2587.38 1412.17 1175.21 112.218 78.1775 356.795 2560.35 109.246 2451.11 260.753
internal_count=36386 4958 1078 31428 16622 9957 6665 612 441 2125 14806 537 14269 1512
is_linear=0
shrinkage=0.03


Tree=121
num_leaves=15
num_cat=0
split_feature=0 8 17 11 16 18 8 10 1 1 6 17 8 17
split_gain=16.9728 17.4743 15.559 14.8976 14.0303 27.0771 16.855 18.499 14.767 14.3225 17.9129 16.2868 24.907 28.2437
threshold=0.11686632668336101 17.500000000000004 16812.250000000004 1.0000000180025095e-35 6.1000000000000005 1818.8500000000001 190.50000000000003 962.00000000000011 0.2456056738483354 0.17418276845452144 0.29129259199991514 10.950000000000001 7.5000000000000009 6.0500000000000007
decision_type=2 2 2 2 2 2 2 2 2 2 2 2 2 2
left_child=1 -1 3 -3 -2 -6 9 8 -8 -7 11 12 -11 -14
right_child=4 2 -4 -5 5 6 7 -9 -10 10 -12 -13 13 -15
leaf_value=-0.01930190255727092 -0.0013538272385651127 0.019922608031522855 -0.023048449316573717 -0.0032315173130748019 -0.0013246846185907264 0.013264494351011154 0.00077711821807011322 -0.013033645440921431 0.031492183918736899 -0.012277215589410842 0.024675329538803272 0.0020296476829016071 0.0087615553237490318 0.045140888064148982
leaf_weight=77.649099320173264 2541.3111992813647 29.049023596569896 30.201025296002626 179.83680983074009 1256.2388666681945 219.60052132792771 110.33888457715511 91.073797523975372 16.149334445595741 23.856525883078575 38.391232255846262 694.56894646584988 50.592846982181072 30.960367668420076
leaf_count=1741 15894 441 1041 2876 6850 1731 798 471 81 158 175 3726 243 145
internal_value=-0.000199765 -0.00693725 -0.00292153 -1.15539e-05 0.000220887 0.00180154 0.00488047 -0.00272428 0.00469865 0.00644432 0.00465785 0.00369721 0.0146852 0.0225724
internal_weight=5389.82 316.736 239.087 208.886 5073.08 2531.77 1275.53 217.562 126.488 1057.97 838.37 799.979 105.41 81.5532
internal_count=36371 6099 4358 3317 30272 14378 7528 1350 879 6178 4447 4272 546 388
is_linear=0
shrinkage=0.03


Tree=122
num_leaves=15
num_cat=0
split_feature=0 8 2 7 7 12 19 12 19 15 9 5 10 16
split_gain=22.1484 18.2623 16.4076 11.6268 11.551 11.3538 9.29282 17.4174 11.6752 10.8352 10.1464 9.68713 9.10855 13.9867
threshold=0.26310049070847652 3.5000000000000004 0.12045612398541947 0.24164127058590754 0.21911856061406157 3.5000000000000004 7.0929476064343975 21.500000000000004 6.9552588459274132 11098.500000000002 100.50000000000001 0.24284640653880882 742.00000000000011 5.4500000000000011
decision_type=2 2 2 2 2 2 2 2 2 2 2 2 2 2
left_child=2 -2 -1 6 5 -3 8 9 11 -8 -10 -4 13 -7
right_child=1 4 3 -5 -6 12 7 -9 10 -11 -12 -13 -14 -15
leaf_value=-0.010816994129370381 0.016721329239305121 -0.018217658739714281 -7.8349124766716142e-05 0.015743540052928925 -0.002219862420315567 0.0010529163575975521 0.016437193459653436 -0.010768273945392714 -0.0010049179689176368 -0.0062380387866882913 0.035533714430417154 -0.0046275795927908968 0.0016709930292367026 0.010910253435975596
leaf_weight=169.51857112720609 74.750610440969467 22.76605387032032 1966.3184519391507 35.944500917568803 531.73627673089504 238.11993962526321 40.750407032668591 218.78866308182478 12.748378852382304 35.478509346023202 14.757991369813679 536.13450021855533 1202.5829920321703 284.13394448161125
leaf_count=2940 359 106 15177 278 2468 1094 354 2059 127 300 95 4192 5542 1274
internal_value=-5.2692e-05 0.00213034 -0.0017485 -0.00121116 0.00165183 0.00282985 -0.00142689 -0.00646562 -0.000839329 0.00588367 0.0185992 -0.00105299 0.00310766 0.00641583
internal_weight=5384.53 2354.09 3030.44 2860.92 2279.34 1747.6 2824.98 295.018 2529.96 76.2289 27.5064 2502.45 1724.84 522.254
internal_count=36365 10843 25522 22582 10484 8016 22304 2713 19591 654 222 19369 7910 2368
is_linear=0
shrinkage=0.03


Tree=123
num_leaves=15
num_cat=0
split_feature=17 14 18 10 18 16 9 12 17 19 18 2 10 16
split_gain=11.7375 12.7565 12.2754 17.8612 15.2217 11.6164 10.8256 14.8594 13.1809 28.6898 19.7949 18.2406 22.3099 17.275
threshold=500.05000000000007 18542.500000000004 32661.000000000004 2781.0000000000005 60216.250000000007 15.100000000000001 634.50000000000011 265.50000000000006 28.200000000000006 0.76519735254682386 105784.37500000001 0.19326346043428327 607.00000000000011 3.1000000000000005
decision_type=2 2 2 2 2 2 2 2 2 2 2 2 2 2
left_child=5 -2 3 -3 -4 6 8 -8 10 -10 -1 12 13 -11
right_child=1 2 4 -5 -6 -7 7 -9 9 11 -12 -13 -14 -15
leaf_value=-2.8890284925497248e-05 -0.004595339102698299 -0.018785421987367244 0.023427255519970124 0.0050704924600724587 0.0020968372365193378 0.021051283857896286 -0.00098795748812517204 -0.013940434910122989 0.032325421161346117 -0.0067653343626488879 -0.028822784639280521 0.0014238537363778843 0.023163200029653261 0.014402174399222908
leaf_weight=1832.0704507268965 876.99628520384431 58.864233691245317 32.83307284489274 54.304416734725237 363.01966925337911 25.337282663211226 492.96422732248902 95.091217786073685 30.258449018001556 71.971443681046367 21.742988346144557 1261.5937599278986 82.114912856370211 67.0037428624928
leaf_count=11128 8180 374 198 314 3057 197 2957 586 168 667 200 7230 501 500
internal_value=-2.50567e-05 -0.00240268 0.00137508 -0.00733807 0.00386604 0.000802908 0.000673183 -0.00308243 0.00132916 0.00340699 -0.000366608 0.00281682 0.0107654 0.0034401
internal_weight=5366.17 1386.02 509.021 113.169 395.853 3980.15 3954.81 588.055 3366.76 1512.94 1853.81 1482.68 221.09 138.975
internal_count=36257 12123 3943 688 3255 24134 23937 3543 20394 9066 11328 8898 1668 1167
is_linear=0
shrinkage=0.03


Tree=124
num_leaves=15
num_cat=0
split_feature=0 8 12 12 4 2 14 12 8 4 14 19 0 10
split_gain=16.4984 16.3928 12.8415 12.7525 9.62051 9.23241 10.8588 13.4899 13.1345 12.7182 13.8854 16.0619 10.0284 9.06555
threshold=0.24179946486675549 5.5000000000000009 14.500000000000002 180.50000000000003 0.21895418081457288 0.23790126725911789 1248.5000000000002 14.500000000000002 28.500000000000004 0.19980861310381406 3034.5000000000005 3.2619279743942671 0.50512228291326167 1289.5000000000002
decision_type=2 2 2 2 2 2 2 2 2 2 2 2 2 2
left_child=3 2 -2 -1 -5 6 -3 -8 -9 -10 11 -11 -7 -12
right_child=1 5 -4 4 -6 12 7 8 9 10 13 -13 -14 -15
leaf_value=-0.00036912139312730125 -0.0094060054909144847 0.0086506239333572574 0.013463119149756295 -0.0027618801428015492 -0.010607723326863121 -0.0010048746056592658 -0.0084528226379167095 0.0085283948966209094 -0.0058575835572120139 0.0077650476214542689 0.013192612736126983 -0.025120799110939354 0.01089327625290693 0.0022473497961897145
leaf_weight=1918.3720029816031 25.619535848498344 250.33867928385735 160.77995331585407 448.7293700221926 204.87710283882916 1402.6901063323021 106.23054704070091 255.82693523168564 194.59930971264839 24.402805402874947 108.44876702129841 29.555585235357285 66.790807753801346 183.08008153736591
leaf_count=17167 118 1145 749 4162 1917 6563 508 1146 948 117 533 144 280 884
internal_value=0.000133761 0.00172357 0.0103199 -0.00160216 -0.00522121 0.00111244 0.0031226 0.00158862 0.00292885 0.000276465 0.00373153 -0.0102481 -0.00046408 0.00631899
internal_weight=5380.34 2808.36 186.399 2571.98 653.606 2621.96 1152.48 902.144 795.913 540.087 345.487 53.9584 1469.48 291.529
internal_count=36381 13135 867 23246 6079 12268 5425 4280 3772 2626 1678 261 6843 1417
is_linear=0
shrinkage=0.03


Tree=125
num_leaves=15
num_cat=0
split_feature=0 6 17 14 1 15 17 1 19 10 17 17 17 7
split_gain=15.9925 12.6346 13.5885 16.1904 12.5103 11.121 14.0364 10.8213 10.0061 9.97958 8.10405 13.8416 11.7364 9.30505
threshold=0.10793044585584659 0.19175238252044988 2292.5000000000005 279.50000000000006 0.1269189142736776 11065.500000000002 49.750000000000007 0.081137309474652128 4.103469129056033 1035.5000000000002 72100.000000000015 160640.00000000003 47541.000000000007 0.21759104924753681
decision_type=2 2 2 2 2 2 2 2 2 2 2 2 2 2
left_child=1 -1 3 4 -3 6 -5 8 -7 -8 12 13 -2 -12
right_child=10 2 -4 5 -6 7 9 -9 -10 -11 11 -13 -14 -15
leaf_value=-0.019341001553869999 0.00012700807680413468 0.055497132450855927 -0.017525992783348376 -0.008509795066316956 0.0019549259516555492 0.04806075037074934 0.00072865096775539455 -0.014032458170197477 -0.0079493514572877618 0.03918487173801783 0.023914639800393496 -0.015854127191862754 -0.018704591462004455 0.00079555211649539042
leaf_weight=61.833330372348428 5015.1912120301276 8.1208741515874845 48.228230288252234 22.442832831293344 7.6059968993067733 5.2284179925918561 10.019113078713419 68.462156368419528 6.3656247816979885 15.420902211219071 42.480531934648752 15.749983556568621 29.963436108082533 24.824225747957826
leaf_count=1646 30162 111 1424 332 90 84 175 1052 144 211 286 191 297 161
internal_value=-0.000195575 -0.00754764 -0.0037475 0.000877896 0.0296025 -0.00265307 0.00878358 -0.0094935 0.0173088 0.0240395 0.000168181 0.00946308 1.51662e-05 0.0153876
internal_weight=5381.94 253.727 191.894 143.666 15.7269 127.939 47.8828 80.0562 11.594 25.44 5128.21 83.0547 5045.15 67.3048
internal_count=36366 5269 3623 2199 201 1998 718 1280 228 386 31097 638 30459 447
is_linear=0
shrinkage=0.03


Tree=126
num_leaves=15
num_cat=0
split_feature=0 8 15 6 18 18 14 6 10 18 17 0 8 14
split_gain=17.421 18.7449 16.375 12.6775 9.72749 23.4138 11.5935 10.5567 10.6835 12.0987 16.0482 9.7 11.3412 16.4224
threshold=0.13525713958659255 14.500000000000002 131.00000000000003 0.14477736895612639 45231.500000000007 35815.120000000003 84.500000000000014 0.22656993152391916 2538.0000000000005 529.53000000000009 79.050000000000011 0.37492729293601518 47.500000000000007 1248.5000000000002
decision_type=2 2 2 2 2 2 2 2 2 2 2 2 2 2
left_child=1 -1 -3 -2 5 6 -4 8 -8 -10 -11 -5 -13 -14
right_child=3 2 4 11 -6 -7 7 -9 9 10 -12 12 13 -15
leaf_value=-0.016016963080304192 -0.01438049878041224 0.028819616014279258 0.030672401569972488 0.00012939109066717236 -0.0098814487496645259 0.046909067387858959 -0.0040955935565771574 -0.020339692285392921 -0.0050222085664444844 0.057334285002443815 0.0058731153899574569 0.0065227966557982655 0.01404296810356657 -0.0057622283651515118
leaf_weight=113.84115786664188 50.763459814712405 14.734329476952551 9.5615166239440423 4098.3010413981974 135.36309704743326 9.2629778720438463 162.33086030557752 27.904441405087709 18.175234995782375 9.556953929364683 12.703611545264719 483.63423588871956 47.695577830076218 179.45633997023106
leaf_count=2412 377 187 91 24540 2904 116 1963 312 209 106 130 2054 199 742
internal_value=-2.2153e-05 -0.00527756 -0.00221799 0.000533071 -0.00340626 0.000106833 -0.00169778 -0.00303956 -0.000658738 0.0131386 0.0279665 0.000690495 0.00392575 -0.00160369
internal_weight=5373.28 513.434 399.593 4859.85 384.859 249.496 240.233 230.671 202.767 40.4358 22.2606 4809.09 710.786 227.152
internal_count=36342 8430 6018 27912 5831 2927 2811 2720 2408 445 236 27535 2995 941
is_linear=0
shrinkage=0.03


Tree=127
num_leaves=15
num_cat=0
split_feature=0 17 14 17 7 6 10 18 19 19 2 10 9 19
split_gain=15.6482 10.7385 17.4219 17.0721 10.0359 9.92329 12.1746 11.3524 8.9789 18.4955 11.7693 10.8056 10.6759 14.8242
threshold=0.11686632668336101 1384.2500000000002 279.50000000000006 19.050000000000004 0.2174771704741765 0.31464192578686873 2234.0000000000005 0.54500000000000015 7.3975002121990663 8.0794152201981628 0.21831804775076438 3952.5000000000005 652.50000000000011 3.1842822368296257
decision_type=2 2 2 2 2 2 2 2 2 2 2 2 2 2
left_child=1 2 3 -1 5 7 -7 -2 12 10 -10 -11 -9 -14
right_child=4 -3 -4 -5 -6 6 -8 8 9 11 -12 -13 13 -15
leaf_value=-0.0033864345952136924 -0.014989633924881705 -0.014401845177429798 -0.0055129347726444533 0.047231616089480705 -0.0012044204090028315 0.01784943231463313 -0.0023335056949380026 0.0027098641416314069 0.0038135991429013197 -0.00055616291109062733 -0.017772029081768916 0.020217847459925498 0.0027334532401819948 -0.0086118408533347301
leaf_weight=12.126878850162031 37.925219867378473 98.961353512480855 186.81606112606823 11.863215593621133 1675.9299510531127 71.900775361806154 42.97641559690237 2569.8363504037261 30.291588198393583 113.20045504719019 91.109044324606657 28.135421860963106 226.34415255486965 191.22330301254988
leaf_count=166 274 2850 2953 146 10085 384 192 15194 265 803 567 166 1254 1190
internal_value=0.000296595 -0.00624946 -0.00242238 0.0216444 0.000695848 0.00163172 0.0102988 0.00132891 0.00151933 -0.00379769 -0.012386 0.00357927 0.00198695 -0.00246208
internal_weight=5388.64 309.768 210.806 23.9901 5078.87 3402.94 114.877 3288.07 3250.14 262.737 121.401 141.336 2987.4 417.567
internal_count=36489 6115 3265 312 30374 20289 576 19713 19439 1801 832 969 17638 2444
is_linear=0
shrinkage=0.03


Tree=128
num_leaves=15
num_cat=0
split_feature=0 2 0 19 18 9 19 12 2 17 17 17 17 17
split_gain=12.2084 11.4458 16.4678 11.5328 20.339 23.3479 12.6867 12.2494 9.42835 9.32394 15.2524 12.5728 20.7744 14.3424
threshold=0.37894505891192742 0.12889134262891605 0.27660383221752849 4.5726464606779862 13375.635000000004 19.500000000000004 5.6849391560979354 28.500000000000004 0.18911340579466482 72100.000000000015 47541.000000000007 28347.500000000004 17692.500000000004 39970.000000000007
decision_type=2 2 2 2 2 2 2 2 2 2 2 2 2 2
left_child=1 2 3 -1 5 -5 7 -6 -2 10 11 12 -3 -13
right_child=8 9 -4 4 6 -7 -8 -9 -10 -11 -12 13 -14 -15
leaf_value=-0.023380580091565687 0.015569207278082781 -0.00015781292357068384 0.0217716618075415 -0.012761668258904676 0.033024059980092994 0.037477814886913569 -0.018290442250732179 -0.0093914910086599999 0.0026527285589691453 0.010273297435653092 -0.02270737123867345 0.043654019181684059 -0.015251197387398642 -0.0026791736679122862
leaf_weight=44.758571425452828 55.424497038125992 4286.021995505318 15.816438660025595 15.349731005728243 9.4574701227247733 18.192346066236496 79.894290110096335 17.405263839289546 617.80011202394962 73.958686504513025 27.579870902001858 12.457341907545926 83.674755016341805 11.622960669919847
leaf_count=991 249 28091 71 183 159 171 1382 326 2585 608 305 121 1065 122
internal_value=-6.20554e-05 -0.000603675 -0.00760999 -0.0101212 -0.00589111 0.0144869 -0.0122937 0.00554161 0.0037161 -0.000290597 -0.000467305 -0.000327704 -0.000446834 0.0212901
internal_weight=5369.41 4696.19 200.874 185.058 140.299 33.5421 106.757 26.8627 673.225 4495.32 4421.36 4393.78 4369.7 24.0803
internal_count=36429 33595 3283 3212 2221 354 1867 485 2834 30312 29704 29399 29156 243
is_linear=0
shrinkage=0.03


Tree=129
num_leaves=15
num_cat=0
split_feature=0 17 14 19 15 5 8 12 17 19 17 9 2 2
split_gain=14.8352 21.3716 16.3602 16.0343 17.4331 15.1855 14.8652 15.6525 14.324 13.6511 13.319 12.7556 15.659 11.8186
threshold=0.24179946486675549 5002.5000000000009 18528.500000000004 7.0929476064343975 3803.0000000000005 0.24284640653880882 8.5000000000000018 14.500000000000002 23998.000000000004 8.2111562950909498 28347.500000000004 296.50000000000006 0.23359531348369758 0.20774313129835478
decision_type=2 2 2 2 2 2 2 2 2 2 2 2 2 2
left_child=1 3 -3 5 11 -1 7 -2 -8 -6 -4 12 -5 -9
right_child=6 2 10 4 9 -7 8 13 -10 -11 -12 -13 -14 -15
leaf_value=0.001557138958804634 -0.0088966733201075177 -0.016573779797084423 -0.010676382807910039 -0.0039675105477877453 -0.016688600905640786 -0.0048460705110398216 0.00028935157945186033 0.018347801110799231 0.016116471889586381 -0.0010842183519219029 0.0069654547404662832 -0.021892477991738286 0.033105050235502177 0.0056052184704113708
leaf_weight=1576.2736314702779 46.394433706998825 143.33873338997364 83.209806339815259 19.392188357189298 143.5625770073384 422.72461957298219 2433.0400979444385 98.221578896045685 52.576016515493393 77.799889530986547 71.70324975810945 10.164712782949207 21.760823808610439 196.6868189573288
leaf_count=12287 209 2897 1262 237 1513 3352 11430 457 241 846 643 84 184 878
internal_value=-6.94389e-05 -0.0017191 -0.00926934 -0.000727816 -0.00755202 0.000203064 0.00143025 0.00730104 0.000624129 -0.0112043 -0.00251066 0.00820231 0.0156357 0.00984924
internal_weight=5396.85 2569.93 298.252 2271.68 272.68 1999 2826.92 341.303 2485.62 221.362 154.913 51.3177 41.153 294.908
internal_count=36520 23305 4802 18503 2864 15639 13215 1544 11671 2359 1905 505 421 1335
is_linear=0
shrinkage=0.03


Tree=130
num_leaves=15
num_cat=0
split_feature=6 17 17 2 17 2 17 2 16 18 10 6 10 1
split_gain=13.4683 16.0051 19.6028 36.5173 36.3864 24.8936 20.8822 18.696 18.4118 17.1593 16.929 29.0069 15.9349 22.0899
threshold=0.18506473469700213 260.75000000000006 28.200000000000006 0.19326346043428327 32.650000000000013 0.22529976173475874 119.45 0.12889134262891605 5.8000000000000007 60216.250000000007 1329.5000000000002 0.21657014879887826 2781.0000000000005 0.22990705778562162
decision_type=2 2 2 2 2 2 2 2 2 2 2 2 2 2
left_child=-1 2 -2 7 12 6 -6 -4 -3 10 11 -9 13 -5
right_child=1 8 3 4 5 -7 -8 9 -10 -11 -12 -13 -14 -15
leaf_value=-0.004339088899726634 -0.0002629599280874791 -0.0043423127987598188 -0.004541913183042633 -0.016062973694832377 -0.010714300375088148 0.0042712602727607574 0.0042295193298490007 -0.023995424943996636 0.0025213458295050661 0.048436100155610992 0.032382033031998214 0.019897797014510204 0.035884363374558324 0.022963683611376465
leaf_weight=573.28409548662603 1868.9236685484648 1018.8003969397396 28.234037052839994 18.950062785297632 233.12590395286679 732.78455636650324 131.70262754335999 18.034806080162525 537.22181281074882 19.365037277340889 45.154038865119219 54.493869733065367 36.514793440699577 41.946749486029148
leaf_count=4741 11253 8271 315 140 1431 3979 782 132 4122 133 271 355 201 222
internal_value=6.23181e-06 0.000526811 0.00173117 0.00447091 0.00264291 0.00108342 -0.0053196 0.0176878 -0.00197261 0.0222674 0.0179613 0.00898341 0.0202149 0.0108192
internal_weight=5358.54 4785.25 3229.23 1360.31 1195.02 1097.61 364.829 165.282 1556.02 137.048 117.683 72.5287 97.4116 60.8968
internal_count=36348 31607 19214 7961 6755 6192 2213 1206 12393 891 758 487 563 362
is_linear=0
shrinkage=0.03


Tree=131
num_leaves=15
num_cat=0
split_feature=0 16 6 17 6 17 0 17 14 10 17 14 17 17
split_gain=10.4535 10.1877 15.8291 12.6656 18.0548 17.4417 15.9147 12.4961 22.4619 18.5514 11.2801 12.3393 11.2537 18.6769
threshold=0.029188943661471619 5.8000000000000007 0.28450007573471353 260.75000000000006 0.17139940467739281 364.40000000000003 0.20644267391801394 5002.5000000000009 353.50000000000006 1188.5000000000002 1051.0000000000002 18542.500000000004 147.05000000000004 180.20000000000002
decision_type=2 2 2 2 2 2 2 2 2 2 2 2 2 2
left_child=-1 3 -3 4 -2 -5 7 8 9 -7 -10 -12 -6 -14
right_child=1 2 -4 5 12 6 -8 -9 10 -11 11 -13 13 -15
leaf_value=-0.023861845138426662 -0.011663663203381259 0.00088743075170633848 0.012376925895879702 -0.015653287317848954 0.00025543634565414945 0.0010175486126734398 5.9508185531858804e-05 -0.017329323013454849 -0.015443237234844805 0.059530631034141704 -0.0089635183239452181 0.012300525111083512 0.020187897598341865 0.00098554506568344674
leaf_weight=16.490487702190876 104.04779683053493 2560.3672008104622 112.66757161356509 100.89023854210973 1319.9829495158046 11.348326195031406 662.35047090053558 93.969841560348868 85.064433481544256 8.5511398930102569 63.142936039716005 40.195649690926075 71.444489873945713 125.95545082166791
leaf_count=546 774 16359 594 640 8123 165 3626 2173 860 87 827 481 420 729
internal_value=-1.29695e-05 6.04038e-05 0.00137171 -0.00124411 0.000425576 -0.00378494 -0.00254363 -0.00824772 -0.00415081 0.0261616 -0.00735246 -0.000692435 0.00125454 0.00793541
internal_weight=5376.47 5359.98 2673.03 2686.94 1621.43 1065.51 964.623 302.272 208.302 19.8995 188.403 103.339 1517.38 197.4
internal_count=36404 35858 16953 18905 10046 8859 8219 4593 2420 252 2168 1308 9272 1149
is_linear=0
shrinkage=0.03


Tree=132
num_leaves=15
num_cat=0
split_feature=5 2 5 2 17 4 13 13 5 12 10 15 12 1
split_gain=11.049 8.00999 8.14334 9.22483 9.02158 13.8433 7.26531 12.4433 13.267 9.44266 15.658 8.41018 7.79388 7.00707
threshold=0.15244476275903185 0.055613716672834851 0.24366391798326786 0.29331092802610587 49.750000000000007 0.22654636619229782 45.500000000000007 71.500000000000014 0.21505849041265482 170.50000000000003 1134.5000000000002 11098.500000000002 80.500000000000014 0.35598783693025882
decision_type=2 2 2 2 2 2 2 2 2 2 2 2 2 2
left_child=-1 -2 3 6 13 -6 -3 8 12 -9 -11 -10 -8 -5
right_child=1 2 -4 4 5 -7 7 9 11 10 -12 -13 -14 -15
leaf_value=-0.0053813251090899916 -0.01754704053585078 0.0010048016276144839 -0.0018350031478803937 -0.017533238007104612 0.007353095433520424 -0.012917950939537107 0.04058876408500716 -0.0029464688492448501 0.017546449202975316 -0.0065017250040538864 0.02504374754736283 -0.0065931517231453485 0.014674120875862456 0.0035029651891105985
leaf_weight=328.20966224744916 22.534094605594873 3379.6855481285602 1152.1803181841969 63.742153994739056 82.122819576412439 48.06612890213728 20.728970760479569 129.50438032113016 24.674214301630855 24.645531373098493 33.289810987189412 27.428862610831857 21.05329124443233 18.354510642588139
leaf_count=2268 518 22799 7756 359 491 284 139 881 171 189 207 203 132 91
internal_value=-4.76234e-05 0.000299161 0.000379183 0.00103783 -0.00504212 -0.000131032 0.00139038 0.00602252 0.0149374 0.00155721 0.0116244 0.00483853 0.0275309 -0.0128301
internal_weight=5376.22 5048.01 5025.48 3873.3 212.286 130.189 3661.01 281.325 93.8853 187.44 57.9353 52.1031 41.7823 82.0967
internal_count=36488 34220 33702 25946 1225 775 24721 1922 645 1277 396 374 271 450
is_linear=0
shrinkage=0.03


Tree=133
num_leaves=15
num_cat=0
split_feature=0 6 19 17 19 0 17 0 17 2 17 6 19 17
split_gain=11.8883 10.7503 12.4797 12.4576 8.48958 8.36447 8.7928 13.5037 13.2758 28.5295 11.3269 17.6603 11.0483 25.8044
threshold=0.50512228291326167 0.14477736895612639 5.8305616882310112 160640.00000000003 6.0280372659266801 0.036948057133733371 3.3500000000000001 0.34377864811810338 1.5500000000000003 0.24029179034208184 0.35000000000000003 0.21851127728150785 8.4133281531238673 0.8500000000000002
decision_type=2 2 2 2 2 2 2 2 2 2 2 2 2 2
left_child=1 2 -1 5 -2 -3 7 12 10 -10 -9 -12 -7 -14
right_child=4 3 -4 -5 -6 6 -8 8 9 -11 11 -13 13 -15
leaf_value=-0.024568489619683408 0.0041354490066136396 -0.019920611368369732 0.0046678353665473458 -0.023967826080833192 0.021635831686145576 -0.0051183964331072123 0.00072495406752754636 -0.0053692358595331053 0.013848540769651467 -0.028782908087976664 0.03006186096169193 0.0020108734530561293 -0.015056626035244608 0.035973437307578349
leaf_weight=34.051142912358046 81.163729146122932 18.744242511689663 21.397189470008016 19.454826321452856 36.019405826926231 697.86967365443707 4260.7579069752246 27.263384521007538 29.508457452058792 27.105002999305725 43.31521001458168 37.851234242320061 16.839176643639803 18.9597990475595
leaf_count=373 335 619 197 406 159 4788 28558 119 125 117 183 161 170 147
internal_value=6.41133e-05 -0.000146703 -0.0132864 -6.53062e-06 0.00951466 8.34932e-05 0.000156168 -0.00254043 0.0052129 -0.00656225 0.011361 0.0169805 -0.00428459 0.0119698
internal_weight=5370.3 5253.12 55.4483 5197.67 117.183 5178.21 5159.47 898.712 165.043 56.6135 108.43 81.1664 733.669 35.799
internal_count=36457 35963 570 35393 494 34987 34368 5810 705 242 463 344 5105 317
is_linear=0
shrinkage=0.03


Tree=134
num_leaves=15
num_cat=0
split_feature=6 18 9 18 18 14 10 18 18 19 14 8 18 18
split_gain=12.3995 14.4165 22.9735 13.1148 16.3629 14.547 14.0284 16.3841 23.2121 18.8257 13.9212 12.9331 11.5986 11.5942
threshold=0.18506473469700213 1.5200000000000002 106.50000000000001 203478.07500000004 243315.06000000003 38.500000000000007 2538.0000000000005 14.790000000000001 3.3550000000000004 0.76519735254682386 18528.500000000004 329.50000000000006 6.0300000000000002 935.2700000000001
decision_type=2 2 2 2 2 2 2 2 2 2 2 2 2 2
left_child=-1 2 -2 5 10 -3 7 8 -7 -9 -5 -4 -8 -14
right_child=1 3 11 4 -6 6 12 9 -10 -11 -12 -13 13 -15
leaf_value=-0.0042393908277146772 0.014241464704980956 0.015785023772730476 -0.030125910176308047 -0.035399419967344248 -0.0016883743331498654 0.015306652294397169 0.01800207238655166 0.020003730400907117 -0.019881119498241707 -5.8638857289061236e-05 -0.0038649681765385345 0.00092669325616688482 -0.00024120785669214025 0.005567120707693521
leaf_weight=578.94267640262842 21.979181559756398 62.0565628670156 43.81932926364243 24.68360411003232 809.29584783874452 21.604177333414555 48.760871946811676 42.872754216194153 77.032489582896233 2320.0754298288375 25.735982071608305 16.660848118364811 539.1009230427444 725.60530569031835
leaf_count=4813 156 327 303 202 7655 122 264 236 452 14456 182 113 3022 4137
internal_value=-9.29473e-05 0.000409336 -0.0120258 0.000627653 -0.00272142 0.00137802 0.00114119 -0.000194686 -0.012174 0.000305368 -0.0193031 -0.0215717 0.00364478 0.00309123
internal_weight=5358.23 4779.28 82.4594 4696.82 859.715 3837.11 3775.05 2461.58 98.6367 2362.95 50.4196 60.4802 1313.47 1264.71
internal_count=36440 31627 572 31055 8039 23016 22689 15266 574 14692 384 416 7423 7159
is_linear=0
shrinkage=0.03


Tree=135
num_leaves=15
num_cat=0
split_feature=0 11 6 0 2 4 1 3 2 0 4 2 18 18
split_gain=12.6426 11.6973 12.971 9.52287 9.69158 9.2231 10.4481 8.93758 8.86475 11.9242 10.7836 8.89844 10.3918 20.2653
threshold=0.072248106031800777 1.0000000180025095e-35 0.21851127728150785 0.31409412510752072 0.20128723831321305 0.25560440540049562 0.19651060270790763 0.31926513478612611 0.12045612398541947 0.27093860741235359 0.16631386113845409 0.19326346043428327 186.89500000000004 5970.0000000000009
decision_type=2 2 2 2 2 2 2 2 2 2 2 2 2 2
left_child=1 2 -1 8 5 6 -5 -6 9 10 -2 12 -10 -14
right_child=3 -3 -4 4 7 -7 -8 -9 11 -11 -12 -13 13 -15
leaf_value=-0.015142874051212431 0.012481697013410998 -0.015939628513142765 0.049818155629801547 0.029188490873977877 0.0019649842554697447 -0.0066454820039931481 0.0082430577592136674 -0.0099106999717764703 -0.0051192036866338046 0.029975236081397207 -0.012857169525353393 -0.0010015541082155654 0.014135589261554083 0.00097481428680214351
leaf_weight=5.5647471230477077 17.222367230802774 73.305457575246692 5.5010819677263498 27.21517089009285 1132.8748980462551 26.849211037158966 100.90047955513 60.059218004345894 118.69362203963101 7.1425801515579215 123.58310934714973 3188.9758320357651 147.25001929700375 369.62738366425037
leaf_count=170 243 1990 119 119 4945 116 442 263 777 33 1922 21261 989 3275
internal_value=-7.76682e-05 -0.0115996 0.0171508 0.000105048 0.00228394 0.00934194 0.0126924 0.00136709 -0.000634269 -0.00783967 -0.00975789 -0.000355536 0.00288586 0.00472411
internal_weight=5404.77 84.3713 11.0658 5320.39 1347.9 154.965 128.116 1192.93 3972.49 147.948 140.805 3824.55 635.571 516.877
internal_count=36664 2279 289 34385 5885 677 561 5208 28500 2198 2165 26302 5041 4264
is_linear=0
shrinkage=0.03


Tree=136
num_leaves=15
num_cat=0
split_feature=6 9 9 7 7 12 18 14 1 15 4 12 7 10
split_gain=10.5803 9.07423 10.9235 7.1719 6.94434 9.00677 9.60141 8.20899 7.09101 6.53283 7.15456 6.22829 10.0921 6.25643
threshold=0.14477736895612639 39.500000000000007 289.50000000000006 0.21436424246970343 0.21436424246970343 219.50000000000003 6.0300000000000002 31.500000000000004 0.059739055218861088 5764.5000000000009 0.22818525529127062 97.500000000000014 0.22140817165520524 415.50000000000006
decision_type=2 2 2 2 2 2 2 2 2 2 2 2 2 2
left_child=1 3 -3 -1 -2 7 -7 -6 -9 10 11 13 -13 -10
right_child=4 2 -4 -5 5 6 -8 8 9 -11 -12 12 -14 -15
leaf_value=-0.01524201347973134 0.0016527382711588388 -0.033599680730515398 0.00018039027633966117 0.023811979737167754 0.016612378700092689 0.014551592228315303 -0.0044698535402085638 -0.017931433505007113 0.010960135383819597 -0.00088968491330224261 -0.0010756650722318331 0.0061030788868333815 0.029508223472291577 0.0013437748535329859
leaf_weight=8.0776125956326741 2217.7215882893652 23.584524594247341 13.574401151388882 8.8892280887812358 27.380253342911601 24.853453373536468 611.71295662224293 19.485383542254567 74.330731842666864 1580.9886862635612 323.24543491750956 68.236997252330184 21.902705876156688 336.74592251330614
leaf_count=108 14884 215 106 133 198 167 4233 621 607 10406 2087 439 155 2082
internal_value=0.000237353 -0.0129593 -0.0212596 0.00521906 0.000371955 -0.000547607 -0.0037272 0.000277744 9.33076e-05 0.000239317 0.00240429 0.00464859 0.0117902 0.0030826
internal_weight=5360.73 54.1258 37.1589 16.9668 5306.6 3088.88 636.566 2452.32 2424.94 2405.45 824.462 501.216 90.1397 411.077
internal_count=36441 562 321 241 35879 20995 4400 16595 16397 15776 5370 3283 594 2689
is_linear=0
shrinkage=0.03


Tree=137
num_leaves=15
num_cat=0
split_feature=0 8 18 14 5 8 13 15 0 3 13 13 15 8
split_gain=12.2594 18.7547 12.6172 11.3791 10.5892 10.0488 9.24804 13.6288 9.08697 9.02634 9.46464 8.71607 8.46859 8.46506
threshold=0.18319129474405296 13.500000000000002 4.3550000000000013 40.500000000000007 0.22485303727513148 96.500000000000014 1.0000000180025095e-35 1854.0000000000002 0.14858240267457987 0.30950735335555057 26.500000000000004 7.5000000000000009 270.00000000000006 83.500000000000014
decision_type=2 2 2 2 2 2 2 2 2 2 2 2 2 2
left_child=1 3 -3 -1 11 -6 7 -5 -7 10 -2 12 -4 -12
right_child=9 2 4 6 5 8 -8 -9 -10 -11 13 -13 -14 -15
leaf_value=0.020490127493581492 0.0008975162106990589 -0.02296531094959393 0.01676777216386216 0.030554165280089852 0.00018058853299109302 -0.001120694797296672 -0.014377798483844503 -0.0075863122405742094 -0.016830398284075985 -0.0052350482302451233 0.0082717844343926615 0.0084556041598627882 -0.00052594839283566237 0.00029683213469609268
leaf_weight=10.744228135794399 3412.7029702812433 21.903528029099107 26.826980976387858 10.448873866349457 181.2303944081068 55.152040027081966 178.74048533290625 43.682880587875843 83.020810015499592 189.56593250110745 318.91194654256105 153.09418017417192 509.27140009775758 191.85155458003283
leaf_count=187 17474 276 256 171 2110 715 3395 803 615 974 1604 1648 5359 1003
internal_value=0.000362105 -0.0022092 -0.000439489 -0.00969507 4.9701e-05 -0.00446568 -0.0110878 -0.000224182 -0.0105598 0.00115863 0.00146755 0.00214234 0.000339449 0.00527626
internal_weight=5387.15 1274.12 1030.5 243.616 1008.6 319.403 232.872 54.1318 138.173 4113.03 3923.47 689.193 536.098 510.764
internal_count=36590 15535 10979 4556 10703 3440 4369 974 1330 21055 20081 7263 5615 2607
is_linear=0
shrinkage=0.03


Tree=138
num_leaves=15
num_cat=0
split_feature=0 8 18 0 15 18 1 14 9 8 0 14 10 2
split_gain=11.7968 27.117 16.2074 11.0547 10.8177 10.7971 21.8973 23.5637 29.7949 11.3654 17.2527 10.6388 19.873 10.6183
threshold=0.26189530018919954 3.5000000000000004 1826849.3000000003 0.036948057133733371 13520.500000000002 834250.00000000012 0.22366409315849387 2296.0000000000005 59.500000000000007 18.500000000000004 0.17937418674298503 18528.500000000004 2791.5000000000005 0.23079016936440272
decision_type=2 2 2 2 2 2 2 2 2 2 2 2 2 2
left_child=2 -2 3 -1 -3 -5 7 8 -7 10 -9 12 -4 -11
right_child=1 4 11 5 -6 6 -8 9 -10 13 -12 -13 -14 -15
leaf_value=-0.024292888537626279 0.017585007712278042 -0.00030646524967041321 -0.017756721699405602 -0.00089517893916912382 0.0046170979061922867 0.014686671682811042 -0.010579584387811161 -0.0090969323918516261 0.086422936754759372 0.0093365898165657674 0.049458426349076413 -0.0021626032426463613 0.01758125651246132 -0.032425244594190696
leaf_weight=17.737040776759386 89.969434320926666 1791.6564393788576 130.06222870573401 2587.8249015081674 517.6614261418581 12.157637987285854 32.450502943247557 8.0014164261519927 9.1194737739860994 13.460063081234695 10.434030301868914 134.02531908266246 16.094992453232408 9.2417265474796277
leaf_count=620 427 8260 2323 19599 2367 180 282 196 106 261 90 1482 219 87
internal_value=-0.000139042 0.00142673 -0.00139943 -0.000686857 0.000797211 -0.000530782 0.00940962 0.0198024 0.0454332 0.00654561 0.024044 -0.0082673 -0.0138653 -0.00766434
internal_weight=5379.9 2399.29 2980.61 2700.43 2309.32 2682.69 94.8649 62.4143 21.2771 41.1372 18.4354 280.183 146.157 22.7018
internal_count=36499 11054 25445 21421 10627 20801 1202 920 286 634 286 4024 2542 348
is_linear=0
shrinkage=0.03


Tree=139
num_leaves=15
num_cat=0
split_feature=0 8 4 14 3 11 0 1 8 18 18 19 19 6
split_gain=15.5312 12.5447 12.185 11.9995 11.0352 10.9447 10.8585 12.6787 9.51076 12.6907 22.2663 17.3272 17.2952 18.1603
threshold=0.10331606686480477 28.500000000000004 0.17374555544330808 1367.5000000000002 0.38317195383612712 1.5000000000000002 0.37629122195731751 0.36484783118571307 47.500000000000007 11454.380000000003 4330.1250000000009 6.6733604557715571 3.4858436831379356 0.21719966131581567
decision_type=2 2 2 2 2 2 2 2 2 2 2 2 2 2
left_child=1 -1 5 -4 6 -3 7 -2 9 10 11 12 -8 -14
right_child=4 2 3 -5 -6 -7 8 -9 -10 -11 -12 -13 13 -15
leaf_value=-0.015862735073246398 3.7976692851310691e-05 0.05257186084045283 0.015627218503267867 -0.010657191759905805 -0.021613274720754767 0.0046000449624588801 -0.0031124151328283216 -0.0082896829455017876 -0.0014524063768340209 0.0014220493168163588 0.028731664741778747 -0.017355094942827297 0.036039994450893627 0.0082005576127074514
leaf_weight=99.389589572325349 4243.5108985733241 6.3565152175724533 19.311724388971925 82.032289894297719 20.847098886966705 13.104325955733655 56.101429685950279 171.17780332639813 213.31976629793644 241.0521245598793 51.131712406873703 24.183120489120483 32.548195406794548 59.896059796214104
leaf_count=2218 27537 128 379 1876 131 280 231 948 881 1035 220 104 136 250
internal_value=-0.000167051 -0.00796833 -0.00147338 -0.00564854 0.000168865 0.0202691 0.000258027 -0.000284925 0.00379216 0.00619857 0.0113419 0.00619414 0.0100279 0.0180024
internal_weight=5333.96 220.194 120.805 101.344 5113.77 19.4608 5092.92 4414.69 678.232 464.913 223.861 172.729 148.546 92.4443
internal_count=36354 4881 2663 2255 31473 408 31342 28485 2857 1976 941 721 617 386
is_linear=0
shrinkage=0.03


Tree=140
num_leaves=15
num_cat=0
split_feature=0 8 0 10 17 19 16 17 15 7 13 0 5 1
split_gain=14.179 13.3553 11.4115 10.7623 12.6875 12.5597 14.358 10.6317 10.2824 10.0823 9.74087 8.80009 8.74678 8.33044
threshold=0.10331606686480477 40.500000000000007 0.036948057133733371 1387.5000000000002 16812.250000000004 3.7577049642608613 4.7000000000000002 1312.0500000000002 8440.5000000000018 0.21436424246970343 18.500000000000004 0.089567772824470093 0.36245857995211533 0.13318531914198878
decision_type=2 2 2 2 2 2 2 2 2 2 2 2 2 2
left_child=1 7 -3 4 5 -4 -7 8 11 -2 12 13 -11 -1
right_child=9 2 3 -5 -6 6 -8 -9 -10 10 -12 -13 -14 -15
leaf_value=0.0010359384507926082 0.0018057508462934386 -0.020159419731226796 0.0085132429121683503 -0.0074877307417295551 -0.022466213357633717 0.083676880532594908 0.021499648957342011 -0.02779779026135237 -0.015619122572148588 -0.0014984026183441437 0.0028738525896459233 -0.011121585720301743 -0.020684004290385659 0.047399000999037662
leaf_weight=7.2292603515088576 2136.6504282318056 19.364664480090141 25.598194878548384 33.668425275012851 7.0357998870313159 5.150676989927887 9.5214914456009847 36.541215088218451 56.610548555850983 2471.6634448412806 513.29011377505958 12.670304354280232 21.57317403331399 6.7395716868340969
leaf_count=130 13038 711 404 537 241 78 204 1244 1050 15283 3148 214 128 93
internal_value=-8.8986e-05 -0.00754495 0.000528972 0.0054765 0.0147033 0.0211973 0.043327 -0.0143078 -0.00838661 0.000230132 -0.000889613 0.00698312 -0.00166441 0.0234048
internal_weight=5363.31 220.13 100.339 80.9746 47.3062 40.2704 14.6722 119.791 83.2497 5143.18 3006.53 26.6391 2493.24 13.9688
internal_count=36503 4906 2175 1464 927 686 282 2731 1487 31597 18559 437 15411 223
is_linear=0
shrinkage=0.03


Tree=141
num_leaves=15
num_cat=0
split_feature=0 8 18 1 14 18 0 9 0 0 8 12 18 18
split_gain=13.1046 17.1484 13.8142 11.6207 15.5257 13.2751 10.1057 9.51576 9.38513 8.85148 12.2696 9.53035 12.1436 11.17
threshold=0.13525713958659255 14.500000000000002 1483939.9300000002 0.098347075097511741 3034.5000000000005 346063.00000000006 0.046657092799954426 8.5000000000000018 0.036948057133733371 0.37629122195731751 4.5000000000000009 1219.0000000000002 93497.500000000015 2528554.0000000005
decision_type=2 2 2 2 2 2 2 2 2 2 2 2 2 2
left_child=1 7 8 4 5 -2 -4 -1 -3 -5 -11 12 -12 -14
right_child=3 2 6 9 -6 -7 -8 -9 -10 10 11 -13 13 -15
leaf_value=0.018535105864841941 0.053159232955934978 -0.021806849325966431 0.024443879322226227 9.6257998796144014e-05 -0.0084954186938667152 0.0062251184798821808 -0.024183968750432907 -0.017161714203197693 0.0015169418928420496 0.022670906108593805 0.0044615077456757702 0.020833133095604271 -0.011495823320047041 0.0059206808504771698
leaf_weight=7.1918200161308041 12.718851719051601 16.277639908716083 4.3438624013215295 4125.0343728829175 12.659309137612579 9.4562660325318557 33.577231636270881 102.63926305808127 336.6505423951894 29.577880933880806 488.85586489737034 25.692838191986084 94.769920647144318 50.964289635419846
leaf_count=173 100 589 181 24600 177 136 1032 2284 4212 170 2024 107 396 212
internal_value=0.000270139 -0.00435068 -0.00140754 0.000747186 0.0180122 0.0331448 -0.0186136 -0.0148243 0.00044121 0.000622279 0.00376763 0.00292084 0.00219562 -0.00540515
internal_weight=5350.41 500.68 390.849 4849.73 34.8344 22.1751 37.9211 109.831 352.928 4814.9 689.861 660.283 634.59 145.734
internal_count=36393 8471 6014 27922 413 236 1213 2457 4801 27509 2909 2739 2632 608
is_linear=0
shrinkage=0.03


Tree=142
num_leaves=15
num_cat=0
split_feature=17 6 14 17 13 5 8 5 18 13 14 17 13 10
split_gain=14.8095 12.6184 9.48798 12.1341 7.70148 10.1071 13.5456 12.1356 11.0434 9.66266 8.57011 8.40731 8.33801 8.04964
threshold=160640.00000000003 0.14477736895612639 29.500000000000004 9.8500000000000032 18.500000000000004 0.22017306871982947 306.00000000000006 0.16631386113845409 14.790000000000001 127.50000000000001 213.00000000000003 9.0500000000000025 125.50000000000001 545.00000000000011
decision_type=2 2 2 2 2 2 2 2 2 2 2 2 2 2
left_child=1 -1 3 -3 -4 7 8 -6 -7 13 -10 -12 -13 -9
right_child=-2 2 4 -5 5 6 -8 9 10 -11 11 12 -14 -15
leaf_value=-0.014147655391580489 -0.026455404836550268 0.033083083181032362 -0.00033454736421401624 0.0016594915859137274 -0.0022826486690453347 -0.021783789729691215 -0.014127519968396462 0.0012947911559933326 0.019621864799162787 -0.0032156249384961131 -0.0070692971307799897 0.002136243406642349 0.019379157861024274 0.013630212332620488
leaf_weight=54.941104028373957 18.888012170791626 17.99193674325943 4365.4315280579031 28.703496463596821 120.90197113156319 17.459058595821261 57.303298845887184 60.628209266811609 24.917710701003671 50.924225747585297 80.502969013527036 228.33370595797896 28.376351039856672 221.75906566716731
leaf_count=560 433 98 29227 229 832 122 344 481 171 370 520 1655 200 1378
internal_value=6.22041e-05 0.000155681 0.000303862 0.0137671 0.000184264 0.00272586 -0.000531845 0.00585935 0.00152057 0.00881269 0.00264412 0.00138959 0.00404225 0.0109818
internal_weight=5377.06 5358.17 5303.23 46.6954 5256.54 891.107 436.893 454.213 379.59 333.312 362.131 337.213 256.71 282.387
internal_count=36620 36187 35627 327 35300 6073 3012 3061 2668 2229 2546 2375 1855 1859
is_linear=0
shrinkage=0.03


Tree=143
num_leaves=15
num_cat=0
split_feature=18 0 8 1 12 0 14 6 3 16 17 18 1 10
split_gain=13.8713 13.3304 18.3673 10.8238 9.19328 11.5853 9.35918 8.89034 7.99607 7.89007 14.928 24.8869 11.7818 12.072
threshold=0.54500000000000015 0.17985706387390302 9.5000000000000018 0.11581871978909171 19.500000000000004 0.098158449872297965 134.50000000000003 0.14477736895612639 0.36731308433213139 5.2500000000000009 14615.600000000002 11342268.000000002 0.38933055229415053 374.00000000000006
decision_type=2 2 2 2 2 2 2 2 2 2 2 2 2 2
left_child=-1 2 -2 -3 6 -6 -4 -5 9 10 11 12 -9 -14
right_child=1 3 4 7 5 -7 -8 8 -10 -11 -12 -13 13 -15
leaf_value=-0.014458674050036426 -0.011547233884146805 0.015629598201027713 0.028779676692812214 -0.01299131831461053 -0.010030049242925781 -0.00081845668831472028 0.0028782050259000573 0.00051710439230708818 -0.014874545287638855 0.0024365853362687002 -0.013142659170482712 0.030416519218896359 0.0041392953365507155 -0.015998549126091402
leaf_weight=58.875612854957581 175.51044121012092 45.066669464111328 13.401026466861365 41.363464012742043 149.95817539282143 680.50745274499059 198.9790153875947 1741.936939150095 28.39261431619525 1985.6203029565513 77.577442284673452 24.351942881941795 40.425498679280281 79.436541467905045
leaf_count=502 3319 298 150 265 3531 6014 2083 9099 147 9815 534 151 182 343
internal_value=2.25729e-05 0.000183971 -0.00256849 0.0010091 -0.00105737 -0.00248181 0.00451257 0.000845162 0.000989044 0.00110309 -0.000245271 0.000285199 -0.000108912 -0.00920672
internal_weight=5341.4 5282.53 1218.36 4064.17 1042.85 830.466 212.38 4019.1 3977.74 3949.35 1963.73 1886.15 1861.8 119.862
internal_count=36433 35931 15097 20834 11778 9545 2233 20536 20271 20124 10309 9775 9624 525
is_linear=0
shrinkage=0.03


Tree=144
num_leaves=15
num_cat=0
split_feature=0 8 7 0 18 16 5 0 3 6 19 0 5 3
split_gain=12.412 11.7038 13.5446 12.2246 13.0176 10.9737 14.6215 9.69962 11.3363 9.03001 8.47229 7.85483 9.03729 9.19359
threshold=0.10331606686480477 41.500000000000007 0.22017990697872666 0.036948057133733371 186.89500000000004 3.8500000000000001 0.20797823686013236 0.089567772824470093 0.2154681178942193 0.14477736895612639 5.5844356993904496 0.37629122195731751 0.15244476275903185 0.12062357542816253
decision_type=2 2 2 2 2 2 2 2 2 2 2 2 2 2
left_child=1 2 -1 -3 -5 6 -6 8 -4 10 -2 12 -11 -14
right_child=9 3 7 4 5 -7 -8 -9 -10 11 -12 -13 13 -15
leaf_value=-0.017786791962757842 -0.023151064489633267 -0.021188530666307635 -0.0033937820409524473 -0.021076058972139305 0.067102276366340682 0.0041337140532890296 0.010153781470620779 -0.014401655619802396 0.057714695918821696 -0.0052645289213556655 0.0015684596222659904 0.0035527833349093874 -0.011565930643651088 0.00059997894412478576
leaf_weight=98.608434990048409 28.139711879193783 18.422129742801189 5.2705197688192147 13.297120170667766 6.6036665420979288 47.92633493989706 10.524124730378388 8.5216562394052726 5.6730961576104164 266.63636252097785 22.421139290556312 680.07951352000237 56.678922457620502 4085.7950164601207
leaf_count=2348 220 706 122 233 109 892 179 176 126 1753 197 2869 375 26140
internal_value=0.000131176 -0.00693337 -0.0132724 0.000800899 0.00597111 0.0114996 0.0321104 0.00959699 0.0282844 0.000426482 -0.0121892 0.000551818 8.89367e-05 0.00043352
internal_weight=5354.6 214.847 118.074 96.7734 78.3512 65.0541 17.1278 19.4653 10.9436 5139.75 50.5609 5089.19 4409.11 4142.47
internal_count=36445 4891 2772 2119 1413 1180 288 424 248 31554 417 31137 28268 26515
is_linear=0
shrinkage=0.03


Tree=145
num_leaves=15
num_cat=0
split_feature=6 18 10 17 2 17 16 18 14 2 18 2 17 18
split_gain=11.3455 11.2837 11.2654 9.89745 18.3824 22.1677 16.2294 15.4998 13.9895 12.0904 11.5057 11.3597 28.9156 13.9378
threshold=0.14477736895612639 0.54500000000000015 1275.0000000000002 680.55000000000007 0.19326346043428327 39.95000000000001 5.4500000000000011 120.06000000000002 63.000000000000007 0.12889134262891605 4787.085 0.20847528514476385 588.50000000000011 6.0300000000000002
decision_type=2 2 2 2 2 2 2 2 2 2 2 2 2 2
left_child=-1 2 -2 4 5 6 7 -3 -6 -7 -9 12 13 -10
right_child=1 3 -4 -5 8 9 -8 10 11 -11 -12 -13 -14 -15
leaf_value=-0.013618045301029037 0.0022368471019013534 -0.023900905003824212 -0.024463684227393794 -0.0021789132605444521 0.011459796878271521 -0.0018291037548938364 0.0064030132934997045 0.0077164849224878387 0.011246576505330997 0.015781582257607413 -0.015204279656644023 0.00070577127999212584 0.0358959424901261 -0.0055842218946684733
leaf_weight=55.079220218583941 24.798481002449989 37.483419507741928 33.34379511885345 1200.8483939189464 95.381944064050913 42.421790486201644 175.37907205149531 53.483455089852214 47.482582189142704 202.88975084759295 31.213988384231925 2696.0663023367524 16.358775742352009 656.94938857853413
leaf_count=572 185 301 312 10905 492 482 1232 425 271 1331 380 15220 92 4308
internal_value=-7.24137e-05 6.79831e-05 -0.0130755 0.000213379 0.000921813 0.00605947 0.000555132 -0.00783895 0.000127709 0.0127362 -0.000730623 -0.000188628 -0.00353406 -0.00444973
internal_weight=5369.18 5314.1 58.1423 5255.96 4055.11 542.871 297.56 122.181 3512.24 245.312 84.6974 3416.86 720.791 704.432
internal_count=36508 35936 497 35439 24534 4151 2338 1106 20383 1813 805 19891 4671 4579
is_linear=0
shrinkage=0.03


Tree=146
num_leaves=15
num_cat=0
split_feature=5 16 18 18 18 17 8 9 17 18 8 17 17 16
split_gain=9.63489 7.44005 14.6526 19.916 18.3822 17.0825 17.6116 18.1704 14.2845 13.2466 18.8566 17.348 33.4116 27.5854
threshold=0.15244476275903185 6.1000000000000005 6556.1600000000008 25768.090000000004 4330.1250000000009 8.0500000000000025 83.500000000000014 104.50000000000001 471.85000000000008 56950.900000000009 353.50000000000006 1200.5000000000002 3621.2500000000005 3.2500000000000004
decision_type=2 2 2 2 2 2 2 2 2 2 2 2 2 2
left_child=-1 2 4 8 -2 -6 7 -7 -4 11 -11 13 -13 -5
right_child=1 -3 3 9 5 6 -8 -9 -10 10 -12 12 -14 -15
leaf_value=-0.0049270158271009241 0.00054282858691631348 0.0015789246284588375 -0.0057636123778108377 0.007244378236336068 0.035325050684107198 -0.0017275172331624555 -0.01103814972908441 0.033656603669807252 -0.020346277639700833 -0.003272916152873995 0.021055593473042429 0.04350185679632132 -0.011499155017497082 -0.026530247916506537
leaf_weight=323.23046484962106 1035.9537107162178 2491.7273602057248 272.00172016583383 130.42357075959444 24.922730326652527 23.978365994989872 30.7094831392169 28.688555242493749 77.732241353020072 792.06065035238862 29.75006514787674 26.911584138870239 15.762406576424835 26.123377148061991
leaf_count=2273 6208 15988 1703 867 148 155 165 158 546 7453 167 168 123 182
internal_value=9.29837e-05 0.00041707 -0.000734025 -0.00282615 0.00177225 0.0135325 0.0070183 0.0175468 -0.00900477 -0.000709787 -0.00239221 0.00623041 0.0231862 0.00160832
internal_weight=5329.98 5006.75 2515.02 1370.77 1144.25 108.299 83.3764 52.6669 349.734 1021.03 821.811 199.221 42.674 156.547
internal_count=36304 34031 18043 11209 6834 626 478 313 2249 8960 7620 1340 291 1049
is_linear=0
shrinkage=0.03


Tree=147
num_leaves=15
num_cat=0
split_feature=0 4 8 0 7 8 12 6 17 1 6 10 19 18
split_gain=11.6504 14.954 11.4408 9.04575 14.985 12.9422 9.16001 8.80796 9.42388 9.07774 7.97542 18.6527 15.5318 14.3919
threshold=0.10793044585584659 0.16631386113845409 19.500000000000004 0.4363579715520664 0.22391120753455043 8.5000000000000018 16.500000000000004 0.18835609079746848 1384.2500000000002 0.11581871978909171 0.17710374240158178 3556.5000000000005 8.1719100245103231 1.5200000000000002
decision_type=2 2 2 2 2 2 2 2 2 2 2 2 2 2
left_child=1 7 -3 10 5 -5 -7 -1 9 -9 11 12 13 -2
right_child=3 2 -4 4 -6 6 -8 8 -10 -11 -12 -13 -14 -15
leaf_value=-0.020951858676328816 0.024778024637411786 -0.020994723424167343 -0.0052152417313708083 0.020975109456945799 -0.017972405068423826 -0.0094437428049577339 0.0058917551156203686 0.056082466094492918 -0.0097255275179761562 0.013654549935316481 0.00018922242686770737 -0.018301594326808439 0.023586222957480404 -0.0040562534158960842
leaf_weight=5.7362414132803705 16.270012445747852 57.17441170476377 149.44545419514179 45.975459322333336 24.863794162869453 40.177175179123878 274.92709019780159 7.7525938898325029 6.9238784983754149 10.947415366768835 4253.1883676424623 69.248725656419992 21.13373339548707 366.89526102691889
leaf_count=167 112 1479 3221 220 104 164 1133 112 200 150 26107 434 159 2673
internal_value=-0.000163407 -0.00665187 -0.00958163 0.000138612 0.0045547 0.00610591 0.00393641 0.0126512 0.0201737 0.0312442 -0.000221967 -0.00391508 -0.00145095 -0.00283189
internal_weight=5350.66 237.98 206.62 5112.68 385.944 361.08 315.104 31.3601 25.6239 18.7 4726.74 473.548 404.299 383.165
internal_count=36435 5329 4700 31106 1621 1517 1297 629 462 262 29485 3378 2944 2785
is_linear=0
shrinkage=0.03


Tree=148
num_leaves=15
num_cat=0
split_feature=0 12 18 17 0 12 17 4 1 5 5 3 18 18
split_gain=9.83146 17.9665 13.0524 13.0652 11.6573 11.2319 11.4551 10.8948 11.473 10.081 13.802 12.9906 9.69327 9.1098
threshold=0.24179946486675549 232.00000000000003 2116473.0000000005 72100.000000000015 0.097514312007161166 37.500000000000007 23192.500000000004 0.21918114196733784 0.20935143194573191 0.2453723999160132 0.16563275617310133 0.28822054136757896 12762290.000000002 5795700.0000000009
decision_type=2 2 2 2 2 2 2 2 2 2 2 2 2 2
left_child=1 2 9 4 12 6 -2 8 -3 10 -1 -12 13 -4
right_child=5 7 3 -5 -6 -7 -8 -9 -10 -11 11 -13 -14 -15
leaf_value=-0.0058409798152515083 -0.0016627982581087809 0.00087470024059606787 0.022279134616452003 0.004668841772363634 -0.015439136822412824 0.0027509612959574401 0.020386318904905769 -0.013641580669729928 -0.0095653770084046068 -0.0036086780775915332 0.0038659688044587808 -0.0079396561258330122 0.057197146574850651 -0.031147409677725477
leaf_weight=179.9189929254353 994.89854584634304 217.34241960942745 6.7619108911603671 57.44261678494513 122.37345707975328 1802.0768062025309 21.667872622609138 132.74671103060246 167.93367236293852 369.41616262681782 1189.136308638379 90.253869883716106 3.3851730786263934 4.9935062825679779
leaf_count=1586 4674 2407 254 648 1771 8434 100 1277 1226 3193 9876 773 102 158
internal_value=0.000108557 -0.00124442 3.1704e-05 -0.00734734 -0.0123668 0.0013286 -0.00119283 -0.00622968 -0.00367591 0.000818369 0.00193905 0.00303315 0.0124656 -0.000415575
internal_weight=5360.35 2541.7 2023.68 194.957 137.514 2818.64 1016.57 518.023 385.276 1828.73 1459.31 1279.39 15.1406 11.7554
internal_count=36479 23271 18361 2933 2285 13208 4774 4910 3633 15428 12235 10649 514 412
is_linear=0
shrinkage=0.03


Tree=149
num_leaves=15
num_cat=0
split_feature=0 17 2 17 18 17 17 9 7 17 17 2 1 18
split_gain=11.1845 8.35229 15.9481 14.7184 24.2566 14.3097 21.4163 14.1898 12.8548 11.7353 11.6178 10.4904 11.0484 10.3438
threshold=0.036948057133733371 680.55000000000007 0.19326346043428327 80.200000000000017 2434.5000000000005 999.50000000000011 1101.2500000000002 167.50000000000003 0.21405349461067297 911.20000000000016 563.75000000000011 0.21753249985994308 0.29889168127704263 177.26500000000001
decision_type=2 2 2 2 2 2 2 2 2 2 2 2 2 2
left_child=-1 2 3 13 -5 9 7 8 -7 11 -6 -3 -13 -2
right_child=1 5 -4 4 10 6 -8 -9 -10 -11 -12 12 -14 -15
leaf_value=-0.024014750351861989 -0.0045561125414466273 -0.01686994090427707 3.1634383032553777e-05 0.033781701899161132 0.003917119818689768 0.053892165415423195 -0.0018732463500658611 -0.00039176516876715203 0.014734986794848194 -0.027131828777824711 0.030969699442183824 -0.0058800801620364366 0.022708312572006416 0.0058839748011427209
leaf_weight=17.331551443785429 135.18845451623201 48.472967587411404 3573.3991698194295 38.009098913520575 130.30648481287062 12.695576868951322 1000.9783901749179 23.067108545452356 18.600183906033635 31.6153136305511 16.046650303527713 45.607023969292641 16.592758480459452 231.96205964870751
leaf_count=679 992 358 20766 244 1003 95 9371 161 152 220 125 305 84 1799
internal_value=4.57699e-05 0.000124117 0.000764469 0.0055127 0.0124288 -0.0020814 -0.0008773 0.017461 0.0306197 -0.0110121 0.00688326 -0.00640732 0.00174632 0.00203983
internal_weight=5339.87 5322.54 4124.91 551.513 184.362 1197.63 1055.34 54.3629 31.2958 142.288 146.353 110.673 62.1998 367.151
internal_count=36354 35675 24929 4163 1372 10746 9779 408 247 967 1128 747 389 2791
is_linear=0
shrinkage=0.03


Tree=150
num_leaves=15
num_cat=0
split_feature=0 6 17 13 8 5 5 9 19 17 17 17 9 6
split_gain=10.1198 8.51964 8.70903 8.25428 10.6515 9.20792 12.7195 11.652 9.71957 7.75886 10.2015 8.769 10.5879 7.6337
threshold=0.036948057133733371 0.14477736895612639 160640.00000000003 26.500000000000004 86.500000000000014 0.2190329910432621 0.16366854530690231 257.00000000000006 3.8887538546699645 72100.000000000015 47541.000000000007 28347.500000000004 126.50000000000001 0.21851127728150785
decision_type=2 2 2 2 2 2 2 2 2 2 2 2 2 2
left_child=-1 -2 3 9 -5 6 -6 -7 13 10 11 -3 -13 -9
right_child=1 2 -4 4 5 7 -8 8 -10 -11 -12 12 -14 -15
leaf_value=-0.023753031048724366 -0.01241190916753987 -0.00080455317305919019 -0.021961167252789019 0.0056826478227959389 -0.012941608744657808 0.0088076260612342406 0.0087825234504893303 0.0098926352852570076 -0.025370050945985847 0.010148034425755128 -0.01851097514603332 0.0022437691782236434 0.0414080371035098 -0.012969832744474904
leaf_weight=16.752727811224759 52.615214170888066 4447.3102236595005 16.62157594319433 437.46527684479952 32.041012680158019 28.930658902972937 99.840714843943715 19.439775668084621 35.48989687114954 58.844669971615076 29.13451892696321 17.236623166128997 9.7137135490775091 40.586510021239519
leaf_count=674 544 29083 351 3089 192 192 586 108 228 468 342 198 93 226
internal_value=-0.000473017 -0.00039978 -0.000279913 -0.000211348 0.00283729 -0.00201877 0.00350459 -0.00787211 -0.0129242 -0.000674964 -0.000816385 -0.000701165 0.0163598 -0.00556572
internal_weight=5342.02 5325.27 5272.66 5256.03 693.794 256.329 131.882 124.447 95.5162 4562.24 4503.4 4474.26 26.9503 60.0263
internal_count=36374 35700 35156 34805 4621 1532 778 754 562 30184 29716 29374 291 334
is_linear=0
shrinkage=0.03


Tree=151
num_leaves=15
num_cat=0
split_feature=17 15 5 17 6 17 17 14 2 1 8 9 19 10
split_gain=10.4275 7.94955 7.98289 8.70549 14.0075 18.7599 22.1177 19.8481 14.0451 12.058 12.8162 11.9481 18.7872 14.9822
threshold=160640.00000000003 39.000000000000007 0.15244476275903185 3.0500000000000003 0.17710374240158178 9.0500000000000025 8.0500000000000025 3034.5000000000005 0.24608166240094712 0.37412931107654407 7.5000000000000009 129.50000000000003 8.1294255463464964 287.00000000000006
decision_type=2 2 2 2 2 2 2 2 2 2 2 2 2 2
left_child=1 -1 -3 11 8 6 9 -8 -5 10 -6 13 -13 -4
right_child=-2 2 3 4 5 -7 7 -9 -10 -11 -12 12 -14 -15
leaf_value=-0.012051901422265468 -0.023640911338941639 -0.0044724247451594428 -0.010263809573958576 -0.0087897705471453383 -0.017775623240111262 0.00077660624298068136 0.0049480649743182019 0.046714851268372409 0.0036887896415598487 0.023816744075357936 0.0052023000076064545 -0.0068603995994658802 0.02504326386864331 0.0046566571572393134
leaf_weight=48.622695948928595 16.812631732784212 318.04122059233487 76.144829886034131 242.74043063912541 23.359245322644711 3315.2966736927629 18.35826257802546 23.156284593045712 121.96674517542124 29.01460113748908 337.32553577050567 436.5895213522017 17.269100841134787 296.11288108490407
leaf_count=322 408 2204 625 2375 181 22373 95 139 797 134 1890 2711 108 1926
internal_value=-5.2061e-05 2.2711e-05 0.000134425 0.000431178 0.000995864 0.00154222 0.00742846 0.028245 -0.00461664 0.00521088 0.00371417 -0.00237902 -0.00564648 0.0016047
internal_weight=5320.81 5304 5255.38 4937.33 4111.22 3746.51 431.214 41.5145 364.707 389.699 360.685 826.116 453.859 372.258
internal_count=36288 35880 35558 33354 27984 24812 2439 234 3172 2205 2071 5370 2819 2551
is_linear=0
shrinkage=0.03


Tree=152
num_leaves=15
num_cat=0
split_feature=2 17 9 2 19 9 6 2 6 10 17 17 18 6
split_gain=8.0847 7.59852 16.4894 18.4325 15.149 15.293 13.2118 14.7447 19.9114 21.2933 12.7183 14.3247 12.4481 12.3066
threshold=0.042343523461182704 3.3500000000000001 129.50000000000003 0.25008416315621523 8.0794152201981628 352.50000000000006 0.24068871889190738 0.23290926369633672 0.16758542065467155 410.50000000000006 2.2500000000000004 0.8500000000000002 69.450000000000017 0.17177067789669123
decision_type=2 2 2 2 2 2 2 2 2 2 2 2 2 2
left_child=-1 2 3 6 5 -4 7 8 9 -2 11 12 -10 -9
right_child=1 -3 4 -5 -6 -7 -8 13 10 -11 -12 -13 -14 -15
leaf_value=-0.021120253908886676 -0.0067335594284750775 0.0004137126615662697 -0.013184300160563421 -0.007172667039010659 0.020755733985659434 -0.0024069020696806968 0.02448935105789083 -0.010938028839009198 0.016064335149891501 0.046047404127672636 0.015871203301124941 -0.022474293315569778 -0.013514538408103237 0.017871491818581071
leaf_weight=16.519194501452148 13.082754263654353 4419.4577911999077 217.15588488429785 137.14899603649974 17.968279734253883 260.82262617722154 31.734795533120632 16.009217005223036 23.390030885115266 14.507106896489857 18.256314620375633 51.59342160820961 28.29606050811708 80.177974622696638
leaf_count=395 109 30192 1324 805 109 1660 188 115 175 107 127 439 278 471
internal_value=-0.000165292 -0.000100341 -0.00259647 0.00182211 -0.00628672 -0.00730331 0.00627487 0.00391856 -0.00198838 0.0210194 -0.00721136 -0.0112916 -0.000128911 0.0130765
internal_weight=5346.12 5329.6 910.143 414.197 495.947 477.979 277.048 245.313 149.126 27.5899 121.536 103.28 51.6861 96.1872
internal_count=36494 36099 5907 2814 3093 2984 2009 1821 1235 216 1019 892 453 586
is_linear=0
shrinkage=0.03


Tree=153
num_leaves=15
num_cat=0
split_feature=5 17 17 10 18 9 9 9 2 19 13 17 19 18
split_gain=7.41664 7.50266 7.48016 11.9402 13.9586 12.531 14.2112 11.8883 11.6688 9.39186 9.13554 10.719 13.3302 13.5251
threshold=0.16563275617310133 160640.00000000003 3.0500000000000003 287.00000000000006 63.95000000000001 129.50000000000003 426.00000000000006 525.50000000000011 0.18888320065850331 5.7409176684237311 26.500000000000004 9.0500000000000025 7.3724319131086853 1651.0000000000002
decision_type=2 2 2 2 2 2 2 2 2 2 2 2 2 2
left_child=-1 2 3 4 -2 -5 8 9 -7 -8 11 12 13 -4
right_child=1 -3 10 5 -6 6 7 -9 -10 -11 -12 -13 -14 -15
leaf_value=-0.0031566658152556658 0.0065465708262287927 -0.019525618718755841 0.0035081744269050094 0.0039934605921325139 -0.021714325452947981 0.0085876387150638448 0.032644538818961781 -0.0013943393122632193 -0.010163860670395621 0.002141444632694028 0.0049759756025648805 -1.2509441982385831e-06 -0.009543716834394058 0.016110854551899277
leaf_weight=532.67774366308004 22.333362095057964 16.65576162841171 289.04872611910105 290.67941859178245 53.194056170061231 33.877728793770075 19.44487139582634 108.7459474876523 252.29816291108727 17.050633683800697 497.86962472647429 3050.980760906823 50.356824651360512 104.29305738955736
leaf_count=3729 193 388 1631 1876 422 221 117 708 1554 99 3448 21120 349 583
internal_value=0.000202036 0.000574237 0.000644126 -0.0020082 -0.0133576 -0.000821114 -0.00406507 0.00357786 -0.00794404 0.0183935 0.001174 0.000632354 0.00498918 0.00684973
internal_weight=5339.51 4806.83 4790.17 797.624 75.5274 722.097 431.417 145.241 286.176 36.4955 3992.55 3494.68 443.699 393.342
internal_count=36438 32709 32321 5190 615 4575 2699 924 1775 216 27131 23683 2563 2214
is_linear=0
shrinkage=0.03


Tree=154
num_leaves=15
num_cat=0
split_feature=17 6 16 0 9 9 1 17 17 17 8 17 8 8
split_gain=10.005 17.0278 20.4275 13.3577 21.0855 21.7705 11.9894 10.8767 13.8193 12.177 11.2901 15.8895 18.0396 15.8542
threshold=0.45000000000000007 0.16841001681837381 7.9000000000000012 0.27496539208477649 218.50000000000003 54.500000000000007 0.30822311462346397 260.75000000000006 98.250000000000014 284.25000000000006 215.00000000000003 180.20000000000002 34.500000000000007 14.500000000000002
decision_type=2 2 2 2 2 2 2 2 2 2 2 2 2 2
left_child=1 2 -1 4 5 -3 -5 8 -2 -9 11 -10 13 -13
right_child=7 3 -4 6 -6 -7 -8 9 10 -11 -12 12 -14 -15
leaf_value=-0.010020796080654855 0.00021446708689619998 -0.026058468022584942 0.041289637898554429 0.010800648598491364 -0.030087118288168783 0.0095238264935106828 -0.016537235982116542 -0.019599093163847288 0.010923974307159693 -0.0014476824407616651 -0.0027067752458303897 -0.0033071030627424784 -0.0096629226261550089 0.022942513873746778
leaf_weight=14.18135004863143 2783.2557896189392 25.527548981830478 13.757418127730489 41.028685241937637 52.334994275122881 39.300168380141258 22.277617052197456 33.944502495229244 336.45725124329329 1656.7061236388981 132.2473072335124 41.508424373343587 89.033641580492258 41.324380654841661
leaf_count=121 16716 304 93 203 408 324 101 209 2029 14124 705 292 508 243
internal_value=-0.000105892 -0.00654905 0.0152451 -0.00992305 -0.0159226 -0.0044876 0.00118039 0.000156658 0.00112882 -0.00181212 0.00510166 0.00713313 -0.000288088 0.00978854
internal_weight=5322.89 208.408 27.9388 180.469 117.163 64.8277 63.3063 5114.48 3423.83 1690.65 640.571 508.324 171.866 82.8328
internal_count=36380 1554 214 1340 1036 628 304 34826 20493 14333 3777 3072 1043 535
is_linear=0
shrinkage=0.03


Tree=155
num_leaves=15
num_cat=0
split_feature=2 17 6 17 17 17 9 6 9 17 2 17 14 19
split_gain=8.86486 8.4811 7.30632 7.27227 14.8258 15.4836 18.9755 11.4802 9.79412 17.7512 17.4137 20.798 14.3068 13.6055
threshold=0.055613716672834851 160640.00000000003 0.14477736895612639 72100.000000000015 47541.000000000007 28347.500000000004 165.50000000000003 0.22017115233470125 254.50000000000003 210.05000000000004 0.19326346043428327 24.650000000000002 3034.5000000000005 5.3943089000803308
decision_type=2 2 2 2 2 2 2 2 2 2 2 2 2 2
left_child=-1 2 -2 4 5 8 7 -7 -4 10 11 -10 -13 -11
right_child=1 -3 3 -5 -6 6 -8 -9 9 13 -12 12 -14 -15
leaf_value=-0.018946278432003204 -0.010866042269846946 -0.021483747145152901 0.0015707061723250406 0.010445112432128707 -0.019636545258287445 0.027106745163015693 0.056920284310011102 -0.015464141110642629 0.00088546809393316868 -0.0033238418001150585 -0.00046372244433063789 0.045275528587715733 0.01398164879383058 -0.014992265590859444
leaf_weight=21.3230703137815 50.401678302325308 15.83899867814034 3025.742232369259 66.813143434002995 32.751211172901094 11.764058452099563 9.5062834899872524 11.062324060127137 86.006395887583494 454.46179690398276 1367.559996496886 19.131077408790588 42.043093468993902 112.12486205808818
leaf_count=555 507 369 21234 512 417 151 83 110 521 2848 7745 106 233 898
internal_value=0.000358339 0.000435929 0.000501568 0.00061093 0.000483894 0.000612113 0.0213071 0.00647566 0.000481093 -0.00110294 0.000591513 0.0103965 0.0237682 -0.00563297
internal_weight=5326.53 5305.21 5289.37 5238.97 5172.15 5139.4 32.3327 22.8264 5107.07 2081.33 1514.74 147.181 61.1742 566.587
internal_count=36289 35734 35365 34858 34346 33929 344 261 33585 12351 8605 860 339 3746
is_linear=0
shrinkage=0.03


Tree=156
num_leaves=15
num_cat=0
split_feature=7 2 18 18 8 18 2 9 18 18 6 17 10 18
split_gain=8.89964 7.83327 14.5732 12.8917 20.7399 12.4173 12.4919 9.24961 8.93421 10.0953 8.51086 9.57433 10.7311 11.0843
threshold=0.2174771704741765 0.26737458245249635 3271.9500000000003 896.11000000000013 120.50000000000001 6556.1600000000008 0.28522915245014191 134.50000000000003 57.020000000000003 166.81999999999996 0.17710374240158178 2.0500000000000003 607.00000000000011 12.625000000000002
decision_type=2 2 2 2 2 2 2 2 2 2 2 2 2 2
left_child=1 10 3 4 8 7 -7 -4 -3 -10 11 12 -1 -14
right_child=-2 2 5 -5 -6 6 -8 -9 9 -11 -12 -13 13 -15
leaf_value=0.021531584846066792 -0.0018294334333765507 -0.016698946586605392 0.0097451877989992598 -0.010029414864832885 0.026930275212521927 0.0090198793426973095 -0.0020964987142722325 0.033257398645343557 0.016805380134699784 -0.0040909882458258634 0.00061141033224427121 -0.0080225079003354675 0.014889290367719177 -0.017331472274542615
leaf_weight=23.188615834340453 1756.7432160880417 27.763382222503424 37.181335221976042 107.3342405539006 27.887457400560379 243.06637653708458 145.40373464114964 25.308217387646437 30.694836113601923 64.595191080123186 2584.3839363902807 210.55923612229526 16.262892432510853 23.485796809196472
leaf_count=178 12061 162 191 564 131 1484 915 123 160 362 17738 2040 111 177
internal_value=-8.16059e-05 0.000779169 0.0036012 -0.0020812 0.00357079 0.00685564 0.00485904 0.0192676 -0.00172315 0.00264015 7.88322e-05 -0.00495372 0.00531302 -0.00414858
internal_weight=5323.86 3567.12 709.235 258.275 150.941 450.96 388.47 62.4896 123.053 95.29 2857.88 273.497 62.9373 39.7487
internal_count=36397 24336 4092 1379 815 2713 2399 314 684 522 20244 2506 466 288
is_linear=0
shrinkage=0.03


Tree=157
num_leaves=15
num_cat=0
split_feature=0 8 15 7 3 16 19 6 16 13 17 13 15 17
split_gain=12.6031 21.3893 13.6291 9.15825 10.9008 10.4471 13.8093 11.875 11.755 11.5558 9.95278 9.09847 14.4426 8.66054
threshold=0.14696646821473822 14.500000000000002 131.00000000000003 0.21538607667924706 0.32468057662655408 1.8500000000000003 5.1876650574537111 0.27422082180299318 2.6500000000000008 52.500000000000007 0.8500000000000002 1.0000000180025095e-35 935.00000000000011 4002.5000000000005
decision_type=2 2 2 2 2 2 2 2 2 2 2 2 2 2
left_child=1 11 -3 4 5 13 7 9 -8 -7 -10 12 -1 -2
right_child=3 2 -4 -5 -6 6 8 -9 10 -11 -12 -13 -14 -15
leaf_value=0.047355005784284566 0.00055453574191816394 0.02301955532443712 -0.0019048922014390948 -0.0010716042600885248 -0.0097751369651743972 0.00014475006272243735 0.030039077182558487 0.017285530530386034 -0.0080723191618603633 0.011652043948569449 0.007036836387086496 -0.018480376715457266 -0.0089731276582891758 -0.0080911722034277631
leaf_weight=4.9039545990526703 957.89489164203405 20.603068172931671 474.11280150059611 1612.4640445522964 72.574063232168555 1152.9932208973914 18.957841500639915 41.278744101524353 41.891824390739202 84.282448278740048 619.38113933801651 105.25364850275218 24.88815606571734 117.01475496403873
leaf_count=91 5351 229 6607 9215 406 6143 131 181 250 447 3560 2298 552 980
internal_value=0.000230766 -0.00375552 -0.000866882 0.000762776 0.001715 0.00198988 0.00329402 0.00145671 0.00674741 0.00092862 0.00607967 -0.0143375 0.000298811 -0.000386637
internal_weight=5348.49 629.762 494.716 4718.73 3106.27 3033.69 1958.79 1278.55 680.231 1237.28 661.273 135.046 29.7921 1074.91
internal_count=36441 9777 6836 26664 17449 17043 10712 6771 3941 6590 3810 2941 643 6331
is_linear=0
shrinkage=0.03


Tree=158
num_leaves=15
num_cat=0
split_feature=0 11 5 5 13 12 0 13 8 10 10 19 18 16
split_gain=9.17131 7.38406 6.14889 9.82312 8.18786 9.11321 10.6213 9.25729 8.35091 9.26665 6.67754 8.03297 7.30688 7.30416
threshold=0.063354340628322389 1.5000000000000002 0.15463305720140177 0.1959895960121141 8.5000000000000018 39.500000000000007 0.13941849275295201 74.500000000000014 101.50000000000001 1361.0000000000002 1356.5000000000002 2.7440554690903469 31.200000000000006 4.7000000000000002
decision_type=2 2 2 2 2 2 2 2 2 2 2 2 2 2
left_child=1 -1 10 4 -4 7 -7 8 9 -6 11 12 -2 -14
right_child=2 -3 3 -5 5 6 -8 -9 -10 -11 -12 -13 13 -15
leaf_value=0.0059382127871621818 -0.006834697430234609 -0.02009287007854578 0.0015551761810121787 -3.5298817631112724e-05 -0.00062113190047767813 -0.0092991487581176157 0.01390861064965589 -0.017437218804274918 -0.0077877157780888847 0.024745456037530332 -0.0067796368079915143 -0.0026341213922881092 0.002246977712763614 0.02768675681339447
leaf_weight=13.647194805555044 16.267370281741023 34.856758821755648 697.41133558563888 3842.0603099260479 25.684450839646161 19.837518542073667 168.5072176437825 20.95610735937953 29.620758436620235 26.164318241178989 218.43989080749452 180.73215168528259 17.657458314672112 23.914100807160139
leaf_count=426 100 1128 4568 25280 212 304 960 132 174 156 1341 1391 120 126
internal_value=0.000217 -0.0127687 0.000336127 0.000650818 0.00331845 0.00754764 0.0114642 0.000345619 0.00491983 0.0121795 -0.0029899 0.000480053 0.0102111 0.0168812
internal_weight=5335.76 48.504 5287.25 4830.24 988.182 290.77 188.345 102.426 81.4695 51.8488 457.011 238.571 57.8389 41.5716
internal_count=36418 1554 34864 31786 6506 1938 1264 674 542 368 3078 1737 346 246
is_linear=0
shrinkage=0.03


Tree=159
num_leaves=15
num_cat=0
split_feature=6 17 0 8 1 7 6 0 18 2 19 0 18 17
split_gain=12.0842 8.87316 7.31991 18.4667 10.2609 10.1715 8.41591 10.4353 7.55092 12.4234 23.5626 10.1052 8.02792 11.5846
threshold=0.14477736895612639 160640.00000000003 0.14696646821473822 14.500000000000002 0.08323535935720569 0.24164127058590754 0.18650225446593777 0.036948057133733371 1572224.2050000001 0.13901263895607952 4.9746540367908585 0.10331606686480477 1884.7500000000002 9.0500000000000025
decision_type=2 2 2 2 2 2 2 2 2 2 2 2 2 2
left_child=-1 2 3 -2 -4 6 -5 -8 9 10 11 -9 -11 -14
right_child=1 -3 4 5 -6 -7 7 8 -10 12 -12 -13 13 -15
leaf_value=-0.01437532519396801 -0.012743988148634072 -0.022666020461965249 0.023513037862066901 -0.010462242611064361 0.00061729620514646452 0.032752209046864447 -0.028203615564487312 0.027976929218789238 -0.013704841928581681 -0.0043599450735153271 0.061608884877915014 -0.02227357191974004 0.036416445636824946 0.0034598090240298154
leaf_weight=51.467409506440163 131.52089051529765 15.187555613927541 17.683477956801653 67.535646273754537 4647.9385302457958 8.3492644522339088 10.749894549138842 6.5093314982950714 26.568613382056355 133.57448543794453 9.1439832150936109 8.0630969330668432 10.067725170403717 206.31131977960467
leaf_count=559 2830 387 207 1311 25994 86 402 149 682 1333 136 99 100 2223
internal_value=9.12486e-05 0.000231752 0.000297566 -0.00276944 0.000704075 -7.49746e-05 -0.000647742 0.000965025 0.00174846 0.00284722 0.0238598 0.000172733 0.00142319 0.00499322
internal_weight=5350.67 5299.2 5284.02 618.394 4665.62 486.873 478.524 410.988 400.239 373.67 23.7164 14.5724 349.954 216.379
internal_count=36498 35939 35552 9351 26201 6521 6435 5124 4722 4040 384 248 3656 2323
is_linear=0
shrinkage=0.03


Tree=160
num_leaves=15
num_cat=0
split_feature=2 2 18 13 17 17 6 9 18 19 18 2 8 9
split_gain=9.07205 6.78188 14.8747 10.9539 6.47081 17.5365 10.9772 12.2203 14.3033 11.9283 11.4025 11.2962 17.1355 10.6659
threshold=0.055613716672834851 0.086105690395319248 10982.675000000001 1.0000000180025095e-35 3.3500000000000001 3.6500000000000008 0.16758542065467155 41.500000000000007 4156.3500000000013 4.3509226817742386 193024.40000000002 0.24029179034208184 76.500000000000014 129.50000000000003
decision_type=2 2 2 2 2 2 2 2 2 2 2 2 2 2
left_child=-1 2 -2 -4 13 -6 7 8 -7 11 -11 -9 -13 -3
right_child=1 4 3 -5 5 6 -8 9 -10 10 -12 12 -14 -15
leaf_value=-0.019944987856685994 0.056831318612152959 0.0011297592468051717 0.033815871680579861 -0.0074433589308371866 0.024860666234034365 0.033404621398066145 0.00056427385108942703 -0.0089160027524387304 -0.0010916033327226645 -0.019442345838732646 0.0016685183562843162 -0.0078799265520035737 0.032069403012959331 -0.0054225683232387908
leaf_weight=20.780253152363002 5.8381520863622418 405.5725047942251 8.0864163134247082 20.403332699090242 26.018391788005829 13.533763963729141 4079.0517601491883 60.829595278017223 53.90300570987165 101.15497548878193 29.813197469338775 19.592901736497879 19.066966690123081 498.29315719753504
leaf_count=550 47 2734 138 458 156 87 26762 631 637 698 305 114 96 3120
internal_value=-0.00016139 -8.442e-05 0.013207 0.0042675 -0.000170397 0.00030424 0.000158267 -0.00540117 0.00583138 -0.00868805 -0.0146367 -0.000857189 0.011823 -0.00248248
internal_weight=5361.94 5341.16 34.3279 28.4897 5306.83 4402.96 4376.95 297.894 67.4368 230.458 130.968 99.4895 38.6599 903.866
internal_count=36533 35983 643 596 35340 29486 29330 2568 724 1844 1003 841 210 5854
is_linear=0
shrinkage=0.03


Tree=161
num_leaves=15
num_cat=0
split_feature=17 14 0 16 10 17 2 18 10 2 14 17 19 14
split_gain=8.28014 15.4012 11.8521 14.4254 10.0503 8.73382 19.413 18.9177 14.8841 12.1579 11.8329 11.7641 20.7305 17.4617
threshold=0.45000000000000007 3480.0000000000005 0.31409412510752072 7.9000000000000012 3162.5000000000005 680.55000000000007 0.19326346043428327 186.89500000000004 3545.0000000000005 0.21831804775076438 320.00000000000006 3.3500000000000001 8.4133281531238673 2296.0000000000005
decision_type=2 2 2 2 2 2 2 2 2 2 2 2 2 2
left_child=1 4 3 -3 -1 6 7 -2 9 10 -8 12 13 -11
right_child=5 2 -4 -5 -6 -7 8 -9 -10 11 -12 -13 -14 -15
leaf_value=-0.0063534610405337442 -0.0047703171057828083 -0.014885501680397081 0.031045495990821476 0.018061193992656221 -0.024231576241670851 -0.0018995695645855129 0.0068163125508958079 0.0094706230037968544 0.0036738342161932035 0.0018550944330909744 -0.0056319722798455389 0.0014468536553073209 0.026883026488774563 -0.012776893825923402
leaf_weight=100.95117339864373 106.13743023946881 27.257375035434961 13.835245892405508 21.312204629182816 39.322981230914593 1204.1078470936045 77.124731820076704 401.64473503641784 837.65256966464221 125.30932035297155 631.02194102108479 1523.3970590233803 17.482193317264318 177.21304054744542
leaf_count=751 758 253 64 150 304 11252 421 3104 4822 726 4151 8381 99 1031
internal_value=9.73325e-05 -0.00584935 0.00654927 -0.000428578 -0.0113652 0.000333609 0.00102363 0.00649396 0.000204042 -0.000935062 -0.00427622 0.000348451 -0.00488055 -0.0067161
internal_weight=5303.77 202.679 62.4048 48.5696 140.274 5101.09 3896.98 507.782 3389.2 2551.55 708.147 1843.4 320.005 302.522
internal_count=36267 1522 467 403 1055 34745 23493 3862 19631 14809 4572 10237 1856 1757
is_linear=0
shrinkage=0.03


Tree=162
num_leaves=15
num_cat=0
split_feature=17 14 10 8 9 19 17 19 0 8 0 8 9 15
split_gain=9.14415 11.8013 17.7912 15.3933 31.9978 15.2282 14.0085 12.4013 11.6803 12.3473 11.1342 11.7311 10.6687 10.2679
threshold=3796.3500000000008 3480.0000000000005 1329.5000000000002 34.500000000000007 74.500000000000014 2.3369748506914587 18845.000000000004 4.2172991147555017 0.47102504204593448 82.500000000000014 0.22232424410987014 6.5000000000000009 113.50000000000001 935.00000000000011
decision_type=2 2 2 2 2 2 2 2 2 2 2 2 2 2
left_child=8 3 5 4 -2 6 -3 -7 -1 -10 11 -9 -6 -13
right_child=1 2 -4 -5 12 7 -8 10 9 -11 -12 13 -14 -15
leaf_value=9.1449513365293456e-05 -0.013342605473467418 0.00067091631724286156 -0.012359563084107818 -0.023370482546559084 0.040628337007176912 -0.011224130560293401 0.048380891264467332 -0.024275249734047277 0.012331898397743348 -0.0049168052176130298 0.012404233003616575 0.0288262860507414 0.0050027484255682798 -0.00081860924012835999
leaf_weight=4582.2440312486142 86.677202425897121 10.219399739056827 92.232611138373613 54.524288697168231 14.854368103668095 60.812809217721224 12.093153444118796 17.437421007081866 138.67849709093571 51.118879288434982 87.581035770475864 11.645669765770434 15.417604613117872 108.34253500308841
leaf_count=29230 1397 81 853 819 149 760 150 319 589 211 435 146 171 1289
internal_value=-3.60695e-05 -0.00362099 -0.000800527 -0.0102064 -0.00406896 0.00265942 0.0265292 0.00079602 0.000393515 0.00768624 0.00404472 -0.00128278 0.0224841 0.00205863
internal_weight=5343.88 571.838 400.365 171.473 116.949 308.132 22.3126 285.819 4772.04 189.797 225.007 137.426 30.272 119.988
internal_count=36599 6569 4033 2536 1717 3180 231 2949 30030 800 2189 1754 320 1435
is_linear=0
shrinkage=0.03


Tree=163
num_leaves=15
num_cat=0
split_feature=17 16 18 16 6 2 18 16 19 17 9 2 18 19
split_gain=8.98829 10.6957 10.7043 16.8482 14.5543 8.39139 8.15437 18.444 15.5495 12.2286 14.7624 10.1163 12.1648 8.40932
threshold=1448.8500000000001 25.600000000000005 834250.00000000012 1.1500000000000001 0.21719966131581567 0.23853737650533707 203478.07500000004 7.6500000000000012 6.3138195475875483 414.50000000000006 224.00000000000003 0.21753249985994308 369568.71000000002 7.1310187583124689
decision_type=2 2 2 2 2 2 2 2 2 2 2 2 2 2
left_child=1 2 6 4 -4 -6 -1 9 -9 -8 11 -11 -13 -10
right_child=-2 -3 3 -5 5 -7 7 8 13 10 -12 12 -14 -15
leaf_value=0.00038602768405724715 -0.002878683841058086 0.023272674814355764 0.043424822657229405 -0.0047047319611882741 0.02441193273719118 -0.0031823518772891449 -0.020291344566417745 -0.01505175667516352 0.037832861031368008 -0.0096170768688929806 -0.028417514313590398 0.029771583813031292 -0.0041917687245286162 0.0074861277781036141
leaf_weight=4104.2234600987285 898.02248893491924 18.344883773475885 17.486799601465464 40.303432403132319 19.776894938200712 19.896738924086094 68.223963685333729 14.744732089340685 15.768528990447519 32.276646316051483 17.006721517071128 19.481185771524906 18.508847068995237 17.163585595786572
leaf_count=24838 9146 133 162 317 150 132 514 97 117 266 120 132 146 136
internal_value=-0.000142289 0.000413268 0.000318066 0.0101496 0.0206233 0.0105731 9.56068e-05 -0.00577104 0.0105528 -0.0107761 -0.00333773 0.00273236 0.0132245 0.0220167
internal_weight=5321.23 4423.21 4404.86 97.4639 57.1604 39.6736 4307.4 203.174 47.6768 155.497 87.2734 70.2667 37.99 32.9321
internal_count=36406 27260 27127 761 444 282 26366 1528 350 1178 664 544 278 253
is_linear=0
shrinkage=0.03


Tree=164
num_leaves=15
num_cat=0
split_feature=17 19 8 7 6 10 17 17 17 19 19 8 19 18
split_gain=10.4353 14.1914 28.3151 9.20014 9.06173 17.2021 15.1575 8.45802 18.68 14.6758 19.2846 29.2408 10.8936 19.2631
threshold=3.3500000000000001 8.4133281531238673 20.500000000000004 0.2174771704741765 0.24068871889190738 967.00000000000011 0.95000000000000007 10.050000000000002 14.050000000000002 7.3724319131086853 5.5789745388335392 48.500000000000007 3.314179393058565 1338.5500000000002
decision_type=2 2 2 2 2 2 2 2 2 2 2 2 2 2
left_child=1 4 -3 7 -1 -6 -7 9 -9 10 -2 -12 -10 -14
right_child=3 2 -4 -5 5 6 -8 8 12 -11 11 -13 13 -15
leaf_value=-0.0049326850925611012 0.0032524145235244195 -0.011772048204226402 0.033860334321097654 -0.0014669283511571671 0.02563888121035332 -0.023381968712972427 0.008564628513114245 -0.011547068501423938 0.0041989133031847892 -0.010722252134957344 0.0064167477987857255 0.040097547398238939 -0.016711235661140161 0.00055916546690019226
leaf_weight=778.5935565829277 285.70236425660551 22.879790909588337 26.312234241515398 1447.7015163479373 26.138970885425806 21.815969452261925 34.511849906295538 105.86103123426437 797.36273219063878 45.829905604943633 64.582535665482283 36.203719742596149 60.372002940624952 1561.7506641391665
leaf_count=5137 1608 216 149 10054 154 124 174 626 5085 311 391 203 346 11724
internal_value=-0.000111559 -0.00303575 0.0126362 0.000492649 -0.00393109 0.00552531 -0.0038084 0.00145181 0.000788034 0.0053292 0.00723259 0.0185153 0.00132774 -8.36026e-05
internal_weight=5315.62 910.252 49.192 4405.37 861.06 82.4668 56.3278 2957.66 2525.35 432.319 386.489 100.786 2419.49 1622.12
internal_count=36302 5954 365 30348 5589 452 298 20294 17781 2513 2202 594 17155 12070
is_linear=0
shrinkage=0.03


Tree=165
num_leaves=15
num_cat=0
split_feature=17 2 5 12 12 18 2 19 7 5 11 8 9 2
split_gain=7.79461 6.59986 5.63456 6.10746 9.38911 8.23886 6.91171 7.16014 8.40423 6.50913 6.38358 6.29092 14.3201 12.1253
threshold=160640.00000000003 0.055613716672834851 0.15244476275903185 242.00000000000003 301.50000000000006 43.220000000000006 0.23790126725911789 5.4251690694149604 0.21463766079134819 0.29671566485274409 2.5000000000000004 109.50000000000001 81.500000000000014 0.13526915749144003
decision_type=2 2 2 2 2 2 2 2 2 2 2 2 2 2
left_child=1 -1 -3 -4 9 -6 11 -8 -9 -5 -10 12 13 -7
right_child=-2 2 3 4 5 6 7 8 10 -11 -12 -13 -14 -15
leaf_value=-0.01722480810949369 -0.019717737354757257 -0.0037300574807508664 0.00089411600307596258 -0.0080329538665078418 -0.0095543558004043509 -0.011113062427619657 0.0016503940663726191 -0.00045345570131646927 -0.0031974970406170016 0.011733910279582253 -0.024553022302787782 0.010011763133637528 -0.0060557745447346453 0.013517137186339326
leaf_weight=19.77042274735868 17.965138962492347 318.17757508158684 4047.7120254272595 234.20602374244481 72.548434251919389 22.288527986034751 163.88467489741743 60.738870821893215 19.91762812435627 16.018483095802367 34.277431234717369 107.15558786783367 119.1997035369277 93.246720666997135
leaf_count=522 432 2201 26901 1599 431 307 908 400 132 107 222 757 861 723
internal_value=9.78194e-06 7.62856e-05 0.000140709 0.000387462 -0.00178618 1.18023e-05 0.00112989 -0.00237563 -0.00811635 -0.00676755 -0.0167045 0.00398872 0.00123922 0.00876559
internal_weight=5347.11 5329.14 5309.37 4991.19 943.482 693.258 620.709 278.819 114.934 250.225 54.1951 341.891 234.735 115.535
internal_count=36503 36071 35549 33348 6447 4741 4310 1662 754 1706 354 2648 1891 1030
is_linear=0
shrinkage=0.03


Tree=166
num_leaves=15
num_cat=0
split_feature=7 0 8 0 8 0 17 12 12 17 0 6 15 9
split_gain=10.509 9.82345 15.3558 12.4339 10.8663 11.7056 10.0398 8.71902 12.4083 8.07869 8.65792 8.24644 7.97434 7.72433
threshold=0.2174771704741765 0.22023412276364115 6.5000000000000009 0.20797823686013236 3.5000000000000004 0.28694576888018403 0.8500000000000002 185.50000000000003 174.50000000000003 23998.000000000004 0.35836650844701329 0.35694760098996831 11098.500000000002 399.50000000000006
decision_type=2 2 2 2 2 2 2 2 2 2 2 2 2 2
left_child=1 2 3 -1 5 -3 13 8 -8 11 -11 -6 -5 -4
right_child=-2 4 6 12 9 -7 7 -9 -10 10 -12 -13 -14 -15
leaf_value=-0.015342377027397897 -0.0018869025946243803 -0.0028542167391043005 -0.0041351556688342221 -0.011098337193330315 0.0013088973230538732 0.023269661871432878 0.0018687761210432949 -0.0034160840946600821 0.027892983704424633 0.028171231112063971 0.0016762338697112425 0.015175766636445539 0.01391373877642846 -0.024416617155610786
leaf_weight=109.95414392463863 1740.979391656816 23.828223168849945 58.007650196552277 20.173755973577499 1995.2340506762266 43.83478969335556 856.26508300192654 320.42059840634465 16.812922452576458 21.522295609116554 22.922336682677269 39.358225807547569 26.595934562385082 23.849274903535843
leaf_count=1852 12025 107 612 125 9565 221 7869 3118 167 118 96 173 172 195
internal_value=2.48291e-05 0.000954835 -0.000969532 -0.00983133 0.00223859 0.0140699 0.000119463 0.000816546 0.00236993 0.00185354 0.0145064 0.00157715 0.00312497 -0.0100442
internal_weight=5319.76 3578.78 1432.08 156.724 2146.7 67.663 1275.36 1193.5 873.078 2079.04 44.4446 2034.59 46.7697 81.8569
internal_count=36415 24390 14110 2149 10280 328 11961 11154 8036 9952 214 9738 297 807
is_linear=0
shrinkage=0.03


Tree=167
num_leaves=15
num_cat=0
split_feature=3 16 9 18 19 14 19 17 9 1 1 14 8 8
split_gain=8.54845 6.01622 12.5765 15.5676 18.4586 16.3114 29.6993 15.5181 15.1265 14.3227 24.4339 25.6524 19.811 16.9231
threshold=0.36731308433213139 6.1000000000000005 257.00000000000006 454.15500000000003 4.8489000638184878 11048.000000000002 4.2202402997070347 8.0500000000000025 135.50000000000003 0.36168676739993805 0.2653537397014723 1580.0000000000002 40.500000000000007 50.500000000000007
decision_type=2 2 2 2 2 2 2 2 2 2 2 2 2 2
left_child=1 -1 3 4 5 6 9 -7 -9 10 11 12 -3 -13
right_child=-2 2 -4 -5 -6 7 -8 8 -10 -11 -12 13 -14 -15
leaf_value=-0.00081470929268376096 -0.014540221152329672 0.0058889429331717962 -0.0010826113067964795 0.0048379679162022489 -0.018052448404049907 -0.015649329297190675 0.041880353206191517 -0.0054857761695425592 0.028577490114128874 0.028292939141062585 -0.016348403280075998 0.01422743147150164 0.052191759327802324 -0.02818013556620759
leaf_weight=2684.2611628826708 35.721994820982218 16.334466442465782 1187.983303623274 1096.6451711896807 57.032310672104359 78.566104684025049 19.428305987268686 37.481618192046881 17.079376734793186 16.717964984476566 54.025520827621222 16.443820100277662 16.942080581560731 17.463172311894596
leaf_count=19286 266 110 7070 7717 433 471 111 216 108 74 276 125 105 173
internal_value=8.6359e-05 0.000184638 0.00120377 0.00308458 -0.00244855 0.000615064 0.00715389 -0.00711378 0.00517714 0.00226234 -0.00132797 0.0107507 0.0294631 -0.00761381
internal_weight=5352.13 5316.4 2632.14 1444.16 347.515 290.482 157.355 133.127 54.561 137.927 121.209 67.1835 33.2765 33.907
internal_count=36541 36275 16989 9919 2202 1769 974 795 324 863 789 513 215 298
is_linear=0
shrinkage=0.03


Tree=168
num_leaves=15
num_cat=0
split_feature=17 9 6 13 8 6 5 5 9 19 14 13 6 14
split_gain=7.31591 7.7796 7.35743 5.67159 13.7116 12.0515 6.39553 9.79295 7.36744 8.91019 7.35603 7.00224 6.30808 6.16024
threshold=160640.00000000003 15.500000000000002 0.13139761396770755 26.500000000000004 86.500000000000014 0.21802546204576198 0.21698166523678949 0.16366854530690231 254.50000000000003 3.8887538546699645 11048.000000000002 127.50000000000001 0.22118491207403926 37.500000000000007
decision_type=2 2 2 2 2 2 2 2 2 2 2 2 2 2
left_child=2 -2 -1 13 5 -5 7 -6 10 12 -8 -9 -10 -4
right_child=1 -3 3 4 6 -7 8 11 9 -11 -12 -13 -14 -15
leaf_value=-0.011625200965681403 0.014030299639698271 -0.033149368861770945 0.0084446540862712204 -0.0013928253140098321 -0.012415623964448232 0.0092875273914538922 -0.010582784873689634 0.011334894405187642 0.0062356212384589776 -0.02301094265125201 0.018835823015679817 -0.0083936581076282431 -0.01362171171000655 -0.0002995512824166118
leaf_weight=47.594730881974101 4.324463070370256 11.537804739549754 73.694297734647989 138.56788230221719 31.705221218988299 303.00747589953244 14.281220428645613 71.953023910522461 27.157201334834099 37.887051988393068 16.473692059516907 20.893149327486753 30.644670493900776 4512.9783409256488
leaf_count=511 107 304 488 1077 208 2058 124 441 155 250 116 134 174 30297
internal_value=5.65951e-05 -0.020287 0.000117174 0.000223037 0.00275353 0.005936 -0.00284538 0.00197966 -0.00759821 -0.0117036 0.00517512 0.00689538 -0.00429209 -0.000159058
internal_weight=5342.7 15.8623 5326.84 5279.24 692.571 441.575 250.995 124.551 126.444 95.6889 30.7549 92.8462 57.8019 4586.67
internal_count=36444 411 36033 35522 4737 3135 1602 783 819 579 240 575 329 30785
is_linear=0
shrinkage=0.03


Tree=169
num_leaves=15
num_cat=0
split_feature=2 5 18 3 16 5 3 2 6 2 6 19 5 0
split_gain=9.41131 7.35343 6.28784 7.38712 6.31059 6.26567 5.99529 5.94277 8.63636 11.3857 6.3324 6.72196 6.17777 11.3008
threshold=0.055613716672834851 0.15244476275903185 0.54500000000000015 0.17984590860911917 7.9000000000000012 0.3374539791464593 0.29809437904844366 0.086105690395319248 0.22171847164619296 0.080378553067970288 0.14477736895612639 5.6078219320634508 0.29192723222743661 0.19031565911638751
decision_type=2 2 2 2 2 2 2 2 2 2 2 2 2 2
left_child=-1 6 3 -3 -5 7 -2 8 9 -4 11 -9 -12 -14
right_child=1 2 5 4 -6 -7 -8 10 -10 -11 12 -13 13 -15
leaf_value=-0.02052654785400972 -0.0033943651174284518 -0.026841416862672451 -0.0082261479136199328 -0.012299931893059271 0.013485451401969816 -0.0062489657878920749 -0.021465521576287786 -0.020304872546762255 0.039388473723499545 0.042191630863419233 0.00035841504903573939 0.0027738783546380247 -0.0059645957473180335 0.0092137815488103243
leaf_weight=20.148429167456925 305.35666762292385 16.24211653880775 16.818049289286144 22.464345436543226 13.783197196200488 123.98518870398402 17.467862070538104 26.787015787325799 8.532320383936165 5.302093223668634 4498.3044258970767 19.720064223743975 59.141630880534649 174.12649938836694
leaf_count=561 2131 139 350 223 97 812 120 282 97 114 29764 185 664 871
internal_value=-6.19558e-05 1.57245e-05 0.00029987 -0.0100286 -0.00249499 0.000409777 -0.00437219 0.000581462 0.0137487 0.00385875 0.000496991 -0.010519 0.000605268 0.00536553
internal_weight=5328.18 5308.03 4985.21 52.4897 36.2475 4932.72 322.825 4808.73 30.6525 22.1201 4778.08 46.5071 4731.57 233.268
internal_count=36410 35849 33598 459 320 33139 2251 32327 561 464 31766 467 31299 1535
is_linear=0
shrinkage=0.03


Tree=170
num_leaves=15
num_cat=0
split_feature=0 1 18 9 9 8 0 17 16 4 18 17 2 9
split_gain=7.19865 10.0161 19.6879 9.77009 9.11196 8.97986 8.76867 9.43257 9.57736 8.87541 8.7385 12.0066 19.8735 11.9483
threshold=0.16603410614760419 0.21009264014621029 11454.380000000003 106.50000000000001 81.500000000000014 10.500000000000002 0.34377864811810338 30.050000000000004 3.9500000000000006 0.23023492429462225 9531990.6500000004 3135.9000000000005 0.23834857804498225 179.50000000000003
decision_type=2 2 2 2 2 2 2 2 2 2 2 2 2 2
left_child=5 2 3 4 -2 -1 7 -4 9 -9 11 -3 -13 -14
right_child=1 10 6 -5 -6 -7 -8 8 -10 -11 -12 12 13 -15
leaf_value=-0.0088916702970163828 0.010300787868751301 0.00036552852674935681 -0.017005279848416335 0.0044029857101676182 0.029241315954813784 -0.00080024546738617012 0.012584150298234193 -0.0015971311186599912 0.0031743265028276405 -0.01593185258211147 0.012682454337265182 -0.015646449080848595 -0.0053613033262655827 0.013889969752319441
leaf_weight=145.7884889729321 164.04070541635156 3051.4816661737859 34.669766038656235 328.69925137981772 26.561078235507011 805.32372383680195 40.611343994736671 130.5002852473408 243.67872460559011 55.365733297541738 48.521221168339252 114.42118118517101 79.716449543833733 45.620536051690578
leaf_count=2991 957 15096 234 1889 148 9969 176 1075 1644 457 307 703 417 250
internal_value=0.000324402 0.000839838 0.00343531 0.00753645 0.0129402 -0.00204052 -0.000783436 -0.00195289 -0.000737965 -0.00586716 4.39464e-05 -0.000142377 -0.00660666 0.00164583
internal_weight=5315 4363.89 1024.13 519.301 190.602 951.112 504.826 464.215 429.545 185.866 3339.76 3291.24 239.758 125.337
internal_count=36313 23353 6580 2994 1105 12960 3586 3410 3176 1532 16773 16466 1370 667
is_linear=0
shrinkage=0.03


Tree=171
num_leaves=15
num_cat=0
split_feature=18 18 14 17 17 16 18 1 19 8 0 8 18 9
split_gain=7.8419 13.1109 14.3601 14.479 11.1618 18.0946 27.9877 25.3525 20.65 11.5526 11.124 22.4867 10.0914 13.6411
threshold=203478.07500000004 243315.06000000003 3288.5000000000005 500.05000000000007 625.15000000000009 7.9000000000000012 773381.25000000012 0.19651060270790763 7.3724319131086853 6.5000000000000009 0.26506658373241565 5.5000000000000009 172217.10000000003 150.00000000000003
decision_type=2 2 2 2 2 2 2 2 2 2 2 2 2 2
left_child=12 2 -2 -4 5 6 9 -8 -7 -3 -6 -12 -1 -14
right_child=1 4 3 -5 10 8 7 -9 -10 -11 11 -13 13 -15
leaf_value=0.00018677999417037009 -0.035677880537448477 0.0097258755729335827 -0.026905218252829557 0.014423787563646843 -0.0063621374044866858 0.049306809185749853 0.051401751210285403 0.0023771325594125303 0.0047487427074618827 -0.017814346560115778 0.018811315465677943 -0.0027382338622841283 0.001205690138500406 0.031976239020205618
leaf_weight=4317.7982492055744 22.032108258455992 17.982712436467409 13.750851128250362 17.136389374732971 441.38811138365418 16.056195087730885 14.480508483946322 27.567328523844481 22.447819832712412 57.673040850088 53.255615040659904 239.88167724013329 33.34902111440897 21.215246445499361
leaf_count=26512 186 158 88 150 6415 104 177 158 169 415 256 1164 264 151
internal_value=-0.000186489 -0.00266671 -0.0171744 -0.00397569 -0.0018048 0.00547748 -0.000362395 0.0192603 0.0233295 -0.0112683 -0.00335348 0.00117677 0.000348798 0.0131697
internal_weight=5316.01 943.652 52.9193 30.8872 890.733 156.208 117.704 42.0478 38.504 75.6558 734.525 293.137 4372.36 54.5643
internal_count=36367 9440 424 238 9016 1181 908 335 273 573 7835 1420 26927 415
is_linear=0
shrinkage=0.03


Tree=172
num_leaves=15
num_cat=0
split_feature=3 5 6 6 18 9 8 1 6 18 14 14 16 6
split_gain=6.60355 5.86086 6.17233 6.68038 6.5642 10.5349 6.10089 5.85179 5.62504 6.75782 5.94069 5.57211 5.40819 11.4928
threshold=0.38317195383612712 0.3374539791464593 0.14477736895612639 0.10172563274438949 0.54500000000000015 106.50000000000001 92.500000000000014 0.25102355785422203 0.22437488725863694 32661.000000000004 3510.5000000000005 18542.500000000004 5.8000000000000007 0.29129259199991514
decision_type=2 2 2 2 2 2 2 2 2 2 2 2 2 2
left_child=1 2 3 7 5 -4 -7 -1 9 10 -3 -11 -6 -14
right_child=-2 8 4 -5 12 6 -8 -9 -10 11 -12 -13 13 -15
leaf_value=-0.011939923528728051 -0.016022572368953988 0.0039481487309571553 0.0090862592135449935 -0.018327225963692923 -0.00050547799308752589 -0.036127666851371712 -0.010282805310886793 0.021787230316965445 -0.016807883253709854 -0.0028662867377810724 -0.015674881609723898 0.025763815121912618 0.0010392226660171147 0.011265453221961994
leaf_weight=9.6514133512973803 22.938073668628931 23.013176992535591 17.414536710828543 32.47451732121408 2531.5777960037813 12.637120506726204 23.519296117126942 8.8987362794578058 34.024566207081079 12.727238384075465 35.005940932780504 11.781617743894456 2416.6309598200023 103.13062807358801
leaf_count=145 168 149 130 359 18161 159 185 61 221 134 197 95 15572 545
internal_value=3.90307e-05 0.000108907 0.000259291 -0.0101231 0.000363065 -0.0100831 -0.0193159 0.00423941 -0.00654362 -0.00231188 -0.00789144 0.0108964 0.000473849 0.00145777
internal_weight=5295.43 5272.49 5155.94 51.0247 5104.91 53.571 36.1564 18.5501 116.553 82.528 58.0191 24.5089 5051.34 2519.76
internal_count=36281 36113 35317 565 34752 474 344 206 796 575 346 229 34278 16117
is_linear=0
shrinkage=0.03


Tree=173
num_leaves=15
num_cat=0
split_feature=3 0 16 9 19 2 16 14 12 17 6 2 17 17
split_gain=7.29437 7.50674 6.23929 11.7724 8.22844 7.76293 14.4965 13.9154 9.48377 8.90335 15.9614 18.5908 18.1827 12.1946
threshold=0.13896955018684409 0.072248106031800777 6.1000000000000005 26.500000000000004 5.3831175462396574 0.19278024583600223 8.2500000000000018 11048.000000000002 24.500000000000004 94.100000000000009 0.30555408933920575 0.27576694499370241 125.20000000000002 80.200000000000017
decision_type=2 2 2 2 2 2 2 2 2 2 2 2 2 2
left_child=-1 -2 3 4 -3 6 -4 8 -8 13 11 -11 -13 -7
right_child=1 2 5 -5 -6 9 7 -9 -10 10 -12 12 -14 -15
leaf_value=-0.0060080014563685183 -0.0092871484062067838 -0.013013268273604446 0.010020542500153424 2.8849626289207887e-05 -0.0027397471555707545 -0.0001831275225904375 0.0057454275133803322 0.0041110910151076667 -0.023176184380960273 -0.0001272127780193183 0.029280021862457487 0.037696984729942019 0.0077099662240762952 -0.016980333064027828
leaf_weight=177.69433069508523 74.394875288009644 105.14328232593834 233.41561268083751 2231.6856999332085 210.91447749361396 1455.4702667929232 14.329552033916114 116.0629972871393 35.444510358385742 487.91593103297055 21.014450721442699 21.214464530348778 128.00645148195326 39.967057008296251
leaf_count=1248 2230 1128 1631 14248 2151 8282 137 942 362 3023 102 97 726 244
internal_value=-3.1495e-05 0.000173721 0.000311714 -0.000738586 -0.00615745 0.00135992 0.00520211 -0.00157983 -0.0148499 0.000647612 0.00355523 0.00270676 0.0119732 -0.00063205
internal_weight=5352.67 5174.98 5100.58 2547.74 316.058 2552.84 399.253 165.837 49.7741 2153.59 658.151 637.137 149.221 1495.44
internal_count=36551 35303 33073 17527 3279 15546 3072 1441 499 12474 3948 3846 823 8526
is_linear=0
shrinkage=0.03


Tree=174
num_leaves=15
num_cat=0
split_feature=6 14 18 0 9 8 17 18 17 17 17 8 19 19
split_gain=11.3758 14.0395 13.6777 19.9083 53.1563 26.6546 13.1804 12.4066 11.1245 13.8194 34.8016 24.4457 16.4907 23.6513
threshold=0.19669415019502348 29.500000000000004 7934.800000000002 0.29139839323224287 362.50000000000006 28.500000000000004 0.8500000000000002 6884.7500000000009 9.0500000000000025 27.550000000000004 32.650000000000013 215.00000000000003 4.7072753070138882 6.7844002295926575
decision_type=2 2 2 2 2 2 2 2 2 2 2 2 2 2
left_child=2 7 3 -1 5 -5 -3 -2 -8 12 11 -11 -10 -14
right_child=1 6 -4 4 -6 -7 8 -9 9 10 -12 -13 13 -15
leaf_value=-0.0041013289772570266 0.032123267711478394 -0.0072977721175226228 -0.0072857139323278773 0.01377150764615246 0.038155481812537258 -0.009850508543247715 0.0039648562804499871 -0.0024592298768189897 -0.0086881348324456421 0.010034765119191267 0.00017628578780409218 0.044397120693799259 0.0069355685861059082 -0.014060108284641869
leaf_weight=406.04343710280955 23.633058041334152 191.45643315464258 400.56881985533983 73.984447613358498 40.490774154663086 102.62604873627424 784.91530042141676 15.433724854141472 325.25012590736151 89.967570200562477 2584.9533382495865 23.499856367707253 187.5292387381196 65.033856125548482
leaf_count=3119 113 1296 4206 330 183 467 4598 150 1815 545 17937 118 1046 459
internal_value=-0.000118997 0.000558833 -0.00296064 -0.000180398 0.0071529 4.50631e-05 0.000394373 0.0184611 0.000757007 -1.15249e-05 0.000890084 0.0171514 -0.00422209 0.00152928
internal_weight=5315.39 4291.67 1023.71 623.145 217.101 176.61 4252.61 39.0668 4061.15 3276.23 2698.42 113.467 577.813 252.563
internal_count=36382 28077 8305 4099 980 797 27814 263 26518 21920 18600 663 3320 1505
is_linear=0
shrinkage=0.03


Tree=175
num_leaves=15
num_cat=0
split_feature=18 10 17 17 12 4 17 16 17 17 8 2 19 18
split_gain=7.48779 14.165 7.76089 18.2795 12.0575 11.4771 9.53236 15.6606 12.5047 21.2066 18.8949 22.1994 13.0127 11.9447
threshold=0.54500000000000015 1275.0000000000002 260.75000000000006 250.05000000000004 1002.0000000000001 0.22636727271732623 119.45 15.100000000000001 180.20000000000002 175.05000000000004 132.50000000000003 0.23359531348369758 2.6063797390931955 17687.560000000001
decision_type=2 2 2 2 2 2 2 2 2 2 2 2 2 2
left_child=1 -1 3 6 -4 -6 7 13 9 10 11 12 -8 -2
right_child=2 -3 4 -5 5 -7 8 -9 -10 -11 -12 -13 -14 -15
leaf_value=0.0057209421743966314 0.00070787186043240664 -0.024835817132122441 -0.0022416619937153143 0.030932333651371522 0.012553215312203263 -0.011917179783104113 0.046436694987858428 0.027699820727921182 -0.00096696597097818031 0.035903613647158397 -0.0062306609791716759 0.0031359261365566174 0.017025513603854056 -0.0048643210910461069
leaf_weight=24.955145349726081 2680.4121471438557 30.148528886958957 1569.6477487152442 18.158191744238138 91.222019305452704 21.272839940153062 18.879136804491282 18.463824536651373 197.98426609113812 23.963137522339821 74.802682898938656 103.04742952436209 47.864608772099018 397.58838757872581
leaf_count=188 15903 308 13309 115 759 193 110 136 1168 137 397 604 321 2770
internal_value=3.97005e-06 -0.0109974 0.000119148 0.000908675 -0.0015617 0.00792585 0.000755665 0.000153348 0.00475328 0.00897034 0.00633165 0.0118661 0.0253448 -1.18938e-05
internal_weight=5318.41 55.1037 5263.31 3581.16 1682.14 112.495 3563.01 3096.46 466.541 268.557 244.594 169.791 66.7437 3078
internal_count=36418 496 35922 21661 14261 952 21546 18809 2737 1569 1432 1035 431 18673
is_linear=0
shrinkage=0.03


Tree=176
num_leaves=15
num_cat=0
split_feature=0 8 14 8 14 17 8 8 19 15 12 19 17 18
split_gain=8.21549 15.8924 10.2463 11.8086 10.9522 10.0918 25.4653 10.5214 9.84575 9.24529 7.87922 11.1414 7.56685 15.6129
threshold=0.11686632668336101 17.500000000000004 1462.0000000000002 27.500000000000004 3480.0000000000005 680.55000000000007 59.500000000000007 160.50000000000003 5.2135678081610024 5749.5000000000009 19.500000000000004 5.0469659317956461 11.250000000000002 146.93000000000004
decision_type=2 2 2 2 2 2 2 2 2 2 2 2 2 2
left_child=1 9 3 8 -4 6 -5 -7 -3 -1 11 -6 13 -12
right_child=-2 2 4 5 10 7 -8 -9 -10 -11 12 -13 -14 -15
leaf_value=0.0045164986060437212 0.00065929577546227172 -0.029728691986823885 -0.020378980768203259 0.067141078909231711 0.0016343780341689913 -0.013494382601553268 0.0037269358088094593 0.043185564463900615 0.014523009168884255 -0.023655481905541061 -0.020354207222432304 0.043456573027706141 -0.0082209890064307081 0.035736713082415605
leaf_weight=13.241142580285667 5027.1195146227255 9.9811604488641041 31.803425692021847 10.349762935191395 20.893701090477411 11.580525914207099 12.683841448277233 3.9538792222738257 8.2782070003449899 50.350019847974181 7.538240876048806 7.9005596283823243 88.425954570062459 10.95940115302801
leaf_count=314 30280 188 859 111 343 342 132 59 163 1375 123 141 1770 163
internal_value=0.000377019 -0.00455123 -0.000798893 0.0102089 -0.00453299 0.0196185 0.032221 0.000932025 -0.0096664 -0.0177894 -0.000819725 0.0131095 -0.00457084 0.0128783
internal_weight=5315.06 287.94 224.349 56.8274 167.521 38.568 23.0336 15.5344 18.2594 63.5912 135.718 28.7943 106.924 18.4976
internal_count=36363 6083 4394 995 3399 644 243 401 351 1689 2540 484 2056 286
is_linear=0
shrinkage=0.03


Tree=177
num_leaves=15
num_cat=0
split_feature=2 0 17 17 17 18 0 8 15 17 2 19 4 18
split_gain=12.864 7.38857 12.0579 13.3873 9.14314 12.6424 6.21345 12.6123 11.1854 10.1408 9.29774 19.3738 7.73047 9.72518
threshold=0.055613716672834851 0.48567936752641289 9.8500000000000032 2.2500000000000004 98.250000000000014 99083.10000000002 0.11686632668336101 17.500000000000004 1838.5000000000002 2778.0000000000005 0.14403336474795495 3.314179393058565 0.23225337211001298 126.74000000000002
decision_type=2 2 2 2 2 2 2 2 2 2 2 2 2 2
left_child=-1 6 3 -3 -4 -6 7 8 -2 10 11 -9 13 -12
right_child=1 2 4 -5 5 -7 -8 9 -10 -11 12 -13 -14 -15
leaf_value=-0.024815030798279267 0.014102927408795157 0.0014569907961966724 -0.01445275728353783 0.030182380667653091 0.020657049889124621 -0.0046229823764337178 -3.7942079155499392e-05 -0.01613017812635564 -0.021813222484363917 -0.013299161201307242 -0.021958676818912212 0.046863670161729973 -0.010709440908776171 0.0073544389780690229
leaf_weight=19.00568454246968 9.1474280944094044 26.888262838125229 28.406574249267578 31.954775288701057 29.831767335534096 44.157870829105377 4874.5195759609342 7.1966794729232815 53.134974155575037 48.61802382580936 11.417886117473243 11.282928036525844 44.500897996127605 94.435752984136343
leaf_count=551 206 117 122 140 122 184 29470 105 1440 1698 182 176 633 1336
internal_value=-0.000177732 -8.96403e-05 0.00623415 0.0170563 1.50584e-05 0.00556963 -0.000287466 -0.00463554 -0.0165382 -0.0012264 0.00225012 0.0223314 -0.000218014 0.00419258
internal_weight=5334.5 5315.49 161.239 58.843 102.396 73.9896 5154.25 279.735 62.2824 217.452 168.834 18.4796 150.355 105.854
internal_count=36482 35931 685 257 428 306 35246 5776 1646 4130 2432 281 2151 1518
is_linear=0
shrinkage=0.03


Tree=178
num_leaves=15
num_cat=0
split_feature=18 14 7 0 8 18 17 17 17 7 1 18 0 12
split_gain=6.59304 7.72611 6.62194 8.56598 24.2517 19.9413 8.37598 10.9991 10.1306 8.16613 7.63745 18.4037 9.99687 11.0122
threshold=0.54500000000000015 438.00000000000006 0.21538607667924706 0.1055911687814914 40.500000000000007 2273088.0000000005 72100.000000000015 119000.00000000001 47541.000000000007 0.21338418992820316 0.15046698937947534 52.100000000000009 0.18418526576932961 33.500000000000007
decision_type=2 2 2 2 2 2 2 2 2 2 2 2 2 2
left_child=1 -1 3 4 -2 -6 8 -8 10 -9 11 -5 -12 -14
right_child=2 -3 -4 6 5 -7 7 9 -10 -11 12 -13 13 -15
leaf_value=0.011468860154615781 -0.018498453950108528 -0.016383862803387585 -0.001820736230389254 -0.024380674176904985 0.0015624334194829493 0.061365259908865273 0.027449660865860471 -0.017776636662352518 -0.020804323442256224 0.015490483917188906 -0.0039622650443520155 0.0069090024574061815 -0.0020186048027320777 0.0022686552207168502
leaf_weight=11.241817845031617 74.545953460969031 44.223429816775024 1794.9999325377867 17.944197425618768 57.699290227144957 5.4962831502780309 24.200291283428669 12.787059575319292 19.893747054040432 13.816472611390052 442.34828748740256 295.78219762258232 784.28163756430149 1725.5988154895604
leaf_count=88 1868 415 12358 153 1211 188 169 115 214 130 4135 2890 3952 8637
internal_value=-0.000449451 -0.0107386 -0.000341149 0.000423261 -0.00690825 0.00676364 0.000725916 0.012814 0.000539016 -0.000499447 0.000669024 0.00511933 0.0001961 0.000928982
internal_weight=5324.86 55.4652 5269.39 3474.39 137.742 63.1956 3336.65 50.8038 3285.85 26.6035 3265.96 313.726 2952.23 2509.88
internal_count=36523 503 36020 23662 3267 1399 20395 414 19981 245 19767 3043 16724 12589
is_linear=0
shrinkage=0.03


Tree=179
num_leaves=15
num_cat=0
split_feature=5 0 15 17 0 15 4 11 15 12 3 3 17 0
split_gain=7.38079 7.77321 9.33381 7.12943 8.3366 10.9357 6.46969 5.51977 6.45 5.99238 5.49582 6.20743 6.46046 5.76975
threshold=0.15244476275903185 0.10331606686480477 8440.5000000000018 2500.5000000000005 0.056884456748712404 1854.0000000000002 0.17374555544330808 1.0000000180025095e-35 1859.5000000000002 95.500000000000014 0.19407104926127997 0.15463305720140177 49.750000000000007 0.34221680860447096
decision_type=2 2 2 2 2 2 2 2 2 2 2 2 2 2
left_child=10 2 3 6 5 -5 -2 -8 -9 -10 11 12 -1 -12
right_child=1 -3 -4 4 -6 -7 7 8 9 -11 13 -13 -14 -15
leaf_value=0.016496069818583915 0.031836768941440469 0.00051245211483364513 -0.010325044004633032 0.071351122110691931 -0.02834035311957174 -0.019871704669340635 0.027212206230584752 -0.017139196190882455 0.025366794125405979 -0.0082814402060753262 -0.004126337714435018 -0.015116262863049861 -0.012198968282054072 0.0083033486579294994
leaf_weight=13.540827915072443 9.2505434956401569 4815.1233538715169 128.15182267967612 2.057206272147595 11.003793436102567 2.7823001286014915 7.5089247040450564 13.563839690759776 10.357463598251345 8.8194979242980462 179.84216065239161 70.064869157969952 14.757171195000408 41.336158469319344
leaf_count=88 132 29633 3171 99 389 141 113 217 173 169 1373 496 128 179
internal_value=-6.48916e-06 0.000275536 -0.0056201 0.00360723 -0.0139085 0.0189058 0.0092134 0.00401391 -0.0013065 0.00989195 -0.00442707 -0.0103268 0.00153185 -0.00180335
internal_weight=5328.16 5008.62 193.495 65.3436 15.8433 4.83951 49.5003 40.2497 32.7408 19.177 319.541 98.3629 28.298 221.178
internal_count=36501 34237 4604 1433 629 240 804 672 559 342 2264 712 216 1552
is_linear=0
shrinkage=0.03


Tree=180
num_leaves=15
num_cat=0
split_feature=7 18 16 6 19 2 18 14 14 1 12 8 17 18
split_gain=7.64372 10.21 8.16863 10.7684 11.3976 10.4934 9.74945 9.77653 17.7248 11.3677 11.1277 11.6239 9.27114 8.74034
threshold=0.21436424246970343 126.74000000000002 0.75000000000000011 0.28450007573471353 5.0469659317956461 0.17039179250334313 391.01000000000005 3070.0000000000005 160.50000000000003 0.1269189142736776 26.500000000000004 46.500000000000007 14.950000000000001 75.600000000000023
decision_type=2 2 2 2 2 2 2 2 2 2 2 2 2 2
left_child=2 -2 13 4 -4 -6 -7 8 -8 -9 -10 -12 -5 -1
right_child=1 -3 3 12 5 6 7 9 10 -11 11 -13 -14 -15
leaf_value=-0.011058206462938584 0.00279716952500068 -0.0017459849206725717 0.00014207653645224478 0.0027129613356475456 -0.0035935315064630877 -0.0089298152767332394 -0.0095859581259194904 0.030612424516146153 0.0052356158281835078 0.0042707045049440425 0.018473955709661129 0.043465036750945332 0.028534671179075766 -0.0001098385469984623
leaf_weight=72.377191934734583 538.64806151390076 2566.1859522219747 883.75509475078434 23.718612499535084 88.306965623982251 29.165878744795918 20.132488917559385 15.671732529997824 28.186337478458881 249.17389143817127 46.712510669603944 26.114589415490627 26.491652922704816 703.48805140703917
leaf_count=442 3261 18174 5468 126 870 214 135 200 170 1572 314 138 154 5203
internal_value=2.46575e-06 -0.000957807 0.00134955 0.00268853 0.00219453 0.00579731 0.00779481 0.00905853 0.0161179 0.00582943 0.0212408 0.0274353 0.0163369 -0.00113117
internal_weight=5318.13 3104.83 2213.29 1437.43 1387.22 503.464 415.157 385.992 121.146 264.846 101.013 72.8271 50.2103 775.865
internal_count=36441 21435 15006 9361 9081 3613 2743 2529 757 1772 622 452 280 5645
is_linear=0
shrinkage=0.03


Tree=181
num_leaves=15
num_cat=0
split_feature=17 17 17 1 17 8 17 0 17 14 2 13 17 17
split_gain=6.51119 6.73596 14.9882 8.84012 7.54847 16.1918 9.72094 26.6679 12.158 27.1486 11.8875 10.8437 9.64182 7.45836
threshold=160640.00000000003 72100.000000000015 47541.000000000007 0.16868447000525497 28347.500000000004 75.500000000000014 15213.500000000002 0.2308100475830118 11711.150000000001 1262.0000000000002 0.19799832578585227 7.5000000000000009 21633.600000000002 3135.9000000000005
decision_type=2 2 2 2 2 2 2 2 2 2 2 2 2 2
left_child=1 2 4 -4 6 -6 8 -8 13 -10 -9 -11 -12 -1
right_child=-2 -3 3 -5 5 -7 7 10 9 11 12 -13 -14 -15
leaf_value=0.00019996212990446534 -0.018701494359300932 0.0091033427664940231 0.0042593961725327541 -0.031242144434183602 -0.00020054772228980165 0.044746675826046411 -0.020883896353869176 0.021036038415584598 -0.027750845839812299 0.01858477828774632 -0.01541003729213114 0.057481368251355927 0.0092396285676182577 -0.0048920719623872502
leaf_weight=4695.4613242335618 16.959771000780165 70.871659028343856 8.8526410637423414 22.000545000657439 22.534487907774746 10.609312162734566 72.30893003102392 25.613867275416851 9.6114374026656133 22.176805483177308 29.694395124912262 9.0964118335396034 27.515322595834732 273.98925009183586
leaf_count=29446 425 615 221 214 273 113 1608 128 122 258 162 115 122 2638
internal_value=-0.000142785 -8.34014e-05 -0.000207904 -0.0210558 -8.41738e-05 0.014187 -0.000175744 -0.00757184 5.32577e-05 0.016346 0.00405022 0.0298986 -0.00355465 -8.07857e-05
internal_weight=5317.3 5300.34 5229.46 30.8532 5198.61 33.1438 5165.47 155.133 5010.34 40.8847 82.8236 31.2732 57.2097 4969.45
internal_count=36460 36035 35420 435 34985 386 34599 2020 32579 495 412 373 284 32084
is_linear=0
shrinkage=0.03


Tree=182
num_leaves=15
num_cat=0
split_feature=2 17 17 9 6 14 0 3 2 17 6 9 0 19
split_gain=7.05601 6.45124 7.08039 6.61521 6.43076 8.03762 8.01981 6.16442 5.74716 5.33968 13.1756 12.6554 25.1391 13.0107
threshold=0.055613716672834851 160640.00000000003 108009.60000000002 21.500000000000004 0.15345488237214516 30.500000000000004 0.28715318413183993 0.36731308433213139 0.21934567381111414 0.45000000000000007 0.16841001681837381 221.00000000000003 0.28310046470567934 7.5136273664069035
decision_type=2 2 2 2 2 2 2 2 2 2 2 2 2 2
left_child=-1 2 4 -3 5 -2 -7 9 -9 10 -6 13 -13 -12
right_child=1 3 -4 -5 7 6 -8 8 -10 -11 11 12 -14 -15
leaf_value=-0.018432695465465575 -0.026301856765009218 0.0029971492878266203 0.013003200852490293 -0.036447868400933219 0.015225874879604074 0.0074995497080680802 -0.022921811161119066 -0.026605737670291511 -0.002532110118546795 0.00025168038568174739 0.004998004337155239 -0.02903041756214763 0.011626219950491349 -0.021256878662348183
leaf_weight=18.957503793761134 18.725602156482637 6.7481936858966938 37.189411379396915 8.8380223372951132 25.459600418806076 24.754932421259582 11.386602789163588 14.919708845205603 22.213262520730495 4966.4921058034524 74.734141012653708 49.642214227467775 18.898450076580048 21.984353778883815
leaf_count=540 209 167 272 211 194 292 63 132 139 32955 586 401 94 184
internal_value=-0.000162833 -9.7508e-05 -4.06863e-05 -0.0193698 -0.000133099 -0.0103499 -0.00208488 -2.51806e-05 -0.0122047 6.25143e-05 -0.00486354 -0.00795849 -0.0178203 -0.000969796
internal_weight=5320.94 5301.99 5286.4 15.5862 5249.21 54.8671 36.1415 5194.34 37.133 5157.21 190.719 165.259 68.5407 96.7185
internal_count=36439 35899 35521 378 35249 564 355 34685 271 34414 1459 1265 495 770
is_linear=0
shrinkage=0.03


Tree=183
num_leaves=15
num_cat=0
split_feature=2 17 18 9 17 18 6 18 14 17 18 17 18 18
split_gain=10.6353 8.2967 6.71807 6.17815 11.4418 22.4678 10.6763 18.6964 23.8226 22.5166 21.005 12.3362 27.6727 36.4481
threshold=0.055613716672834851 160640.00000000003 0.54500000000000015 257.00000000000006 24012.000000000004 1412951.0700000001 0.21657014879887826 316.72500000000008 3288.5000000000005 6.9500000000000011 46.850000000000001 32.650000000000013 1651.0000000000002 5520.5500000000002
decision_type=2 2 2 2 2 2 2 2 2 2 2 2 2 2
left_child=-1 2 -2 -4 5 6 7 9 11 -5 -11 12 -9 -14
right_child=1 -3 3 4 -6 -7 -8 8 -10 10 -12 -13 13 -15
leaf_value=-0.022636105553953921 -0.0104779245424235 -0.022176126686937275 0.0010899617550005417 0.0036824084067919698 0.010283833852241993 -0.0206001830877478 -0.002120846452827643 -0.0070403348030758095 -0.016987387362452828 0.0057961343764606314 0.043169127591668542 -0.0027040276634526625 0.059403106336587068 0.0043121862571248622
leaf_weight=18.642495064996183 53.22513553313911 15.054884663783012 3094.8682150691748 131.51553847268224 77.778562430292368 53.633215932175517 1538.0235798023641 35.94231029599905 70.099747700616717 24.352163821458817 30.469449698925018 121.38297303020954 19.242698207497597 24.658712096512318
leaf_count=553 483 388 22275 790 505 540 8871 221 492 129 156 758 104 137
internal_value=-1.67732e-05 6.29359e-05 0.000126404 0.000234489 -0.0010102 -0.00143885 -0.000923893 0.00309859 -0.00192636 0.0104154 0.0265678 0.00332034 0.0124789 0.0284594
internal_weight=5308.89 5290.25 5275.19 5221.97 2127.1 2049.32 1995.69 457.664 271.326 186.337 54.8216 201.227 79.8437 43.9014
internal_count=36402 35849 35461 34978 12703 12198 11658 2787 1712 1075 285 1220 462 241
is_linear=0
shrinkage=0.03


Tree=184
num_leaves=15
num_cat=0
split_feature=9 17 0 19 17 8 0 8 19 8 17 19 14 17
split_gain=6.47433 9.21177 12.1121 11.4451 7.60405 17.6828 20.5173 17.9151 11.5374 14.0077 11.3525 12.952 12.8741 12.417
threshold=254.50000000000003 17692.500000000004 0.27660383221752849 5.1029098311134096 210.05000000000004 135.50000000000003 0.15242675230346006 16.500000000000004 4.1486721035257297 101.50000000000001 2002.1500000000003 5.5844356993904496 1310.5000000000002 1448.8500000000001
decision_type=2 2 2 2 2 2 2 2 2 2 2 2 2 2
left_child=1 -1 -3 -4 -2 7 -7 -6 9 -9 13 12 -12 -8
right_child=4 2 3 -5 5 6 10 8 -10 -11 11 -13 -14 -15
leaf_value=0.0014221905629537332 4.3724819227355546e-05 -0.011964098566161072 -0.012942570314524558 0.011557885281157204 0.013546798931060035 0.022102467761131457 -0.0040247196904938439 -0.012279631305050715 -0.021762510717242594 0.014264299755509491 -0.017674522201096644 -0.020621181532495602 0.0099242220428186687 -0.026230210194183774
leaf_weight=2978.9435712657869 1526.2227184809744 108.01807913184166 25.491894409060478 52.500873267650604 24.825811557471752 34.23364619910717 189.72680620104074 96.30471052788198 86.536622520536184 21.975720435380936 17.230836525559425 17.485799044370651 129.8175387494266 25.738804183900356
leaf_count=20682 8721 2519 123 232 195 332 1060 644 646 145 143 170 785 163
internal_value=0.00015238 0.00101776 -0.0054592 0.00354992 -0.00110972 -0.0038438 -0.000142118 -0.010521 -0.0134382 -0.00734794 -0.0021461 0.00378774 0.00669026 -0.00667731
internal_weight=5335.05 3164.95 186.011 77.9928 2170.1 643.876 414.233 229.643 204.817 118.28 380 164.534 147.048 215.466
internal_count=36560 23556 2874 355 13004 4283 2653 1630 1435 789 2321 1098 928 1223
is_linear=0
shrinkage=0.03


Tree=185
num_leaves=15
num_cat=0
split_feature=1 18 0 19 18 18 18 16 6 18 18 0 18 18
split_gain=5.01564 19.6082 12.0803 12.6734 9.67057 11.8754 12.7893 16.6387 13.6466 11.8211 11.4285 16.3186 15.8253 11.234
threshold=0.28066709484908486 9531990.6500000004 0.4363579715520664 7.1895826890082004 8.9500000000000011 8713.9500000000025 14706.330000000002 4.1000000000000005 0.22477227098990071 3.3550000000000004 21622.300000000003 0.35590936708609938 30854.945000000003 4787.085
decision_type=2 2 2 2 2 2 2 2 2 2 2 2 2 2
left_child=2 4 3 -1 9 13 7 -7 10 -2 11 -8 -12 -6
right_child=1 -3 -4 -5 5 6 8 -9 -10 -11 12 -13 -14 -15
leaf_value=0.00093712100703928036 -0.0028511121421416824 0.022053335999048056 0.012515697408759211 -0.0052530464169354843 -0.00032884322500093417 -0.028488634774572551 -0.0064777505185284866 -0.0020483097011655725 0.0079951485142440819 -0.029005069274867332 -0.022509966592428602 0.025936494089536959 -0.0043378278273639333 0.0099639902897616928
leaf_weight=3256.9764955602586 39.490037709474564 31.543812559917569 75.266240641474724 327.60874921828508 766.28618965670466 42.527988132089376 31.297907300293446 43.158223453909159 89.872044978663325 25.659753803163767 48.410583399236202 25.259846031665802 395.41622319072485 109.01102329418063
leaf_count=24688 209 204 321 3097 3660 213 177 200 459 129 250 106 2163 519
internal_value=2.30878e-06 -0.00137202 0.000621131 0.000371378 -0.00182916 -0.00135362 -0.00434058 -0.0151712 -0.00276831 -0.0131521 -0.0047015 0.00799911 -0.00631996 0.000953044
internal_weight=5307.79 1647.93 3659.85 3584.59 1616.39 1551.24 675.943 85.6862 590.257 65.1498 500.385 56.5578 443.827 875.297
internal_count=36395 8289 28106 27785 8085 7747 3568 413 3155 338 2696 283 2413 4179
is_linear=0
shrinkage=0.03


Tree=186
num_leaves=15
num_cat=0
split_feature=18 9 6 9 10 0 13 4 10 1 3 4 4 19
split_gain=5.94704 13.3412 6.0681 12.4715 14.0833 5.69093 8.80846 12.8682 8.52907 7.96969 7.45144 7.05733 7.23974 6.73889
threshold=0.54500000000000015 106.50000000000001 0.13139761396770755 39.500000000000007 332.50000000000006 0.37894505891192742 1.5000000000000002 0.2714208644218194 311.00000000000006 0.37849815846375745 0.29809437904844366 0.29139839323224287 0.19311027662447319 6.2656810796789957
decision_type=2 2 2 2 2 2 2 2 2 2 2 2 2 2
left_child=1 -1 3 4 -2 9 7 8 -7 -4 11 12 -8 -11
right_child=2 -3 5 -5 -6 6 10 -9 -10 13 -12 -13 -14 -15
leaf_value=0.011686435651225657 -0.013524922548197527 -0.02084732428740331 6.2306430730542348e-05 -0.020900804835914343 0.046531112979267993 0.013520956684807333 0.011459085523914048 -0.022094356838563065 -0.0024587877830405626 -0.013425524556256776 -0.01051064642077469 0.021023780102336239 0.0025058502644207891 0.0042897666433559644
leaf_weight=16.933720024302602 8.032931409776209 34.366846635937691 4438.8800113582984 32.415232786908746 6.2473402395844451 37.187023162841797 117.53107073903084 25.425215601921082 156.87501291930676 71.02460553497076 25.115667551755905 27.423931419849396 263.56455429643393 26.549802456051111
leaf_count=130 149 352 31947 305 77 165 499 109 662 411 107 116 1117 171
internal_value=5.63695e-05 -0.0101083 0.000155954 -0.0106103 0.0127484 0.000252829 0.00287106 -0.00202596 0.000603321 -0.000124123 0.00534971 0.00632481 0.00526706 -0.00860523
internal_weight=5287.57 51.3006 5236.27 46.6955 14.2803 5189.58 653.122 219.487 194.062 4536.45 433.635 408.52 381.096 97.5744
internal_count=36317 482 35835 531 226 35304 2775 936 827 32529 1839 1732 1616 582
is_linear=0
shrinkage=0.03


Tree=187
num_leaves=15
num_cat=0
split_feature=17 10 0 8 18 19 18 18 17 17 17 15 17 0
split_gain=8.69757 12.7113 9.15083 18.6967 28.3389 13.3906 11.654 10.4929 11.6424 9.77808 9.502 8.28015 7.6634 10.7358
threshold=3796.3500000000008 3556.5000000000005 0.22020488285282261 289.00000000000006 112014.95000000003 7.0347402868580513 294201.77500000008 2528554.0000000005 14615.600000000002 28347.500000000004 16020.500000000002 896.00000000000011 14615.600000000002 0.33919213888931293
decision_type=2 2 2 2 2 2 2 2 2 2 2 2 2 2
left_child=-1 2 9 4 -4 6 -6 12 -9 10 -2 -11 13 -8
right_child=1 -3 3 -5 5 -7 7 8 -10 11 -12 -13 -14 -15
leaf_value=0.00018635817080937822 -0.0054508433736363878 -0.021462746928451022 -0.031563169743831214 0.028198238604547777 0.019431284494024995 0.025744516238190598 0.0090476526109841936 -0.015907102623213661 0.0089459619825967961 0.02797460351599023 -0.020575768213152282 -0.002086571699658593 -0.025477157920682385 -0.020587050394123663
leaf_weight=4747.2988736052066 96.94080282188952 34.293666613288224 24.498229682445526 21.511890091001987 24.412798412144184 20.207471787929535 24.210796363651752 21.739925473928452 77.215827971696854 8.9777076672762615 60.846715987659991 101.24704768694937 23.946610316634178 20.16608339548111
leaf_count=29916 1781 314 148 116 133 112 142 118 383 151 1399 1457 130 89
internal_value=-0.000230827 -0.00376608 -0.00261214 0.00142185 -0.00101477 0.00251701 6.84525e-05 -0.00275737 0.00348591 -0.00649406 -0.0112834 0.000361884 -0.0117998 -0.00441918
internal_weight=5307.51 560.216 525.922 257.91 236.398 211.9 191.692 167.279 98.9558 268.012 157.788 110.225 68.3235 44.3769
internal_count=36389 6473 6159 1371 1255 1107 995 862 501 4788 3180 1608 361 231
is_linear=0
shrinkage=0.03


Tree=188
num_leaves=15
num_cat=0
split_feature=7 4 12 19 9 15 4 3 16 18 19 18 9 9
split_gain=7.00414 7.15928 7.47638 7.90418 6.89462 9.68398 8.01592 9.62029 6.86128 10.2192 13.1121 18.8447 13.1284 12.1398
threshold=0.2174771704741765 0.19262547811132841 109.50000000000001 1.9599955875386617 733.50000000000011 5769.0000000000009 0.19516542996810884 0.19677563634258152 5.5500000000000007 935.2700000000001 5.5316090725306042 800.5400000000003 436.50000000000006 59.500000000000007
decision_type=2 2 2 2 2 2 2 2 2 2 2 2 2 2
left_child=4 2 -2 -4 8 -6 -7 -8 -1 10 11 12 -10 -12
right_child=1 -3 3 -5 5 6 7 -9 9 -11 13 -13 -14 -15
leaf_value=-0.00016313723752970155 -0.00051231348530107138 -0.0028709292842464219 0.02678517172540016 0.0047851146989305498 -0.01358627667515205 -0.0073808892987978396 0.0086938248460271435 -0.0032345110688615057 0.0009010500427980401 0.0045159744693670789 0.0029187262677280706 -0.028614054387288024 0.024077728081294533 -0.027092407166495296
leaf_weight=1631.771561043337 409.32983642816544 1223.558381954208 17.555475664325058 90.291927358135581 64.460096187889576 118.53555310890079 110.34580601379275 135.66590622067451 463.29418344330043 959.23339169565588 20.147745637223125 18.793823786079884 23.092855535447598 30.486365478485823
leaf_count=11926 2776 8536 105 631 394 719 678 845 2694 6529 159 105 124 210
internal_value=-5.94543e-05 -0.0016201 0.00133915 0.0083663 0.000700279 -0.00286745 -0.00097212 0.00211581 0.00118667 0.00264047 -0.000596306 0.000862478 0.00200144 -0.0151507
internal_weight=5316.56 1740.74 517.177 107.847 3575.83 429.007 364.547 246.012 3146.82 1515.05 555.815 505.181 486.387 50.6341
internal_count=36431 12048 3512 736 24383 2636 2242 1523 21747 9821 3292 2923 2818 369
is_linear=0
shrinkage=0.03


Tree=189
num_leaves=15
num_cat=0
split_feature=17 17 6 10 0 16 19 8 19 17 1 0 10 9
split_gain=6.54194 10.0046 9.76566 12.2269 8.70991 8.65405 20.0119 13.573 21.5744 20.9371 20.1478 15.3241 14.2482 11.0839
threshold=260.75000000000006 250.05000000000004 0.21408947399191641 3952.5000000000005 0.48280208088489429 7.9000000000000012 1.9095150692894911 17.500000000000004 5.6321070372082609 650.10000000000014 0.29540463665533034 0.45061833609851837 2538.0000000000005 66.500000000000014
decision_type=2 2 2 2 2 2 2 2 2 2 2 2 2 2
left_child=1 4 3 -2 -1 -4 -7 9 10 -8 12 -12 -9 -10
right_child=2 -3 5 -5 -6 6 7 8 13 -11 11 -13 -14 -15
leaf_value=0.00011002214792277724 -0.0048050727310340767 0.022267397876671487 -0.0021808079599212791 -0.028314561142932352 0.0086140242842784633 0.031191883017787976 0.034194286674519243 0.0037521279088517999 0.0086502981098117264 0.0011653472918375777 -0.034101654424244891 0.00033270614388734545 0.03172089294147537 -0.027321461721854543
leaf_weight=3500.5872700493783 330.97599626518786 18.882313631474972 925.12135600950569 21.184337263926864 111.85869698226452 21.616582354530692 26.728708863258362 184.14325687102973 9.693898528814314 48.826915796846151 21.653888393193483 25.130238130688667 17.994794689118862 37.654958771541715
leaf_count=21472 3935 116 7219 155 479 118 148 1526 127 489 111 104 101 367
internal_value=-0.000227587 0.000487192 -0.00178116 -0.00621929 0.000373347 -0.000595835 0.00313099 0.00149963 -0.00139489 0.0128497 0.00213588 -0.0156051 0.00624197 -0.0199568
internal_weight=5302.05 3631.33 1670.72 352.16 3612.45 1318.56 393.443 371.827 296.271 75.5556 248.922 46.7841 202.138 47.3489
internal_count=36467 22067 14400 4090 21951 10310 3091 2973 2336 637 1842 215 1627 494
is_linear=0
shrinkage=0.03


Tree=190
num_leaves=15
num_cat=0
split_feature=18 14 16 3 14 7 15 17 17 9 18 18 3 17
split_gain=7.65968 10.5237 7.25086 7.09016 6.68756 6.09164 10.529 8.97994 18.0228 9.24058 17.2577 11.6807 13.4458 7.86434
threshold=0.54500000000000015 438.00000000000006 368.65000000000003 0.32468057662655408 2296.0000000000005 0.2174771704741765 5764.5000000000009 72100.000000000015 47541.000000000007 646.00000000000011 45231.500000000007 8.9500000000000011 0.20962640848292999 160640.00000000003
decision_type=2 2 2 2 2 2 2 2 2 2 2 2 2 2
left_child=1 -1 3 5 -3 7 -7 8 9 -2 11 12 -11 -9
right_child=2 4 -4 -5 -6 6 -8 13 -10 10 -12 -13 -14 -15
leaf_value=0.013453584244357218 0.0016027575439331544 -0.035992248235638173 -0.019483713508240023 -0.0068941175916907745 -0.01016921392447967 0.0016771965770827066 -0.0031757919581789683 0.018447375897039903 -0.027345036879907345 0.033000763252963208 -0.026173334253591873 -0.0032842533521076417 -0.0030726376847726527 -0.0095743893610961608
leaf_weight=11.918074512854217 2944.5068875839934 13.370732093229888 16.985947594046593 125.54562677070498 27.777257520705462 685.8852486461401 973.35287913307548 45.42782018892467 20.287965774536133 18.039755001664162 27.477739941328764 343.89447614550591 19.193461626768112 11.245233312249182
leaf_count=92 19916 111 79 876 296 4654 6827 386 271 101 223 2095 111 285
internal_value=-2.98981e-05 -0.0113703 8.51261e-05 0.000148866 -0.0185602 0.000322606 -0.00116969 0.00104448 0.000845523 0.00101609 -0.00321158 -0.00155613 0.0144052 0.0128872
internal_weight=5284.91 53.0661 5231.84 5214.86 41.148 5089.31 1659.24 3430.07 3373.4 3353.11 408.605 381.128 37.2332 56.6731
internal_count=36323 499 35824 35745 407 34869 11481 23388 22717 22446 2530 2307 212 671
is_linear=0
shrinkage=0.03


Tree=191
num_leaves=15
num_cat=0
split_feature=0 8 4 15 17 14 18 16 14 4 4 7 1 15
split_gain=6.80337 12.3038 9.77657 8.28074 6.83378 8.95708 11.9568 7.34731 7.12627 11.2595 9.80014 13.5838 8.23747 5.93218
threshold=0.10793044585584659 17.500000000000004 0.1289608986712481 5749.5000000000009 2778.0000000000005 1367.5000000000002 22633.200000000004 86.300000000000011 3490.0000000000005 0.23225337211001298 0.21087694312063246 0.21556144516860343 0.1269189142736776 11120.500000000002
decision_type=2 2 2 2 2 2 2 2 2 2 2 2 2 2
left_child=1 3 -3 -1 5 6 13 -6 -7 10 11 -10 -12 -4
right_child=-2 2 4 -5 7 8 -8 -9 9 -11 12 -13 -14 -15
leaf_value=0.0055716204956677328 0.00028833118887675372 0.034167863491721989 0.013707928063875061 -0.024464503735484953 -0.017479220067316004 -0.01919890698872178 0.037429836679879799 0.03288282615639062 -0.014748792356588146 -0.016438451466030932 0.047266937212959395 0.026521391825558942 0.0065121562431026802 -0.019041951088680755
leaf_weight=10.446482873521743 5096.491638187319 6.7280791690573087 11.947405016049744 39.483223781920969 35.716266409493983 21.593330718576908 12.357071360573171 2.8124352134764186 22.086262792348862 24.259938653558493 8.6713521834462899 10.633544707670806 9.1983342785388214 8.5330233070999366
leaf_count=252 31244 131 131 1181 1524 501 187 85 350 374 142 154 137 112
internal_value=6.32036e-05 -0.00504829 -0.00129164 -0.0181802 -0.00271335 0.000591642 0.0141245 -0.013803 -0.0040161 0.000363986 0.00842151 -0.00133648 0.0262886 6.29262e-05
internal_weight=5320.96 224.467 174.537 49.9297 167.809 129.28 32.8375 38.5287 96.4428 74.8494 50.5895 32.7198 17.8697 20.4804
internal_count=36505 5261 3828 1433 3697 2088 430 1609 1658 1157 783 504 279 243
is_linear=0
shrinkage=0.03


Tree=192
num_leaves=15
num_cat=0
split_feature=0 12 1 14 4 9 14 13 2 18 11 5 9 17
split_gain=7.98264 14.4444 12.879 11.8276 10.0872 9.58949 8.51615 7.51103 8.13548 11.5829 11.7834 9.94458 11.2551 10.6294
threshold=0.13525713958659255 50.500000000000007 0.10251276980112689 3010.5000000000005 0.16510422186856283 40.500000000000007 84.500000000000014 17.500000000000004 0.24774355698788778 773381.25000000012 20.500000000000004 0.21977728955082895 1137.0000000000002 5.0500000000000007
decision_type=2 2 2 2 2 2 2 2 2 2 2 2 2 2
left_child=1 6 3 -2 -3 -5 -1 -4 11 10 -10 12 13 -9
right_child=2 4 7 5 -6 -7 -8 8 9 -11 -12 -13 -14 -15
leaf_value=0.02705800003810797 0.029089739630792141 0.020633650359095434 -0.00055069384732346171 -0.024916418556708682 -0.010006266093908835 0.014889298671159642 0.0003011406746288095 0.020915964031845008 -0.0016985698864831866 0.016194675056226075 -0.024236817302963148 0.00044536804292410288 -0.0083444167164933667 0.006995236298536346
leaf_weight=11.272169051691888 26.412262020632625 10.068344217725096 3937.246224232018 8.8111653812229651 244.58162301871926 14.265490256249903 213.03861523792148 65.645783498883247 218.24220048822463 29.056088777258992 23.085519552230835 268.72502438351512 32.170805841684341 199.06045095995069
leaf_count=191 259 182 22639 150 4609 119 3569 383 1122 176 115 1612 187 1164
internal_value=-0.000211327 -0.00390522 0.000155526 0.0153809 -0.00879483 -0.000309384 0.00164574 -2.3313e-06 0.00258029 -0.00170005 -0.00385459 0.00462649 0.00841114 0.0104475
internal_weight=5301.68 478.961 4822.72 49.4889 254.65 23.0767 224.311 4773.23 835.986 270.384 241.328 565.602 296.877 264.706
internal_count=36477 8551 27926 528 4791 269 3760 27398 4759 1413 1237 3346 1734 1547
is_linear=0
shrinkage=0.03


Tree=193
num_leaves=15
num_cat=0
split_feature=0 8 8 13 17 11 8 19 10 13 2 0 1 8
split_gain=7.42292 14.6093 12.447 12.6136 11.8046 8.95604 10.5877 9.95152 10.0258 10.3611 11.5034 9.38972 12.179 11.595
threshold=0.25922102440319189 4.5000000000000009 6.5000000000000009 1.0000000180025095e-35 350.10000000000008 1.0000000180025095e-35 72.500000000000014 1.9599955875386617 1387.5000000000002 3.5000000000000004 0.23671218265163887 0.098158449872297965 0.20445055753956606 19.500000000000004
decision_type=2 2 2 2 2 2 2 2 2 2 2 2 2 2
left_child=2 -2 3 4 -1 6 7 -4 -9 10 -10 13 -13 -7
right_child=1 -3 5 -5 -6 11 -8 8 9 -11 -12 12 -14 -15
leaf_value=0.015741279885402724 0.011634817677307068 0.0010073852026584074 -0.014254446095576309 -0.010490017614729936 -0.011344245530849017 -0.023024286464940216 -0.00085053437502066601 0.0055684959670096127 0.015156562130120697 0.0062638154969439095 0.047864844626218345 0.00215070795921752 -0.0024165272064569565 -0.0033699287751096621
leaf_weight=36.831214968115091 122.54441566765308 2328.2750786244869 14.496242851950226 203.62838315777481 23.865445491857827 35.483536111190915 175.25914949458092 96.836653395555913 20.439000647515059 26.332742266356945 18.37938672490418 995.43179183173925 1113.0032188817859 113.18363624904305
leaf_count=358 597 10746 123 2661 378 1000 1273 1006 161 208 138 8150 6926 2801
internal_value=0.0003259 0.00153877 -0.000708682 -0.00691206 0.00509147 -8.01634e-05 0.00437248 0.00955924 0.0116903 0.0207894 0.030643 -0.000774056 -0.00026025 -0.00806099
internal_weight=5323.99 2450.82 2873.17 264.325 60.6967 2608.85 351.743 176.484 161.988 65.1511 38.8184 2257.1 2108.44 148.667
internal_count=36526 11343 25183 3397 736 21786 2909 1636 1513 507 299 18877 15076 3801
is_linear=0
shrinkage=0.03


Tree=194
num_leaves=15
num_cat=0
split_feature=12 12 13 4 3 19 18 12 1 9 18 6 14 5
split_gain=6.12604 6.97593 10.2654 11.0765 8.28145 7.90211 7.7965 7.4255 7.95313 6.29285 8.56974 9.44783 16.6925 7.36487
threshold=2.5000000000000004 117.50000000000001 80.500000000000014 0.21368681344000548 0.34292175916772244 6.0813048333394155 1.0900000000000003 109.50000000000001 0.24361936701234868 395.50000000000006 6.0300000000000002 0.22751068623444012 509.50000000000006 0.3374539791464593
decision_type=2 2 2 2 2 2 2 2 2 2 2 2 2 2
left_child=-1 4 3 -3 6 -4 -2 9 -9 13 -11 12 -12 -8
right_child=1 2 5 -5 -6 -7 7 8 -10 10 11 -13 -14 -15
leaf_value=-0.011128579321212976 -0.011140701383161847 0.00011315685484936945 0.0038346686671756067 -0.0045780608872748024 -0.010252133086530772 0.026362995307244622 0.0018814805658869047 0.019911028389566595 0.001106940806555179 0.013548959490370684 0.021184128062922348 -0.013290697792167315 -0.0020656215426590381 -0.009205728902657806
leaf_weight=45.854436541907489 47.654094289056957 993.61616708803922 61.105742834508419 832.49539235979319 60.9652901859954 18.182550935074687 2329.2554430831224 38.570761837996542 42.601653002202511 32.850981049239635 28.990215219557285 62.352253135293722 672.74095601402223 55.199515052139759
leaf_count=304 390 6895 410 5764 433 135 16384 307 227 184 179 342 4194 373
internal_value=-0.000210618 -0.000115739 -0.00156666 -0.0020255 0.000704326 0.00900091 0.000906114 0.00108207 0.0100421 0.000853461 -0.00145445 -0.00209951 -0.00110512 0.00162481
internal_weight=5322.44 5276.58 1905.4 1826.11 3371.18 79.2883 3310.22 3262.56 81.1724 3181.39 796.934 764.083 701.731 2384.45
internal_count=36521 36217 13204 12659 23013 545 22580 22190 534 21656 4899 4715 4373 16757
is_linear=0
shrinkage=0.03


Tree=195
num_leaves=15
num_cat=0
split_feature=0 18 18 6 0 2 17 1 9 18 0 1 0 0
split_gain=6.67315 5.82573 23.1058 11.7252 15.2057 10.667 13.948 12.1807 13.1161 10.6622 10.1355 9.71258 17.2147 13.8863
threshold=0.036948057133733371 11454.380000000003 14706.330000000002 0.21593653616892766 0.47746998265231838 0.27560117461849859 24.650000000000002 0.16886876639654938 9.5000000000000018 15434.975000000002 0.53536346808909185 0.21009264014621029 0.18319129474405296 0.23166142090930025
decision_type=2 2 2 2 2 2 2 2 2 2 2 2 2 2
left_child=-1 10 -3 4 5 7 -7 -4 -9 -5 11 12 -2 -13
right_child=1 2 3 9 -6 6 -8 8 -10 -11 -12 13 -14 -15
leaf_value=-0.020406561562498898 -0.00084093446237656021 -0.013348390391192837 0.0010491761759061373 0.023140156789710934 -0.030171798328965695 -0.019644220478352386 0.0081176198561202107 0.013717104872016073 -0.012792667568640833 0.00065735444546462436 0.021461729272493547 -0.0042898912828021139 0.0075298039603643634 0.0010736426056799206
leaf_weight=14.411592710763214 438.81162755005062 131.67192366346717 133.63459764141589 19.229844741523266 19.743750974535942 19.098095592111349 110.67992253415287 18.383630717173219 194.63945379853249 1485.0834546908736 21.336812406778336 589.18235213309526 445.69567020237446 1654.1116037890315
leaf_count=677 4407 826 2343 104 82 140 771 154 1435 11181 97 3963 2424 7739
internal_value=-2.02383e-05 3.53918e-05 -0.00117552 -0.000374302 -0.00437341 -0.00330431 0.0040322 -0.00605087 -0.0105049 0.000944755 0.000855253 0.000714683 0.00337701 -0.000335045
internal_weight=5295.71 5281.3 2132.16 2000.49 496.179 476.436 129.778 346.658 213.023 1504.31 3149.14 3127.8 884.507 2243.29
internal_count=36343 35666 17036 16210 4925 4843 911 3932 1589 11285 18630 18533 6831 11702
is_linear=0
shrinkage=0.03


Tree=196
num_leaves=15
num_cat=0
split_feature=17 14 16 10 15 9 8 6 15 9 16 17 17 17
split_gain=4.93805 14.1896 10.7719 11.5954 7.43563 6.63658 7.90877 6.14134 14.5893 9.18359 9.56891 12.2433 18.0344 25.3972
threshold=0.45000000000000007 3288.5000000000005 7.9000000000000012 864.00000000000011 11110.000000000002 218.50000000000003 14.500000000000002 0.19669415019502348 89.000000000000014 362.50000000000006 3.8500000000000001 47.050000000000004 28.200000000000006 32.650000000000013
decision_type=2 2 2 2 2 2 2 2 2 2 2 2 2 2
left_child=1 4 -3 -4 5 6 -1 8 -2 -9 -11 12 -12 -14
right_child=7 2 3 -5 -6 -7 -8 9 -10 10 11 -13 13 -15
leaf_value=-0.013681155691362754 -0.03158464348994483 -0.0051935642911649631 0.03813618354370954 0.0024036879072953645 -0.017781461126255338 -0.016220452739469891 0.01279330244394733 0.0014723484849359721 -0.0016627527071788866 0.0023685869732208045 -0.002279803173495278 -0.0064919035692833785 0.04288567846855746 0.0024510078924300511
leaf_weight=15.79626011289656 14.904447539709507 34.899746343493462 15.045762492343782 17.894015476107597 64.197602516040206 24.12776043266058 28.438457371667027 2925.4268518649042 915.19954292010516 379.70339234173298 314.71561934053898 486.88483950123191 20.31688616424799 44.826324794441462
leaf_count=144 122 300 94 126 507 177 201 19693 7452 2429 1834 2970 114 246
internal_value=-0.000119315 -0.0047387 0.00642023 0.0187251 -0.0104494 -0.00356413 0.00333925 6.21289e-05 -0.00214224 0.000553584 -0.00160277 -0.00334254 0.000694162 0.0150618
internal_weight=5302.38 200.4 67.8395 32.9398 132.56 68.3625 44.2347 5101.98 930.104 4171.87 1246.45 866.744 379.859 65.1432
internal_count=36409 1549 520 220 1029 522 345 34860 7574 27286 7593 5164 2194 360
is_linear=0
shrinkage=0.03


Tree=197
num_leaves=15
num_cat=0
split_feature=3 3 0 4 0 8 6 15 0 0 18 18 2 8
split_gain=6.10055 5.50039 7.20365 7.86335 5.4692 13.8323 9.46912 8.43356 8.92853 9.02942 10.4374 18.2655 20.814 9.56278
threshold=0.29809437904844366 0.13896955018684409 0.40875138327107979 0.18896128109133198 0.13525713958659255 14.500000000000002 0.18885325724401872 107.50000000000001 0.036948057133733371 0.052611189609556422 45231.500000000007 24582.500000000004 0.15793871841420598 141.50000000000003
decision_type=2 2 2 2 2 2 2 2 2 2 2 2 2 2
left_child=1 2 3 -1 5 -3 -7 -8 -9 -10 11 12 -11 -14
right_child=-2 4 -4 -5 -6 6 7 8 9 10 -12 -13 13 -15
leaf_value=0.0039165713938536396 -0.004334580976641 -0.01354905551435396 0.01434137739490305 -0.01124414255995922 0.00062040380584779339 -0.011530697993592517 0.033558020487453988 -0.030890614105033791 0.032717303269565387 0.038753255383458418 -0.0078311712080481842 0.033873603728385535 0.0033257802212625677 -0.014051948305739496
leaf_weight=42.312268121168017 293.12715217936784 87.809181875549257 15.485075935721396 113.06836145743728 4395.6258885804564 55.335694308392704 7.439979024231433 7.5931100752204648 8.3963964581489545 12.729785814881323 80.861129282973707 17.937818368896842 108.69582785759121 38.627842158079147
leaf_count=308 2044 2200 65 832 25424 1437 85 324 217 139 1507 189 1123 412
internal_value=-0.000128409 0.000118579 -0.00517108 -0.00711567 0.000306053 -0.0029419 -0.000183144 0.00204132 0.00118816 0.00209958 0.00110644 0.00516678 0.00194949 -0.00123061
internal_weight=5285.05 4991.92 170.866 155.381 4821.05 425.427 337.618 282.282 274.842 267.249 258.852 177.991 160.053 147.324
internal_count=36306 34262 1205 1140 33057 7633 5433 3996 3911 3587 3370 1863 1674 1535
is_linear=0
shrinkage=0.03


Tree=198
num_leaves=15
num_cat=0
split_feature=18 18 6 17 17 19 17 14 18 4 6 6 19 17
split_gain=4.32521 16.2332 8.27106 12.7657 20.4834 10.4857 10.8271 11.1704 7.47127 7.20384 6.16723 13.8421 14.1648 14.5672
threshold=9531990.6500000004 6675569.7500000009 0.22269408975567628 13406.100000000002 6515.0000000000009 6.6147923503426389 39970.000000000007 1558.0000000000002 14100520.000000002 0.24546513635685194 0.24068871889190738 0.2559848076225853 1.1785366391390582 0.8500000000000002
decision_type=2 2 2 2 2 2 2 2 2 2 2 2 2 2
left_child=1 10 3 4 -2 6 -5 -8 -4 -9 -1 -12 -13 -14
right_child=2 -3 8 5 -6 -7 7 9 -10 -11 11 12 13 -15
leaf_value=-0.00019249721881430882 0.0049796285871053 -0.018968037888443531 -0.028610610172855329 0.034028929162965016 0.054515080969446773 -0.018409319026874389 -0.024963006068652722 0.0029901643070811162 0.00034065017727202807 0.027709500743643319 0.028550014393339512 0.027132600914113559 -0.019445447471689283 0.0030331395701195976
leaf_weight=4755.2444860320538 18.443282012827698 40.561934441328049 10.641917737200854 11.911315871402619 12.67704591527581 16.834606308490038 10.822468361817299 53.478916025720537 32.590624686330557 13.236618484370409 19.479123082011938 19.71101200953126 28.69997813180089 270.45282390154898
leaf_count=31961 225 543 147 155 129 250 259 437 352 109 123 99 180 1528
internal_value=9.59459e-05 -6.45821e-05 0.00465855 0.0082594 0.0251582 0.00331137 0.00739926 0.00330844 -0.00678585 0.00789458 8.59524e-05 0.00399943 0.00249965 0.0008766
internal_weight=5314.79 5134.15 180.637 137.404 31.1203 106.284 89.4493 77.538 43.2325 66.7155 5093.59 338.343 318.864 299.153
internal_count=36497 34434 2063 1564 354 1210 960 805 499 546 33891 1930 1807 1708
is_linear=0
shrinkage=0.03


Tree=199
num_leaves=15
num_cat=0
split_feature=13 8 14 19 4 5 2 4 5 2 2 18 9 18
split_gain=6.80161 10.4978 6.76572 11.2433 12.6811 8.75522 8.18343 7.43341 9.58289 9.10152 7.27994 7.84376 11.9123 7.49334
threshold=17.500000000000004 342.50000000000006 3510.5000000000005 4.5212448032053425 0.27959805303771562 0.15244476275903185 0.28522915245014191 0.18527562256971655 0.23085323076393807 0.23206338290202758 0.23451467279551771 596735.01500000013 27.500000000000004 3958.9350000000009
decision_type=2 2 2 2 2 2 2 2 2 2 2 2 2 2
left_child=-1 2 10 5 6 -4 -5 9 -9 -7 13 12 -12 -2
right_child=1 -3 3 4 -6 7 -8 8 -10 -11 11 -13 -14 -15
leaf_value=-0.00093487604248975299 0.01059972499578604 -0.0076734480775201798 -0.016757633762562837 0.010378319858452251 0.033087515619894113 -0.0019927094832486898 -0.008118529942622639 0.0062009048388326649 -0.0087437579334579043 0.02526396499579988 -0.027939397472727761 0.015170263229504485 -0.0030940816105164341 -0.0015065995703547935
leaf_weight=4371.8471684698015 89.461066557094455 92.626480005681515 22.924141736701131 172.18559216801077 20.090153358876705 19.32737406808883 24.602839391678572 89.164948206394911 68.115836384706199 25.669888321310282 19.434830402955413 17.71686951816082 163.31467673927546 94.748163085430861
leaf_count=29937 609 558 153 1262 147 158 153 562 447 134 142 164 934 983
internal_value=-0.000441629 0.00190386 0.00297686 0.00550841 0.0103837 0.000813358 0.00806581 0.00280468 -0.000271394 0.0135566 6.75331e-05 -0.00388862 -0.0057363 0.00437283
internal_weight=5291.23 919.383 826.756 442.081 216.879 225.202 196.788 202.278 157.281 44.9973 384.676 200.466 182.75 184.209
internal_count=36343 6406 5848 3016 1562 1454 1415 1301 1009 292 2832 1240 1076 1592
is_linear=0
shrinkage=0.03


Tree=200
num_leaves=15
num_cat=0
split_feature=0 12 8 2 14 18 0 19 14 1 6 14 18 16
split_gain=5.06736 15.0786 16.9897 12.3092 14.515 10.4939 9.30825 11.0946 14.9434 14.58 11.1277 13.338 15.5729 12.7221
threshold=0.16603410614760419 19.500000000000004 24.500000000000004 0.22999186166051747 513.50000000000011 10143.945000000002 0.15242675230346006 4.2633836069252569 320.00000000000006 0.18091009352829762 0.2709946856168764 1238.5000000000002 2623.2750000000005 0.75000000000000011
decision_type=2 2 2 2 2 2 2 2 2 2 2 2 2 2
left_child=1 3 -3 -1 -5 -6 7 8 -4 -10 11 -9 -13 -14
right_child=-2 2 6 4 5 -7 -8 10 9 -11 -12 12 13 -15
leaf_value=-0.0010311346518841196 0.00013362112584869206 -0.010527558078474979 0.026715016169368392 0.046913294510570906 0.020666416847734296 -0.0028617316219336606 -0.0078375930305957103 0.027366773292531833 -0.01164925376266542 0.008583994392411573 -0.025767612798458489 0.023823901779262989 -0.011814721621169139 0.0092999839232422894
leaf_weight=119.95637357980013 4386.2914931960404 255.94811763986945 13.454338011331854 10.586251735687254 34.884943291544914 33.391502168960869 128.48813068121672 28.788702106103301 118.66159559320658 43.915398564189672 8.8114107269793731 30.114912478253245 48.791778853163123 54.223324639722705
leaf_count=1653 23564 4886 186 110 329 405 985 324 1887 379 84 280 680 743
internal_value=-0.000292864 -0.00230432 -0.00429622 0.00502132 0.0142276 0.00915966 -0.000940306 0.0016154 -0.00366933 -0.00618384 0.00706422 0.00885088 0.00484691 -0.000700725
internal_weight=5316.31 930.017 731.198 198.819 78.8627 68.2764 475.25 346.761 176.031 162.577 170.73 161.919 133.13 103.015
internal_count=36495 12931 10434 2497 844 734 5548 4563 2452 2266 2111 2027 1703 1423
is_linear=0
shrinkage=0.03


Tree=201
num_leaves=15
num_cat=0
split_feature=7 12 6 1 10 17 0 17 0 11 5 17 1 8
split_gain=7.18229 7.239 7.23696 6.77757 11.548 9.6167 8.30646 7.3439 7.34214 7.06235 6.63902 6.11659 8.77412 7.10204
threshold=0.21293832609153338 6.5000000000000009 0.15832534450531122 0.21009264014621029 171.00000000000003 0.65000000000000002 0.22446291586411768 1.5500000000000003 0.21767584561310796 1.0000000180025095e-35 0.36000787647821281 3.3500000000000001 0.15488036384240331 21.500000000000004
decision_type=2 2 2 2 2 2 2 2 2 2 2 2 2 2
left_child=1 -1 -3 4 -4 -6 8 -7 9 -5 -2 12 -9 -13
right_child=10 2 3 6 5 7 -8 11 -10 -11 -12 13 -14 -15
leaf_value=-0.008638227016157839 -0.00049952087789592516 -0.01742020865590075 -0.011147403488388476 0.012381971666084048 -0.01096057578421636 0.023063434965705433 0.0023455354814980994 0.011494382833077776 -0.019052488094658059 -0.0041246412259067266 -0.013336901601755475 0.00090479220323760965 -0.021254652336016672 0.0095237754885800809
leaf_weight=58.531286294572055 3546.9897860735655 16.923909875564277 37.213540995493531 26.501096831634641 27.951841875910759 24.724019402638078 836.40165942907333 13.147819606587293 25.822333879768848 194.82555749639869 36.631568534299731 118.07298562861979 16.734215505421162 317.17672451585531
leaf_count=395 24508 191 581 203 272 203 3934 124 143 1520 241 1322 112 2616
internal_value=0.000133196 0.00173041 0.002097 0.00229858 0.00499443 0.00615451 0.000917705 0.00713112 -0.00391436 -0.00214818 -0.000630744 0.00628424 -0.00684538 0.00718565
internal_weight=5297.65 1714.03 1655.5 1638.57 555.021 517.808 1083.55 489.856 247.149 221.327 3583.62 465.132 29.882 435.25
internal_count=36365 11616 11221 11030 5230 4649 5800 4377 1866 1723 24749 4174 236 3938
is_linear=0
shrinkage=0.03


Tree=202
num_leaves=15
num_cat=0
split_feature=1 0 2 0 11 12 17 1 10 12 14 10 16 9
split_gain=5.30199 6.06623 6.4482 4.24742 9.71647 8.83762 7.43277 6.74976 6.21021 6.12036 8.77464 19.9353 6.81572 6.02913
threshold=0.47852667748637928 0.50512228291326167 0.27576694499370241 0.1055911687814914 1.0000000180025095e-35 117.50000000000001 13406.100000000002 0.024949533808474443 102.50000000000001 20.500000000000004 18528.500000000004 1361.0000000000002 1.2500000000000002 77.500000000000014
decision_type=2 2 2 2 2 2 2 2 2 2 2 2 2 2
left_child=1 3 -3 4 5 13 8 -8 -6 10 12 -12 -10 -1
right_child=-2 2 -4 -5 6 -7 7 -9 9 -11 11 -13 -14 -15
leaf_value=0.0006714416091475816 -0.0087997058420539072 0.0016378199124167546 0.019511362990378485 0.00039243254163262776 0.026659260287106686 -0.018295197553966577 0.03026822824829363 -0.027774289445986328 0.013394032488625024 -0.0086680198015679291 0.061398751212282061 -0.0093369077304338056 -0.023738378876354341 0.032901451519156855
leaf_weight=8.2598028741776996 57.754828963428736 45.54302591085434 30.220054551959038 4929.8536006268114 5.6235654884949318 6.659144432283937 1.9758297344669724 20.63551845215261 7.7838614117354181 116.58475195802748 6.695481061935423 7.7206735331565142 10.383543983101843 14.211046344600616
leaf_count=205 256 198 130 30747 139 175 135 1080 136 2415 112 115 186 270
internal_value=0.000239989 0.000340156 0.00876714 0.000215856 -0.00399895 0.012059 -0.0066357 -0.0227024 -0.00428875 -0.00545547 0.00603911 0.0235158 -0.00782892 0.0210544
internal_weight=5269.9 5212.15 75.7631 5136.39 206.533 29.13 177.403 22.6113 154.792 149.168 32.5836 14.4162 18.1674 22.4708
internal_count=36299 36043 328 35715 4968 650 4318 1215 3103 2964 549 227 322 475
is_linear=0
shrinkage=0.03


Tree=203
num_leaves=15
num_cat=0
split_feature=6 17 17 18 10 10 17 17 18 19 16 6 9 19
split_gain=5.54123 14.3259 17.1384 14.3872 11.3948 18.1724 10.5112 10.4617 10.0391 15.301 11.1106 13.7966 12.6839 13.8562
threshold=0.22232174121212833 27.550000000000004 7.6500000000000012 6157000.0000000009 301.00000000000006 1260.0000000000002 6.9500000000000011 30.050000000000004 454.15500000000003 1.1785366391390582 7.9000000000000012 0.30555408933920575 218.50000000000003 2.4158739170182923
decision_type=2 2 2 2 2 2 2 2 2 2 2 2 2 2
left_child=-1 2 6 7 -4 -6 -2 -3 9 -9 -10 12 -12 -14
right_child=1 3 4 -5 5 -7 -8 8 10 -11 11 -13 13 -15
leaf_value=0.00082537255837998168 -0.0021196018960433021 0.020825586871892489 0.0093382536614678314 -0.012748972543822453 -0.025639685515917068 -0.0069963648873276807 0.020218298973689867 0.00098809794417409618 9.7416814891690886e-05 -0.027537609402550584 0.011601309483727869 0.028545257719823067 0.014913564998240082 -0.012226483075364088
leaf_weight=3797.1501938290894 406.19965164549649 26.794526498764753 21.941926762461662 60.819597724825144 71.604323456063867 137.24957338161767 19.887004725635052 50.380053604952991 432.44605436734855 25.483840972185135 123.50863154511899 26.682124309241772 24.567815572023392 54.460995305329561
leaf_count=26770 2431 147 158 684 387 775 98 279 3097 136 827 134 123 323
internal_value=0.000218161 -0.0013376 -0.00464339 0.00129408 -0.0112275 -0.0133881 -0.00107701 0.00241153 0.00174255 -0.00859412 0.00292771 0.00826735 0.00559595 -0.00378941
internal_weight=5279.18 1482.03 656.882 825.144 230.796 208.854 426.087 764.324 737.53 75.8639 661.666 229.22 202.537 79.0288
internal_count=36369 9599 3849 5750 1320 1162 2529 5066 4919 415 4504 1407 1273 446
is_linear=0
shrinkage=0.03


Tree=204
num_leaves=15
num_cat=0
split_feature=6 19 19 19 17 8 11 1 17 17 17 5 12 8
split_gain=7.46291 8.0189 9.29136 11.1444 13.9235 9.32174 7.16645 6.16045 6.07344 11.4968 9.91953 12.2432 9.03446 6.06305
threshold=0.18885325724401872 9.2164001233439041 8.2966442763049155 7.3724319131086853 21.450000000000003 21.500000000000004 5.5000000000000009 0.1538661092377264 60302.000000000007 47541.000000000007 99100.000000000015 0.17923481317217679 70.500000000000014 54.500000000000007
decision_type=2 2 2 2 2 2 2 2 2 2 2 2 2 2
left_child=1 2 3 6 -5 -6 13 -8 9 -2 12 -12 -10 -1
right_child=8 -3 -4 4 5 -7 7 -9 10 -11 11 -13 -14 -15
leaf_value=0.0030456752016966887 0.00038540185647341639 -0.021392606521789835 0.016470831121934183 -0.026421459986155173 0.020509159856594968 -0.016561584017706108 -0.018544735932151217 -0.0042052631733344951 0.042976038274338171 -0.022177645852311367 0.029911191155540414 -0.0048264479086947733 0.0059488836227057154 -0.0033343462720375754
leaf_weight=297.25069987308234 4329.1280207345262 19.976395292207599 23.419356241822243 37.478673124685884 12.691896012052895 11.762900756672023 31.329514828510582 193.52357059344649 12.125748401507737 20.420613015070558 11.315424561500548 47.309299894608557 11.608239118941126 244.17892491538078
leaf_count=2670 28179 208 200 322 147 102 570 1228 98 276 108 435 103 1764
internal_value=-6.67783e-05 -0.0026044 -0.0021637 -0.00269062 -0.0149314 0.00267791 -0.00170128 -0.00620323 0.00043229 0.000279471 0.00850298 0.00187842 0.0248661 0.000168354
internal_weight=5303.52 871.612 851.636 828.216 61.9335 24.4548 766.283 224.853 4431.91 4349.55 82.3587 58.6247 23.734 541.43
internal_count=36410 7211 7003 6803 571 249 6232 1798 29199 28455 744 543 201 4434
is_linear=0
shrinkage=0.03


Tree=205
num_leaves=15
num_cat=0
split_feature=10 17 16 8 6 17 17 17 17 0 8 0 10 8
split_gain=5.20807 7.5485 7.30999 5.52352 5.07967 15.653 16.9444 18.084 15.2174 13.926 11.2891 15.3777 10.2351 9.91786
threshold=59.500000000000007 5.9500000000000011 7.9000000000000012 4.5000000000000009 0.18506473469700213 1.9500000000000002 73.300000000000026 104.05000000000001 49.750000000000007 0.23444093134909058 26.500000000000004 0.29541251668798801 609.50000000000011 64.500000000000014
decision_type=2 2 2 2 2 2 2 2 2 2 2 2 2 2
left_child=1 -1 3 -3 5 9 8 -8 -7 -2 -9 13 -11 -12
right_child=4 2 -4 -5 -6 6 7 10 -10 12 11 -13 -14 -15
leaf_value=-0.025681390443366321 -0.0048750615894129802 0.0053341238077028869 0.0083730703438104955 -0.017430258623428712 0.00015937091874681315 -0.0083412365963611897 0.028052701022369238 0.0058960807933359548 -0.03453470364802811 0.030451135876829044 -0.018438305366597095 -0.033009379841962137 0.006119482823284182 0.0060927627635915856
leaf_weight=16.584676725789905 49.923856861889362 13.56879075989127 29.371772500686347 32.737456911243498 4675.9250018279999 224.02374686673284 20.275400249287486 83.131187962368131 21.91439645178616 26.685639321804047 23.035257495939732 19.541582562029362 37.318255253136158 41.656636184081435
leaf_count=157 488 176 239 331 31009 1483 137 1032 156 128 376 104 189 517
internal_value=-0.000285556 -0.00735108 -0.00333403 -0.0107598 -0.000160756 -0.00289477 -0.00549496 0.00129474 -0.0106752 0.00700088 -0.00194685 -0.00968715 0.0162643 -0.00264217
internal_weight=5315.69 92.2627 75.678 46.3062 5223.43 547.506 433.578 187.64 245.938 113.928 167.365 84.2335 64.0039 64.6919
internal_count=36522 903 746 507 35619 4610 3805 2166 1639 805 2029 997 317 893
is_linear=0
shrinkage=0.03


Tree=206
num_leaves=15
num_cat=0
split_feature=5 4 5 18 16 17 17 11 6 17 19 14 16 1
split_gain=6.14662 8.23223 8.45629 8.49124 7.85686 6.04584 11.8398 11.24 7.48696 14.6493 16.6773 24.6264 19.3559 28.854
threshold=0.24459019442174509 0.11405947185604265 0.24653288395675624 22179972.800000004 368.65000000000003 3.3500000000000001 3.6500000000000008 1.0000000180025095e-35 0.18506473469700213 9.0500000000000025 3.0056703505563864 1462.0000000000002 7.2500000000000009 0.1935868505941406
decision_type=2 2 2 2 2 2 2 2 2 2 2 2 2 2
left_child=4 -2 -3 -4 5 7 -7 -1 -8 10 -10 -12 -13 -14
right_child=1 2 3 -5 -6 6 8 -9 9 -11 11 12 13 -15
leaf_value=0.0078910355513109251 0.019363848787432181 -0.015842303198383277 -0.0014029447050671285 -0.023811046579978734 -0.02118652676201014 0.023561722140114143 -0.0033930487108644871 -0.0033053211486388737 -0.0049557216547065578 0.0007776212233855138 -0.0011710125741479882 0.029980316748719784 0.036434673957323874 -0.00090705189936149953
leaf_weight=92.750084735453129 16.076648436486721 39.746698211878538 1012.5884672077373 15.451851928606628 14.860384084284304 21.142696810886264 311.59507578331977 620.94661566615105 75.891877271234989 2824.5544708287343 94.508714783936739 70.147774338722229 25.514163468033075 68.956601474434137
leaf_count=605 107 269 6969 187 69 125 2862 4122 407 19271 503 428 183 343
internal_value=7.13311e-05 -0.00194388 -0.00226469 -0.00173975 0.000588812 0.000665747 0.00117993 -0.00185027 0.0010436 0.00148114 0.00741252 0.0110349 0.0180424 0.009178
internal_weight=5304.73 1083.86 1067.79 1028.04 4220.87 4206.01 3492.31 713.697 3471.17 3159.57 335.019 259.127 164.619 94.4708
internal_count=36450 7532 7425 7156 28918 28849 24122 4727 23997 21135 1864 1457 954 526
is_linear=0
shrinkage=0.03


Tree=207
num_leaves=15
num_cat=0
split_feature=6 10 0 0 8 8 10 8 0 8 0 14 10 1
split_gain=6.37177 8.23871 8.80805 8.99043 16.0716 9.55093 11.5977 13.0195 13.8024 11.7448 10.177 9.7643 9.41031 8.46847
threshold=0.18835609079746848 4347.0000000000009 0.23314243560525916 0.25414045661030443 30.500000000000004 26.500000000000004 2795.5000000000005 217.00000000000003 0.29295631476018624 100.50000000000001 0.34687425135919175 3480.0000000000005 1258.5000000000002 0.35378465566043182
decision_type=2 2 2 2 2 2 2 2 2 2 2 2 2 2
left_child=1 2 13 4 -4 10 7 9 -9 12 11 -5 -7 -1
right_child=-2 -3 3 5 -6 6 -8 8 -10 -11 -12 -13 -14 -15
leaf_value=-0.0041844697665474667 0.00073930910593653846 -0.01236359754624714 -0.0097390068916445097 -0.011367841950179923 0.022625736443415843 -0.019071024080195648 0.014310692348062471 -0.0080793784074502245 0.022421914726426385 -0.032378027289105153 0.013434870807494965 0.012008040036740143 0.0001091665632195323 -0.032308250982622931
leaf_weight=295.69705411419272 4513.6732389526442 65.78328700363636 20.485080987215042 43.06395684927702 42.370574653148651 41.192595280706882 25.510038912296295 31.951219774782658 22.938518807291985 22.776907466351986 73.227742426097393 25.668022483587265 52.190019972622395 9.9606681801378709
leaf_count=3948 29799 439 117 209 232 209 128 175 102 116 322 121 247 105
internal_value=0.000308346 -0.00220872 -0.0012639 0.00165813 0.0120778 -0.000276585 -0.004559 -0.00737319 0.00466717 -0.0130627 0.0056529 -0.0026381 -0.00835153 -0.00510096
internal_weight=5286.49 772.816 707.032 401.375 62.8557 338.519 196.559 171.049 54.8897 116.16 141.96 68.732 93.3826 305.658
internal_count=36269 6470 6031 1978 349 1629 977 849 277 572 652 330 456 4053
is_linear=0
shrinkage=0.03


Tree=208
num_leaves=15
num_cat=0
split_feature=16 6 10 9 18 18 10 6 7 18 18 18 6 13
split_gain=6.60815 12.6667 11.9967 10.845 12.888 19.5554 25.6735 20.7879 15.0975 12.6034 11.553 12.4964 12.2172 11.5356
threshold=5.8000000000000007 0.29379688837400653 1659.5000000000002 57.500000000000007 13969.000000000002 6556.1600000000008 274.50000000000006 0.2060926898808175 0.21082224346754072 3022.3800000000006 3156.860000000001 2059.6700000000005 0.22525239362765487 8.5000000000000018
decision_type=2 2 2 2 2 2 2 2 2 2 2 2 2 2
left_child=-1 3 -3 4 5 7 -7 9 -9 -2 11 12 13 -10
right_child=1 2 -4 -5 -6 6 -8 8 10 -11 -12 -13 -14 -15
leaf_value=-0.0013137485343883519 0.022430458299739144 0.019078837814822336 -0.0014054972271343798 -0.00068253367352428553 -0.0013204917960102493 -0.0025985999627058595 0.037728816614699699 0.022123573064592641 -0.013768857481267559 -0.0068839966177453088 0.013820997712850468 -0.028260846854532798 0.017326389482356545 0.0096544308327617262
leaf_weight=2639.7045157039538 68.333025101572275 64.468970987945795 42.822803374379873 1969.2080053016543 241.48116051126271 22.323309097439051 39.081357961520553 22.392851866781712 76.572588935494423 16.359956566244364 27.324590936303139 22.013446345925331 20.655555326491594 25.134124953299761
leaf_count=19215 453 369 195 12463 2148 144 237 131 448 104 164 121 119 152
internal_value=-0.000250526 0.00080531 0.010903 0.000380593 0.00397973 0.00774204 0.023068 0.00436639 -0.00104502 0.0167678 -0.00406662 -0.00745204 -0.00370846 -0.00798041
internal_weight=5297.88 2658.17 107.292 2550.88 581.672 340.191 61.4047 278.786 194.093 84.693 171.7 144.376 122.362 101.707
internal_count=36463 17248 564 16684 4221 2073 381 1692 1135 557 1004 840 719 600
is_linear=0
shrinkage=0.03


Tree=209
num_leaves=15
num_cat=0
split_feature=7 7 4 12 18 6 3 3 9 8 5 4 15 4
split_gain=5.07987 5.45757 6.98251 9.46504 7.46092 6.6651 8.01674 10.488 9.60917 8.53105 8.17896 6.91414 6.0566 8.628
threshold=0.28717538554046368 0.21651229227910709 0.19414262242806371 122.50000000000001 6.0300000000000002 0.16758542065467155 0.19762701786485812 0.30950735335555057 824.50000000000011 221.50000000000003 0.21144957619250135 0.18557379774361046 11120.500000000002 0.1828173840295918
decision_type=2 2 2 2 2 2 2 2 2 2 2 2 2 2
left_child=1 -1 5 -4 -5 -3 8 12 9 10 -7 -12 13 -8
right_child=-2 2 3 4 -6 6 7 -9 -10 -11 11 -13 -14 -15
leaf_value=0.00068713669831546391 0.017691820860628597 -0.012008010644182155 -0.00076625772485067905 0.01349980661685338 -0.0072863963844511676 0.0055355027854165463 0.0067448892523897901 -0.012778476601342495 0.016224516509054269 -0.020469093761059744 -0.0032002308660037627 -0.022216046611156195 0.001189425273115344 0.022197558355014722
leaf_weight=3546.9080509413034 14.667249498888848 31.208466180600226 798.7684657080099 16.203549949452281 380.19836241658777 76.987622712738812 127.2699988828972 25.58326381072402 23.312085684388876 25.138208746910095 75.421554308384657 22.296046750620008 93.277825128287077 43.680803169496357
leaf_count=24281 95 278 5579 117 2691 531 844 171 140 141 514 151 658 286
internal_value=6.10378e-05 1.21194e-05 -0.00136439 -0.00264698 -0.00643673 0.00145256 0.00227149 0.00556244 -0.00200246 -0.00412867 -0.00177746 -0.00753903 0.00733825 0.0106933
internal_weight=5300.92 5286.25 1739.35 1195.17 396.402 544.176 512.967 289.812 223.156 199.843 174.705 97.7176 264.229 170.951
internal_count=36477 36382 12101 8387 2808 3714 3436 1959 1477 1337 1196 665 1788 1130
is_linear=0
shrinkage=0.03


Tree=210
num_leaves=15
num_cat=0
split_feature=6 3 6 17 10 17 17 16 19 17 1 7 14 18
split_gain=6.24955 6.23315 5.9797 4.66564 11.3271 10.7745 20.6053 10.7685 10.6613 11.7037 9.71867 9.47957 9.36748 9.61363
threshold=0.43792418644157444 0.13896955018684409 0.39452541341243524 1504.0000000000002 3162.5000000000005 999.50000000000011 911.20000000000016 1.9500000000000002 6.5376331176319846 1160.8000000000002 0.24638878244468315 0.21497964389029836 1196.5000000000002 414756.00000000006
decision_type=2 2 2 2 2 2 2 2 2 2 2 2 2 2
left_child=1 -1 3 5 12 6 -3 8 9 10 -7 -11 13 -5
right_child=-2 2 -4 4 -6 7 -8 -9 -10 11 -12 -13 -14 -15
leaf_value=-0.0052243146546748645 -0.017228668683668957 0.00071172373285062897 0.014295141068575773 -0.024367406328427876 -0.010495985984799325 0.0069203728337488722 -0.024507245498559298 0.0014811971640633767 0.040429048833549315 -0.017043336820545166 0.041532590534587438 0.017213125863164504 0.001177778902511377 -0.0032724415949664013
leaf_weight=176.64748671744019 18.33688553981483 4044.2883724486455 28.155630372464657 26.031111016869545 112.15286048781127 14.126246498897673 29.370327975600958 90.576674345880747 14.073132280260323 16.524709362536672 15.111501779407261 12.981532678008078 608.40630673244596 76.829915247857571
leaf_count=1247 102 24878 162 264 1015 136 204 618 99 129 77 105 6234 1122
internal_value=0.000254814 0.000315702 0.000508019 0.00043131 -0.00163503 0.000832879 0.0005299 0.00838661 0.0169762 0.0113577 0.0248097 -0.0019719 -0.000237835 -0.00861096
internal_weight=5283.61 5265.28 5088.63 5060.47 823.42 4237.05 4073.66 163.394 72.8171 58.744 29.2377 29.5062 711.267 102.861
internal_count=36392 36290 35043 34881 8635 26246 25082 1164 546 447 213 234 7620 1386
is_linear=0
shrinkage=0.03


Tree=211
num_leaves=15
num_cat=0
split_feature=17 17 17 17 8 6 0 17 0 17 7 3 17 17
split_gain=6.89389 7.46341 11.8764 11.0038 22.1638 10.4546 8.45342 7.46651 18.1899 10.3052 7.24507 9.99349 5.72472 5.37919
threshold=160640.00000000003 72100.000000000015 47541.000000000007 28347.500000000004 234.50000000000003 0.21802546204576198 0.22446291586411768 17692.500000000004 0.24179946486675549 21633.600000000002 0.21759104924753681 0.18554210717437972 54789.000000000007 11005.000000000002
decision_type=2 2 2 2 2 2 2 2 2 2 2 2 2 2
left_child=1 2 3 7 5 -5 12 13 -9 -10 11 -3 -4 -1
right_child=-2 10 6 4 -6 -7 -8 8 9 -11 -12 -13 -14 -15
leaf_value=-0.00018994337458883503 -0.020499756626754777 -0.0042182792407235211 -0.028812498078993411 0.029672862673041908 0.059874720009522486 -0.010910007929301602 -0.045633806849161386 -0.01989737701409839 -0.011955420207743723 0.012051309663452334 -0.0034000495508786639 0.025953639147411584 0.0029477011913918594 0.007684161122596826
leaf_weight=4922.1045909496024 14.96734661515802 14.326341757550834 8.3781778644770437 8.7269917437806743 8.1977534890174848 16.541785696521401 7.968196988105773 57.51549166906625 25.854666002094746 42.622835591435432 25.242950198240578 31.833121485076845 13.085072148591278 79.341819255612791
leaf_count=31799 405 127 175 149 44 204 44 1341 138 188 215 272 196 981
internal_value=-0.000168499 -0.000110665 -0.000243186 -0.000134816 0.0170117 0.00310596 -0.0192462 -0.00024673 -0.00745954 0.00298722 0.00952245 0.0165893 -0.00944989 -6.50304e-05
internal_weight=5276.71 5261.74 5190.34 5160.91 33.4665 25.2688 29.4314 5127.44 125.993 68.4775 71.4024 46.1595 21.4633 5001.45
internal_count=36278 35873 35259 34844 397 353 415 34447 1667 326 614 399 371 32780
is_linear=0
shrinkage=0.03


Tree=212
num_leaves=15
num_cat=0
split_feature=1 18 18 18 16 19 18 18 8 5 18 19 19 0
split_gain=5.20815 11.3411 9.20733 21.6094 14.0968 11.5322 11.0491 12.8374 9.89001 10.153 9.51512 8.58846 8.77188 7.95745
threshold=0.28613034744614346 10571240.000000002 6556.1600000000008 4787.085 4.7000000000000002 4.8805263204798122 17687.560000000001 328953.88000000006 95.500000000000014 0.21612893848640161 8.9500000000000011 5.4251690694149604 5.8766145481512551 0.4363579715520664
decision_type=2 2 2 2 2 2 2 2 2 2 2 2 2 2
left_child=13 2 3 10 -5 6 -4 8 9 -8 -2 -12 -13 -1
right_child=1 -3 5 4 -6 -7 7 -9 -10 -11 11 12 -14 -15
leaf_value=0.00067568371232915991 -0.012990582261529294 0.018323697151954477 -0.020879491930420734 0.032312644707583667 0.0034380692230149561 -0.0015352376494353248 -0.0036418092676883925 -0.024089890860105656 -0.015508321532545359 0.018008338259965454 0.0015529350882889645 -0.020889758010007357 -0.0021575349573951649 0.01011759470744329
leaf_weight=3711.0951650254428 53.589854152873158 26.291292628273368 60.366229243576527 30.224757194519043 30.646358281373978 457.69358463585377 54.584779851138592 27.355817202478647 31.870908319950104 30.325285494327545 590.91917876154184 31.739556513726711 77.275861384347081 82.110927060246468
leaf_count=28552 278 175 289 144 142 2440 285 167 162 152 2757 174 403 349
internal_value=0.000287904 -0.0012067 -0.00155445 0.000581713 0.0177754 -0.00418158 -0.0101043 -0.00559151 -0.00125828 0.00409045 -0.000807222 0.000125586 -0.00761137 0.000880071
internal_weight=5296.09 1502.88 1476.59 814.396 60.8711 662.197 204.503 144.137 116.781 84.9101 753.524 699.935 109.015 3793.21
internal_count=36469 7568 7393 3898 286 3495 1055 766 599 437 3612 3334 577 28901
is_linear=0
shrinkage=0.03


Tree=213
num_leaves=15
num_cat=0
split_feature=5 0 4 15 1 4 15 0 13 2 1 2 0 1
split_gain=4.47467 10.1632 6.96979 7.63453 7.61636 7.39354 6.48609 7.78432 11.1857 9.14246 6.19848 10.5586 6.14375 5.92249
threshold=0.24407383254282147 0.19635279396038643 0.11955477688193698 66.500000000000014 0.16603410614760419 0.20354588304894775 278.50000000000006 0.22020488285282261 4.5000000000000009 0.23697216454389644 0.16704365064930021 0.20774313129835478 0.23505024090399204 0.28066709484908486
decision_type=2 2 2 2 2 2 2 2 2 2 2 2 2 2
left_child=2 -2 4 5 -1 -4 7 8 9 -5 11 -3 -6 -8
right_child=1 10 3 6 12 -7 13 -9 -10 -11 -12 -13 -14 -15
leaf_value=0.011126831930972298 -0.0065125623384291011 -0.0032604366528387863 -0.024260165902307156 0.014764381480854329 -0.023133511158670541 -0.0010919434274268437 0.0013376360651589762 0.0011169313000697941 -0.0071740948802801246 0.04585933828404766 -0.00070491533393804949 0.022393258184258961 -0.0051604192762370439 -0.0011778032234688064
leaf_weight=15.605691107921301 290.88183638919145 29.065334223210812 21.561501988209784 29.891840561293066 27.55959683470428 29.165567517280579 2689.3938746424392 77.555461406707764 14.235635904595254 11.896836318075655 771.38754996284842 28.694507956504822 45.175117984414101 1226.6146949585527
leaf_count=172 3596 167 140 287 223 198 20705 377 131 97 3846 151 215 6201
internal_value=-3.42522e-06 -0.00168777 0.000446961 0.000626586 -0.00789028 -0.0109396 0.000771469 0.00727215 0.0157929 0.0236168 4.86636e-06 0.00948406 -0.0119705 0.000549723
internal_weight=5308.69 1120.03 4188.66 4100.32 88.3404 50.7271 4049.59 133.58 56.0243 41.7887 829.147 57.7598 72.7347 3916.01
internal_count=36506 7760 28746 28136 610 338 27798 892 515 384 4164 318 438 26906
is_linear=0
shrinkage=0.03


Tree=214
num_leaves=15
num_cat=0
split_feature=17 6 19 7 18 6 18 14 18 19 17 1 14 17
split_gain=4.50205 5.37444 7.74962 4.77107 7.1401 6.42547 6.23956 9.63148 6.9523 6.45202 9.16894 6.20525 12.5891 17.0421
threshold=160640.00000000003 0.13139761396770755 5.8305616882310112 0.21436424246970343 166.81999999999996 0.31464192578686873 27.400000000000009 1222.0000000000002 18.695000000000007 2.788088175025528 6.9500000000000011 0.15358558605499509 3010.5000000000005 18.050000000000004
decision_type=2 2 2 2 2 2 2 2 2 2 2 2 2 2
left_child=1 2 -1 5 -5 6 7 -3 9 10 -9 12 -8 -14
right_child=-2 3 -4 4 -6 -7 11 8 -10 -11 -12 -13 13 -15
leaf_value=-0.019595103353586402 -0.016730748924560761 -0.020301853955274941 0.0060433028038092878 0.0022042414985177306 -0.0014934827649414784 0.0095652258082788606 0.015215301181428343 -0.0075060174574108213 -0.016260755829663864 0.017535672211360799 0.010880862106462889 0.00057565063143554961 0.015138760761755552 -0.0052160568508780028
leaf_weight=29.335708213038743 14.704144340939818 29.331029145047069 16.623175576329231 581.07987472042441 2458.0552042946219 76.972811583429575 82.791735742241144 75.078875925391912 24.341704089194536 18.657254187390208 36.166899301111698 1666.8895449452102 53.327892530709505 121.05220445990562
leaf_count=369 430 183 169 3530 17275 419 1035 487 140 120 215 9767 546 1670
internal_value=-0.000153912 -0.000107658 -0.0103218 -1.77933e-05 -0.000786481 0.00105157 0.000740646 -0.00454383 -0.0015473 0.00120976 -0.00152829 0.00124484 0.00558228 0.00100873
internal_weight=5284.41 5269.7 45.9589 5223.75 3039.14 2184.61 2107.64 183.576 154.245 129.903 111.246 1924.06 257.172 174.38
internal_count=36355 35925 538 35387 20805 14582 14163 1145 962 822 702 13018 3251 2216
is_linear=0
shrinkage=0.03


Tree=215
num_leaves=15
num_cat=0
split_feature=3 8 19 18 19 17 18 8 1 17 0 17 8 2
split_gain=6.31733 6.02046 13.3959 15.8085 15.0394 12.1126 12.099 19.0634 12.5034 11.8984 11.0433 13.8116 12.2066 14.6838
threshold=0.37910829505165194 54.500000000000007 8.1294255463464964 134683.29000000004 7.1310187583124689 14615.600000000002 11342268.000000002 11.500000000000002 0.19926925159681666 5.4500000000000011 0.14404241452287325 1580.7000000000003 28.500000000000004 0.1838749472775984
decision_type=2 2 2 2 2 2 2 2 2 2 2 2 2 2
left_child=1 5 4 -4 -3 6 10 8 -8 -6 11 12 -1 -14
right_child=-2 2 3 -5 9 -7 7 -9 -10 -11 -12 -13 13 -15
leaf_value=-0.0049755546042406567 -0.016710197337043035 -0.0010186079097732248 0.03617468556904789 -0.0022769604105490784 0.0033377509818047694 -0.0072250788107467174 -0.022452854643148137 0.053431920691567138 0.025268399449854324 -0.022125478038052929 0.0019067473025970788 -0.019142148122673099 0.04125370360218758 0.0032655417487334744
leaf_weight=203.34399486519396 20.777293965220451 2479.8842187849805 18.708302535116673 19.814719028770924 23.722891371697187 156.56390439905226 9.2259283531457239 10.279748037457464 10.640239993110297 54.365941967815161 2157.5609306283295 46.925479455851018 11.295194014906881 48.391167234629393
leaf_count=3225 157 15422 92 133 163 2403 152 125 86 403 12135 1157 102 540
internal_value=-0.000200618 -0.000135289 -0.00116236 0.0163967 -0.0014268 0.000869445 0.00137684 0.0202674 0.00310646 -0.0143899 0.00114606 -0.00414902 -0.00147419 0.0104545
internal_weight=5271.5 5250.72 2596.5 38.523 2557.97 2654.23 2497.66 30.1459 19.8662 78.0888 2467.52 309.956 263.03 59.6864
internal_count=36295 36138 16213 225 15988 19925 17522 363 238 566 17159 5024 3867 642
is_linear=0
shrinkage=0.03


Tree=216
num_leaves=15
num_cat=0
split_feature=17 19 8 17 0 2 17 0 1 6 2 6 18 19
split_gain=10.3965 9.36469 18.6016 8.73845 8.21245 15.0415 30.7346 11.7842 8.45736 8.26601 7.96261 15.3897 11.6414 13.5986
threshold=3.3500000000000001 8.4133281531238673 20.500000000000004 3.6500000000000008 0.33919213888931293 0.24794863838842382 1.3500000000000003 0.36839645357242412 0.26806593752775959 0.2771275627077337 0.23290926369633672 0.21851127728150785 16.200000000000006 3.051614755219402
decision_type=2 2 2 2 2 2 2 2 2 2 2 2 2 2
left_child=1 4 -3 -2 8 7 -7 -6 9 10 11 12 13 -1
right_child=3 2 -4 -5 5 6 -8 -9 -10 -11 -12 -13 -14 -15
leaf_value=0.0014121647839131527 0.017439546330556326 -0.011271198164590691 0.025572874776687109 0.00043241936954132334 0.024208235333931839 0.008149905612955987 -0.029371921166755712 0.0025855996013385623 -0.010945450659498382 0.011551700329259626 0.00075854972415443094 -0.014647444557499804 -0.0081793791078759726 0.034434332662460349
leaf_weight=48.096981085836887 27.360989853739738 21.789307693019509 28.416241724044085 4360.2757510617375 32.456922993063927 45.449996560811996 34.607470944523811 75.339544758200645 176.68111451901495 31.630450189113617 172.12040061317384 136.37991880066693 79.257567973807454 14.639595974236725
leaf_count=371 162 215 165 30289 143 199 150 328 1074 194 1240 1078 673 110
internal_value=-6.31288e-05 -0.00300629 0.00958247 0.000538475 -0.00375278 0.00178036 -0.00807014 0.00909606 -0.00533052 -0.00327285 -0.00431372 -0.00744994 -0.000537009 0.0091179
internal_weight=5284.5 896.866 50.2055 4387.64 846.66 187.854 80.0575 107.796 658.806 482.125 450.494 278.374 141.994 62.7366
internal_count=36391 5940 380 30451 5560 820 349 471 4740 3666 3472 2232 1154 481
is_linear=0
shrinkage=0.03


Tree=217
num_leaves=15
num_cat=0
split_feature=7 12 16 0 8 19 16 6 10 10 7 2 16 4
split_gain=5.33169 10.4192 6.12526 8.19583 10.8498 10.853 10.3496 8.2584 8.2577 10.5088 9.32179 8.91807 9.81411 8.03905
threshold=0.21436424246970343 5.5000000000000009 0.75000000000000011 0.11196657039774123 66.500000000000014 4.1994525141022052 3.1000000000000005 0.28617832486633377 742.00000000000011 1266.0000000000002 0.21385508714206844 0.24876039843833345 5.1000000000000005 0.11955477688193698
decision_type=2 2 2 2 2 2 2 2 2 2 2 2 2 2
left_child=1 -1 13 4 -4 -6 -5 8 10 -10 11 -8 -13 -3
right_child=-2 2 3 6 5 -7 7 -9 9 -11 -12 12 -14 -15
leaf_value=-0.011751831267611847 -0.00072537568997960058 -0.021793598318533038 -0.016862164605281449 0.015967750452660544 -0.0019921044092746257 0.049123650194139563 0.0076511915313128096 0.016000916286556616 -0.0044993365839072407 0.0027841822372501337 0.020948326557955026 -0.020732796264977642 0.0016881381924060742 -0.00018811625066213837
leaf_weight=54.432514101266861 3068.7771382005885 15.832959267310796 41.35900301951915 54.933442506939173 16.847836723551158 4.8044579289853564 246.53133017010987 40.486161028966308 257.91230391152203 577.45000863075256 33.417866297066212 21.428225062787533 97.599794954061508 736.05888338014483
leaf_count=373 21352 121 921 381 331 109 1618 208 1439 3230 212 122 510 5379
internal_value=8.25571e-05 0.00121001 0.00153898 0.00271697 -0.00785498 0.00935004 0.00321793 0.00266853 0.00223123 0.000535446 0.00578179 0.00439533 -0.00234823 -0.000643074
internal_weight=5267.87 2199.09 2144.66 1392.77 63.0113 21.6523 1329.76 1274.83 1234.34 835.362 398.977 365.559 119.028 751.892
internal_count=36306 14954 14581 9081 1361 440 7720 7339 7131 4669 2462 2250 632 5500
is_linear=0
shrinkage=0.03


Tree=218
num_leaves=15
num_cat=0
split_feature=16 17 17 18 18 17 18 18 18 18 18 18 17 19
split_gain=7.17267 9.41956 13.9208 14.9671 13.3792 16.6323 17.3759 15.0475 13.9236 13.7642 13.0829 24.5855 13.1956 15.1269
threshold=5.8000000000000007 260.75000000000006 340.15000000000003 367.94000000000005 26996.110000000004 471.85000000000008 11454.380000000003 52150.150000000001 134683.29000000004 184071.80000000002 834250.00000000012 203478.07500000004 150.15000000000003 5.6431472950026054
decision_type=2 2 2 2 2 2 2 2 2 2 2 2 2 2
left_child=1 10 -3 -4 5 -5 -7 -6 -9 -10 11 12 -1 -14
right_child=-2 2 3 4 7 6 -8 8 9 -11 -12 -13 13 -15
leaf_value=-0.00027757032297620274 0.0011213004788045169 -0.015460176477400549 0.024588008732044368 0.0089861254079768929 0.012389241253203046 -0.0061010201712468288 -0.025194611314198149 -0.012515623185521367 0.01653341364939722 -0.0017167942416690736 0.023115180047566249 -0.022055383611012735 0.0040387850108818324 0.026639354986993505
leaf_weight=1364.6210972610861 2662.0763296224177 78.499293435364962 18.251217925921082 37.607822772115469 69.895077314227819 120.90801923535764 66.482708449475467 100.64821368828416 40.16105514857918 503.21958220843226 22.422315219417214 44.064274987205863 125.0133286062628 33.876082491129637
leaf_count=8529 17295 504 107 217 444 750 461 795 325 5557 188 343 728 199
internal_value=2.39733e-05 -0.00108857 -0.00331497 -0.00231892 -0.00284195 -0.00922104 -0.0128751 -0.000831536 -0.00226636 -0.000367928 0.000361637 3.61744e-05 0.000675125 0.00885735
internal_weight=5287.75 2625.67 1035.67 957.174 938.922 224.999 187.391 713.924 644.029 543.381 1590 1567.57 1523.51 158.889
internal_count=36442 19147 9160 8656 8549 1428 1211 7121 6677 5882 9987 9799 9456 927
is_linear=0
shrinkage=0.03


Tree=219
num_leaves=15
num_cat=0
split_feature=3 2 17 16 10 1 6 8 8 1 17 3 17 3
split_gain=6.6196 5.75865 5.3392 14.0865 11.8541 16.6882 20.6599 18.8194 15.2107 8.51601 10.3116 10.314 6.71476 5.29039
threshold=0.36422336890994461 0.24175319392681208 0.75000000000000011 8.2500000000000018 621.50000000000011 0.17418276845452144 0.19571251339066253 37.500000000000007 26.500000000000004 0.29889168127704263 0.55000000000000016 0.28638529454122946 0.15000000000000005 0.12062357542816253
decision_type=2 2 2 2 2 2 2 2 2 2 2 2 2 2
left_child=2 -2 3 4 5 -1 7 -7 -8 10 11 12 -6 -4
right_child=1 -3 13 -5 9 6 8 -9 -10 -11 -12 -13 -14 -15
leaf_value=-0.017425212929243792 -0.021480738364100343 0.0034334387230630921 -0.0081062518517752927 0.019059701088569917 -0.018015602831459778 0.0054125833494009096 0.018335876810924787 0.050739528858598372 -0.017745458462938485 -0.023308340479708856 -0.024660245751401955 0.020988803670651087 -0.0014021701657477392 0.00073153304262385988
leaf_weight=27.357678106054664 23.132039398886263 13.065921600908039 61.726744376122952 23.088602574542165 31.283963514491916 16.684916369616985 17.309751342982054 16.295421965420246 26.789937302470207 34.938156597316265 24.112987879663706 14.055128801614044 72.959168542176485 4906.3205979084596
leaf_count=365 202 83 437 143 278 111 104 90 167 181 155 101 548 33574
internal_value=0.000297472 -0.0124878 0.000385242 -0.00346835 -0.00531421 0.00270407 0.00984847 0.0278084 -0.00358302 -0.010036 -0.00677989 -0.0031353 -0.00638796 0.000621726
internal_weight=5309.12 36.198 5272.92 304.876 281.787 104.438 77.08 32.9803 44.0997 177.349 142.411 118.298 104.243 4968.05
internal_count=36539 285 36254 2243 2100 837 472 201 271 1263 1082 927 826 34011
is_linear=0
shrinkage=0.03


Tree=220
num_leaves=15
num_cat=0
split_feature=5 3 5 17 17 3 10 4 9 19 4 12 17 10
split_gain=6.10784 10.0234 9.4374 7.32869 9.857 6.50883 8.11964 5.93844 5.78064 8.86235 9.09335 6.94868 5.77221 6.03224
threshold=0.16603410614760419 0.36731308433213139 0.17923481317217679 10.050000000000002 13.850000000000003 0.19616344193425253 2781.0000000000005 0.22180977172791419 617.50000000000011 3.1842822368296257 0.16510422186856283 145.50000000000003 3.9500000000000006 609.50000000000011
decision_type=2 2 2 2 2 2 2 2 2 2 2 2 2 2
left_child=3 2 5 12 -5 7 -7 -2 -4 10 -10 -11 13 -1
right_child=1 -3 8 4 -6 6 -8 -9 9 11 -12 -13 -14 -15
leaf_value=0.0088499577148055033 0.0080425679327265302 -0.017025109868019781 0.0007646438234309936 -0.024854167810785519 -0.0035519627680461567 -0.0036412493866711205 0.018074123257521866 0.026712888130312331 -0.013018775349807258 -0.0029394928496517397 0.0032850782303629916 -0.012502985463705445 0.0079403605483698795 -0.0054103128309425574
leaf_weight=35.834894519299269 40.24123552441597 29.353364107199013 3712.7390478374436 20.313618300482631 519.7857963424176 56.627245054580271 21.335726827383041 24.770232337526977 34.828181989490986 235.08432956971228 265.42930792272091 96.423253750428557 90.500745680183172 104.69725649990141
leaf_count=277 275 229 25843 122 3801 391 127 163 196 1584 1498 678 521 666
internal_value=2.7237e-05 0.000448515 0.000562813 -0.00244036 -0.00435316 0.00814662 0.00230149 0.0151562 0.000313235 -0.00233959 0.00139392 -0.00572116 0.00203132 -0.00177403
internal_weight=5287.96 4516.83 4487.48 771.132 540.099 142.974 77.963 65.0115 4344.5 631.765 300.257 331.508 231.033 140.532
internal_count=36371 30984 30755 5387 3923 956 518 438 29799 3956 1694 2262 1464 943
is_linear=0
shrinkage=0.03


Tree=221
num_leaves=15
num_cat=0
split_feature=16 16 18 18 18 2 9 8 1 1 18 9 0 8
split_gain=5.67773 5.2615 13.3955 19.799 19.0223 13.5598 14.7394 32.7522 12.3249 11.9798 11.9429 39.7551 30.9303 16.1899
threshold=368.65000000000003 6.3500000000000005 6556.1600000000008 25768.090000000004 4515.4500000000016 0.25960225852924085 72.500000000000014 88.500000000000014 0.42867648796364938 0.32226663648638543 52150.150000000001 186.50000000000003 0.1708864853191682 353.50000000000006
decision_type=2 2 2 2 2 2 2 2 2 2 2 2 2 2
left_child=1 2 4 9 -1 6 -6 -8 -3 -4 11 -5 -13 -12
right_child=-2 8 3 10 5 -7 7 -9 -10 -11 13 12 -14 -15
leaf_value=0.00041203117481881246 -0.017241117653398492 0.0009200815093779219 -0.0064943321331276862 -0.0040454733184088921 -0.015742359441504507 0.028842848194838282 0.035522188321600319 -0.0082604915824161414 0.015787486503306015 -0.022270567443504589 -0.0028691554437031233 0.054802105945664002 0.011278083778409612 0.019120016871102877
leaf_weight=1099.931278240867 16.733018659055233 2597.845351244323 318.35770077165216 125.07762994430959 20.215434050187469 34.797252170741558 30.972582034766674 30.539499597623944 51.171203101053834 50.142771240323782 839.78761022537947 20.829241134226322 49.897608004510403 31.256352990865707
leaf_count=6669 79 16929 2153 862 135 173 180 170 236 243 8144 166 276 177
internal_value=0.000206544 0.000261621 -0.00068304 -0.00264594 0.00163307 0.0131591 0.00648134 0.013785 0.00120728 -0.00864104 -0.000575172 0.00611956 0.024096 -0.0020801
internal_weight=5317.55 5300.82 2651.8 1435.35 1216.46 116.525 81.7275 61.5121 2649.02 368.5 1066.85 195.804 70.7268 871.044
internal_count=36592 36513 19348 12021 7327 658 485 350 17165 2396 9625 1304 442 8321
is_linear=0
shrinkage=0.03


Tree=222
num_leaves=15
num_cat=0
split_feature=2 2 6 4 13 8 5 5 2 2 16 18 18 15
split_gain=7.0643 5.27647 11.4509 10.4804 4.8463 9.09575 8.27972 8.2204 8.28701 9.07304 6.01576 9.99181 12.712 10.0558
threshold=0.055613716672834851 0.086105690395319248 0.22437488725863694 0.17567127194590454 26.500000000000004 85.500000000000014 0.16366854530690231 0.2190329910432621 0.24591317741731508 0.23290926369633672 0.75000000000000011 69.450000000000017 211.35000000000002 11098.500000000002
decision_type=2 2 2 2 2 2 2 2 2 2 2 2 2 2
left_child=-1 2 3 -2 -3 10 -7 8 9 -8 -6 -12 -13 -14
right_child=1 4 -4 -5 5 6 7 -9 -10 -11 11 12 13 -15
leaf_value=-0.019109787056540917 0.04125307834611415 -0.00043637770153795788 0.042372472855506299 -0.0074611120574646301 0.000419980233417741 -0.017197281205085804 0.0036645198217447128 -0.0056344587455798342 -0.0091358212419292983 0.025616796600370324 0.027782452819381534 -0.017071021724798185 0.015267068536966756 0.0024606654141647623
leaf_weight=17.478217894211411 4.9160361401736763 4531.9620120599866 8.3155362950637919 20.758537301793694 163.93569518718868 29.482917453162372 51.869595668278635 118.63987674564123 24.692027419805527 25.166036572307348 20.628234939649701 19.693221997469664 98.167178913019598 126.02620220091194
leaf_count=556 88 30463 91 452 1219 191 332 763 121 144 137 112 668 896
internal_value=-6.90094e-05 -5.54967e-06 0.0117761 0.00186643 -8.24092e-05 0.00228258 -0.00226667 -0.00026911 0.00598823 0.0108359 0.00493547 0.00773398 0.00603826 0.00806818
internal_weight=5261.73 5244.25 33.9901 25.6746 5210.26 678.301 249.85 220.368 101.728 77.0356 428.451 264.515 243.887 224.193
internal_count=36233 35677 631 540 35046 4583 1551 1360 597 476 3032 1813 1676 1564
is_linear=0
shrinkage=0.03


Tree=223
num_leaves=15
num_cat=0
split_feature=17 10 19 19 0 6 8 19 1 10 18 18 6 17
split_gain=7.09011 19.5818 10.2133 12.2426 8.67575 6.13384 22.0495 6.13346 6.91315 4.85149 14.9956 25.425 12.2145 16.5123
threshold=0.35000000000000003 1300.5000000000002 5.4103057685793852 6.6733604557715571 0.28310046470567934 0.20395227277314548 21.500000000000004 10.697451250521205 0.22528319280949585 3545.0000000000005 60.065000000000005 39.550000000000004 0.17177067789669123 3255.5000000000005
decision_type=2 2 2 2 2 2 2 2 2 2 2 2 2 2
left_child=1 4 -3 -4 5 6 -1 9 -9 -2 11 -11 -12 -14
right_child=7 2 3 -5 -6 -7 -8 8 -10 10 12 -13 13 -15
leaf_value=-0.024606792306920124 -0.0001168201510307698 -0.025830362260048079 0.018155997867258591 -0.020805419544317836 0.021641633137181548 -0.01081192899007356 0.035916961419752556 0.0015685785122523509 -0.034626019620364566 0.004896918477384448 -0.01273812648316211 0.034711006339964566 0.0027105645142201816 -0.014778106795281978
leaf_weight=9.4238671883940714 4127.4644374111667 46.240046625956893 13.246904483065011 16.056596038863063 20.001212611794472 28.774260208010674 12.742475887760518 9.3890221435576695 9.6108208931982499 148.74158994667232 58.351287823170424 31.130938418209553 705.5880400147289 52.182134113274515
leaf_count=145 29049 357 99 125 95 235 104 146 60 886 452 170 4159 441
internal_value=8.81876e-05 -0.00641987 -0.0170491 -0.00319257 0.00489885 -0.001675 0.0101857 0.000273573 -0.01674 0.000336666 0.00221594 0.0100569 0.000487798 0.00150625
internal_weight=5288.94 146.485 75.5435 29.3035 70.9418 50.9406 22.1663 5142.46 18.9998 5123.46 995.994 179.873 816.121 757.77
internal_count=36523 1160 581 224 579 484 249 35363 206 35157 6108 1056 5052 4600
is_linear=0
shrinkage=0.03


Tree=224
num_leaves=15
num_cat=0
split_feature=17 17 17 17 17 0 19 8 0 19 1 6 0 19
split_gain=6.45681 12.5508 18.0418 15.739 14.2744 16.6609 15.9038 14.3655 29.1468 20.3898 18.6909 13.7679 12.9216 12.7966
threshold=3.3500000000000001 7.6500000000000012 8.0500000000000025 8.5500000000000025 6.9500000000000011 0.27496539208477649 1.9599955875386617 63.500000000000007 0.19762701786485812 4.5432925187972488 0.29792917645510913 0.19886656514321951 0.24841999649493118 6.2279190345835218
decision_type=2 2 2 2 2 2 2 2 2 2 2 2 2 2
left_child=-1 4 -3 -4 6 -6 -2 9 -9 -8 11 -10 -11 -14
right_child=1 2 3 -5 5 -7 7 8 10 12 -12 -13 13 -15
leaf_value=-0.0022509313805066326 -0.01559554288453013 -0.018240021034443575 0.024795050794351139 0.00010955902744496403 0.0024361480353740526 0.036164622111529321 -0.017984976047240347 0.037170308862859665 0.020006941719928371 -0.0048995871735019849 0.026995148173178819 -0.0072399922327497923 0.025028472126475517 7.5493514065132005e-05
leaf_weight=885.69517919048667 35.874354362487793 48.041226023808122 23.385123213753104 3890.4470086982474 25.23094143345952 27.598978251218796 44.437391508370638 32.902903389185667 21.651389241218567 60.180995665490627 27.778328359127045 72.849232688546181 41.029536008834839 33.679939985275269
leaf_count=5878 204 281 130 27585 175 120 245 266 109 505 121 348 181 152
internal_value=8.54281e-05 0.000557323 3.27613e-05 0.000257055 0.00546796 0.0200563 0.00338714 0.00542293 0.0121061 -0.000360336 0.00536176 -0.000997346 0.0054458 0.0137794
internal_weight=5270.78 4385.09 3961.87 3913.83 423.214 52.8299 370.384 334.51 155.182 179.328 122.279 94.5006 134.89 74.7095
internal_count=36300 30422 27996 27715 2426 295 2131 1927 844 1083 578 457 838 333
is_linear=0
shrinkage=0.03


Tree=225
num_leaves=15
num_cat=0
split_feature=0 15 8 4 17 2 0 5 7 1 13 0 4 14
split_gain=6.55441 12.2844 10.6864 7.93788 7.1104 13.0905 13.2647 6.37746 8.35143 6.36741 5.84207 11.3391 9.7497 10.7213
threshold=0.10793044585584659 5764.5000000000009 21.500000000000004 0.16631386113845409 13406.100000000002 0.14403336474795495 0.063354340628322389 0.23150966283180216 0.2121837265522013 0.077138883767886288 26.500000000000004 0.22232424410987014 0.28149580294736393 18542.500000000004
decision_type=2 2 2 2 2 2 2 2 2 2 2 2 2 2
left_child=1 3 -3 -1 5 6 -4 8 -7 -5 -2 12 13 -12
right_child=10 2 4 9 -6 7 -8 -9 -10 -11 11 -13 -14 -15
leaf_value=0.032235493711627886 4.8821766805144309e-05 -0.020280892996882294 -0.010157171919910163 -0.023086317359346228 -0.022847864908795604 0.027293239032085675 0.048308028640638857 -0.018555814495662935 -0.0046929892330053588 0.007260920839681312 -0.0085067049971091803 0.0060765274779950116 0.01721146995768439 0.0054873806130743257
leaf_weight=9.637562948279081 4411.2362520871684 51.144446693360806 5.7586621493101111 7.4567482862621537 15.354981570504604 8.5044918898493034 8.8754980126395804 23.91471219714731 53.950905502773821 37.594640280120075 150.08412674628198 417.5227712765336 21.562136087566614 73.353726776316762
leaf_count=177 27108 1508 237 309 843 135 161 411 926 666 1292 1999 174 564
internal_value=0.000222474 -0.00482084 -0.00885145 0.00752427 -0.00382776 -0.000936265 0.0253015 -0.00538187 -0.000337455 0.00223795 0.000443334 0.00307009 -0.00205341 -0.0039125
internal_weight=5295.95 222.193 167.504 54.689 116.359 101.004 14.6342 86.3701 62.4554 45.0514 5073.76 662.523 245 223.438
internal_count=36510 5373 4221 1152 2713 1870 398 1472 1061 975 31137 4029 2030 1856
is_linear=0
shrinkage=0.03


Tree=226
num_leaves=15
num_cat=0
split_feature=16 0 2 6 6 4 12 1 12 15 11 7 19 8
split_gain=4.31838 7.24311 9.17351 4.71081 10.0796 4.57968 6.98136 6.4592 4.51044 5.16996 4.37711 4.22996 7.18539 11.2361
threshold=368.65000000000003 0.50512228291326167 0.27576694499370241 0.41444765412958567 0.39452541341243524 0.33950769845396273 18.500000000000004 0.20691594757552353 2.5000000000000004 11098.500000000002 2.5000000000000004 0.2174771704741765 8.8408970304246761 37.500000000000007
decision_type=2 2 2 2 2 2 2 2 2 2 2 2 2 2
left_child=1 3 10 4 5 8 7 -7 9 -1 -3 12 -10 -14
right_child=-2 2 -4 -5 -6 6 -8 -9 11 -11 -12 -13 13 -15
leaf_value=-0.0017523353355139494 -0.015184328625983814 -0.0080889649437896061 0.020244483376014519 -0.012300433437943303 0.021225053691478486 -0.0001618266465202079 -0.002728792667433999 0.023377016350330741 0.00023946412366320467 -0.023105210073441962 0.0082093092663782247 -0.0014393740084730907 0.0041595501879388491 0.035965091603528863
leaf_weight=26.729601348750293 16.853794269263744 26.446595251560211 35.696446746587753 28.448077911511064 19.947939203120768 16.521604927256703 37.405015285126865 28.747584637254477 3315.3835869636387 16.507464945316315 33.763267189264297 1608.6144844032824 50.218015505932271 12.481131561100481
leaf_count=176 78 114 157 160 110 160 265 155 22840 114 148 11377 450 69
internal_value=-2.29835e-05 2.56242e-05 0.00819449 -0.000126177 -5.8699e-05 -0.000141742 0.00686174 0.0147862 -0.000256854 -0.00990464 0.00105045 -0.000173203 0.000429736 0.0104909
internal_weight=5273.76 5256.91 95.9063 5161 5132.56 5112.61 82.6742 45.2692 5029.93 43.2371 60.2099 4986.7 3378.08 62.6991
internal_count=36373 36295 419 35876 35716 35606 580 315 35026 290 262 34736 23359 519
is_linear=0
shrinkage=0.03


Tree=227
num_leaves=15
num_cat=0
split_feature=12 12 0 8 8 16 17 9 19 8 6 0 17 12
split_gain=5.26535 4.51397 9.1398 14.0387 12.588 7.11019 7.48241 6.92647 10.0836 9.23642 9.07122 8.98005 18.7005 14.516
threshold=7.5000000000000009 117.50000000000001 0.21061416614424108 10.500000000000002 3.5000000000000004 12.600000000000001 15.050000000000002 395.50000000000006 2.4158739170182923 332.00000000000006 0.22477227098990071 0.3044034619052895 49.750000000000007 35.500000000000007
decision_type=2 2 2 2 2 2 2 2 2 2 2 2 2 2
left_child=-1 7 3 -3 -4 -6 -7 9 10 -2 -9 -10 13 -13
right_child=1 2 4 -5 5 6 -8 8 11 -11 -12 12 -14 -15
leaf_value=-0.0041965324344310348 0.0014949583930078021 -0.015023646522076359 0.015175055660637933 -0.0021048427465966933 -0.00089768872977071825 -0.001612850583477977 0.013907409716836888 0.0045962840922964604 -0.0057855265296109896 0.019889328475737395 -0.017486287823969323 -0.00059179484181852058 -0.017254111288848403 0.029960559657354179
leaf_weight=259.79197198525071 2338.1193932183087 90.479734867811203 49.754546858370304 463.62403470184654 1171.533120740205 50.505327790975571 62.618499994277954 250.71898944862187 428.05772337317467 24.829281017184258 17.940028931945562 28.103073284029961 23.519994392991066 27.881436094641685
leaf_count=1767 16606 1616 270 4931 5845 237 282 1428 2914 118 102 125 108 123
internal_value=-3.1849e-05 0.00018335 -0.000975598 -0.00421436 0.000369271 -0.000204154 0.00697823 0.000880569 -0.00157812 0.00168824 0.00312169 -0.00406579 0.00519336 0.0146239
internal_weight=5287.48 5027.69 1888.52 554.104 1334.41 1284.66 113.124 3139.17 776.221 2362.95 268.659 507.562 79.5045 55.9845
internal_count=36472 34705 13181 6547 6634 6364 519 21524 4800 16724 1530 3270 356 248
is_linear=0
shrinkage=0.03


Tree=228
num_leaves=15
num_cat=0
split_feature=5 4 12 18 6 12 16 3 4 18 0 10 16 9
split_gain=5.90841 6.73817 5.53035 8.62488 9.44487 8.57627 8.57813 6.33141 5.90509 9.54566 6.4031 6.23127 6.66583 5.91627
threshold=0.15244476275903185 0.14321551019981835 242.00000000000003 773381.25000000012 0.22017115233470125 781.00000000000011 2.5500000000000003 0.19814502851805957 0.22818525529127062 47316.060000000012 0.31409412510752072 2224.5000000000005 7.9000000000000012 62.500000000000007
decision_type=2 2 2 2 2 2 2 2 2 2 2 2 2 2
left_child=1 -1 -2 8 5 7 -7 -5 10 11 13 12 -10 -4
right_child=2 -3 3 4 -6 6 -8 -9 9 -11 -12 -13 -14 -15
leaf_value=-0.022504088170029662 0.00079014843785180121 -0.0028916893899386632 0.0026652930090300584 -0.0092634930415964635 -0.0029216456799919062 0.049917919326713779 0.010437344031534042 0.017974492432440623 0.013191360090308182 -0.029464219643328869 0.0028982010939391607 -0.015705262337328128 -0.0091838917439138468 -0.005043267308308925
leaf_weight=16.641404360532761 4015.8552165795118 299.7333203246817 112.45244076661766 13.913302933797242 48.113471420481801 10.347316380590202 9.5007880153134447 17.145233287476003 23.016951087862253 17.948909062892199 190.59654504805803 31.038555217906833 24.996086126193404 441.083410914056
leaf_count=123 27500 2130 965 190 509 139 107 200 154 145 834 195 149 3012
internal_value=5.15204e-05 -0.00392331 0.00030526 -0.00176594 0.00660876 0.0156162 0.0310196 0.00577268 -0.00275183 -0.00971393 -0.00184429 -0.00522956 0.00154257 -0.00347725
internal_weight=5272.38 316.375 4956.01 940.153 99.0201 50.9066 19.8481 31.0585 841.133 97.0005 744.132 79.0516 48.013 553.536
internal_count=36352 2253 34099 6599 1145 636 246 390 5454 643 4811 498 303 3977
is_linear=0
shrinkage=0.03


Tree=229
num_leaves=15
num_cat=0
split_feature=19 19 6 17 6 8 9 17 0 6 18 16 19 8
split_gain=5.62128 16.5355 10.1523 8.44336 8.31538 7.36667 22.2094 12.8 10.7048 8.79586 7.06008 7.71762 6.55918 8.69572
threshold=7.4313884596403987 8.0794152201981628 0.32290357154058696 1160.8000000000002 0.22171847164619296 77.500000000000014 289.50000000000006 39.95000000000001 0.19762701786485812 0.20753725053929747 56950.900000000009 0.95000000000000007 7.7674101438079157 20.500000000000004
decision_type=2 2 2 2 2 2 2 2 2 2 2 2 2 2
left_child=-1 3 5 12 -5 7 -7 10 9 -9 -3 -12 13 -2
right_child=1 2 -4 4 -6 6 -8 8 -10 -11 11 -13 -14 -15
leaf_value=0.00029370897943369924 0.00088108508404344591 -0.00053661051023369728 -0.023538395622582468 -0.008510648647403498 0.030174672497893087 0.041370251975760386 -0.0065849772893436919 0.017279053921279215 0.017642724320563147 -0.018677390979079524 -0.029150166406342382 0.00018110182005954504 -0.018954834959297756 -0.018077573934703287
leaf_weight=4860.3491402585059 53.115745348855853 74.206033546477556 13.305420733988283 11.617657775059344 8.779978556558488 16.497100435197353 18.370543822646141 9.6257246546447295 54.833902511745691 16.826768124476075 19.728461862541735 13.666218370199202 73.823241946287453 36.900223478674889
leaf_count=32949 418 522 91 151 99 92 117 190 273 275 178 118 634 270
internal_value=5.56158e-06 -0.00331869 0.00192087 -0.0100605 0.0081411 0.00343479 0.0161043 0.00109605 0.0100812 -0.0055933 -0.00569172 -0.0171468 -0.0123266 -0.00689063
internal_weight=5281.65 421.297 237.06 184.237 20.3976 223.755 34.8676 188.887 81.2864 26.4525 107.601 33.3947 163.839 90.016
internal_count=36377 3428 1856 1572 250 1765 209 1556 738 465 818 296 1322 688
is_linear=0
shrinkage=0.03


Tree=230
num_leaves=15
num_cat=0
split_feature=17 18 14 18 18 10 8 10 18 15 17 17 17 19
split_gain=6.07292 11.7887 12.738 9.44862 19.0364 23.2863 18.5521 12.6458 11.3964 12.6041 11.7633 9.24728 16.8493 12.7287
threshold=5002.5000000000009 35815.120000000003 360.50000000000006 294201.77500000008 150110.00000000003 338.50000000000006 219.00000000000003 3952.5000000000005 9531990.6500000004 1385.0000000000002 18025.000000000004 7447.2000000000007 5991.0000000000009 5.5610643247603404
decision_type=2 2 2 2 2 2 2 2 2 2 2 2 2 2
left_child=-1 -2 -3 4 6 -6 -4 8 11 -10 -11 12 -5 -13
right_child=1 2 3 7 5 -7 -8 -9 9 10 -12 13 -14 -15
leaf_value=0.00020224464598791181 -0.02715113792987436 -0.015123177085847468 -0.020003748046175326 -0.017628627445674932 -0.005543006729099167 0.051987126082627823 0.030435123174118221 -0.027980711850452113 0.034969220291390185 0.023776505143104112 -0.0014735845466547781 -0.0036565714368894399 0.026776012000433967 -0.022787055834486585
leaf_weight=4809.5717081911862 17.983934816904366 61.520308550447226 22.143593708053235 12.692195137962697 10.415824051946403 16.150914410129189 9.3275924324989301 16.494334056973457 12.180740603245793 20.075947741046548 96.049836715683341 130.70007957052439 19.516740133054554 41.159835802391171
leaf_count=30580 210 1020 285 131 136 156 45 162 119 259 924 1708 201 559
internal_value=-0.000120825 -0.00331529 -0.00240018 -0.000476592 0.0107315 0.0294317 -0.00505442 -0.00234118 -0.0010688 0.00593695 0.00289168 -0.0054736 0.009278 -0.00823825
internal_weight=5295.98 486.412 468.428 406.908 58.0379 26.5667 31.4712 348.87 332.375 128.307 116.126 204.069 32.2089 171.86
internal_count=36495 5915 5705 4685 622 292 330 4063 3901 1302 1183 2599 332 2267
is_linear=0
shrinkage=0.03


Tree=231
num_leaves=15
num_cat=0
split_feature=6 19 9 13 8 15 13 12 14 19 11 18 18 13
split_gain=6.26053 6.90881 6.82905 6.4676 7.06702 6.68599 6.61405 8.34904 6.32343 10.1521 9.63381 7.74322 8.16206 7.41332
threshold=0.14477736895612639 6.1920550610380936 362.50000000000006 24.500000000000004 342.50000000000006 84.500000000000014 37.500000000000007 83.500000000000014 3510.5000000000005 4.1751559095550812 7.5000000000000009 63.95000000000001 300.70000000000005 28.500000000000004
decision_type=2 2 2 2 2 2 2 2 2 2 2 2 2 2
left_child=1 2 -1 5 8 -2 -6 -8 -5 10 11 -10 -13 -11
right_child=3 -3 -4 4 6 -7 7 -9 9 13 -12 12 -14 -15
leaf_value=-0.02555337453206084 -0.008838980790618069 0.0071468916100294625 0.0053083954803373008 0.00080826123966230314 -0.019653567222501413 0.00010755238025046762 -0.011499088474497914 0.012506493762182653 0.012741654363676452 0.027008707249932398 0.013844607623790748 -0.024272793624429755 -0.0025623959372952972 0.009106022548161171
leaf_weight=25.5645672371611 76.483152088709176 14.173988500609992 8.6318378075957281 298.08764207456261 21.783026315271854 4410.3047596663237 27.163660429418087 25.076942157000303 21.539258890785277 23.659503374248743 38.868483361788094 19.859281744807959 72.411230928264558 173.27248546294868
leaf_count=343 504 145 76 2154 132 30211 165 153 136 174 247 117 488 1225
internal_value=0.000279266 -0.0104638 -0.0177633 0.000379035 0.00301487 -4.49529e-05 -0.00576636 2.42586e-05 0.00401846 0.00675556 0.000949567 -0.00345437 -0.0072351 0.0112569
internal_weight=5256.88 48.3704 34.1964 5208.51 721.722 4486.79 74.0236 52.2406 647.698 349.61 152.678 113.81 92.2705 196.932
internal_count=36270 564 419 35706 4991 30715 450 318 4541 2387 988 741 605 1399
is_linear=0
shrinkage=0.03


Tree=232
num_leaves=15
num_cat=0
split_feature=7 12 19 2 0 6 5 8 19 10 19 2 18 5
split_gain=8.16225 6.13481 7.71457 10.1023 9.48025 6.85972 9.05809 6.79401 7.11577 10.0098 5.93656 7.42277 8.74366 7.27442
threshold=0.2174771704741765 21.500000000000004 6.6733604557715571 0.16302829430443663 0.41090687850051172 0.18885325724401872 0.18502753096109723 40.500000000000007 6.9059529344359722 1659.5000000000002 4.103469129056033 0.24608166240094712 113.92500000000001 0.29075754865315279
decision_type=2 2 2 2 2 2 2 2 2 2 2 2 2 2
left_child=-1 5 3 -3 7 6 -2 8 -4 -10 11 -5 -13 -12
right_child=1 2 4 10 -6 -7 -8 -9 9 -11 13 12 -14 -15
leaf_value=0.00072442774632274875 0.014702877728512743 0.010949877859238656 -0.021462501893328784 0.0018763444093676885 0.010156357183647748 0.0026388722610318012 -0.013967233017580965 -0.020239119991939548 -0.011227613267235197 0.0079802886793884035 -0.005914976010652293 -0.018795944258977553 -0.0017480059545221635 0.0079146210803470764
leaf_weight=3574.1340358378366 12.444282148033379 52.676522400230169 24.667726076208055 381.79042749386281 22.165220372378826 395.42765175271779 48.853283716365695 48.312718663364649 60.685541593469679 40.857379926368594 457.43774166051298 36.607465676963329 103.99769663345069 36.999990357086062
leaf_count=24450 117 844 213 2422 97 2608 425 324 591 290 3076 193 572 250
internal_value=-9.32017e-05 -0.00178934 -0.00286448 -0.00186027 -0.00832494 0.00119132 -0.00814679 -0.0106721 -0.00700996 -0.00349901 -0.0025239 -0.00029382 -0.00618655 -0.00488007
internal_weight=5297.06 1722.92 1266.2 1069.51 196.689 456.725 61.2976 174.523 126.211 101.543 1016.83 522.396 140.605 494.438
internal_count=36472 12022 8872 7357 1515 3150 542 1418 1094 881 6513 3187 765 3326
is_linear=0
shrinkage=0.03


Tree=233
num_leaves=15
num_cat=0
split_feature=5 12 6 17 17 3 3 10 18 16 16 0 17 10
split_gain=7.61176 7.73634 6.99091 6.63709 6.87233 6.14199 6.12741 6.07539 6.05223 6.0345 6.79329 14.0136 6.56397 9.00885
threshold=0.15463305720140177 1212.5000000000002 0.35694760098996831 10.050000000000002 16.250000000000004 0.38317195383612712 0.23456326155788465 4347.0000000000009 276339.10000000003 86.300000000000011 28.100000000000005 0.16563275617310133 3.0500000000000003 226.50000000000003
decision_type=2 2 2 2 2 2 2 2 2 2 2 2 2 2
left_child=1 3 5 -1 -5 9 7 -6 -8 10 12 -12 13 -2
right_child=2 -3 -4 4 6 -7 8 -9 -10 -11 11 -13 -14 -15
leaf_value=0.00083676285567245835 -0.013941789596661482 0.012480983591187999 0.0088839035804985072 -0.023236434989573417 -0.0073337925322443463 -0.017786092700181305 0.0053117017590309477 -0.025204104924292467 -0.013261301827963687 -0.013859741140656088 -0.0085513168604784886 0.036645865313094377 0.00032310350398836866 -0.0017730952575163237
leaf_weight=121.55999105423689 59.355908339843154 23.788176120258868 76.71331303101033 22.950955459848046 181.15843038912863 17.898910309188068 62.750856593251228 18.909093016758561 21.099944491870701 28.839567681774497 11.572134488262238 13.235610924661158 3877.8865972822532 706.39007953554392
leaf_count=781 527 174 426 144 1383 141 391 119 234 203 318 80 26652 4600
internal_value=-0.00045077 -0.00417132 -9.96557e-05 -0.00509593 -0.00744604 -0.000245813 -0.00616961 -0.00902278 0.000638051 -0.000178976 -9.44624e-05 0.0155626 -0.000178107 -0.00271634
internal_weight=5244.11 452.217 4791.89 428.429 306.869 4715.18 283.918 200.068 83.8508 4697.28 4668.44 24.8077 4643.63 765.746
internal_count=36173 3226 32947 3052 2271 32521 2127 1502 625 32380 32177 398 31779 5127
is_linear=0
shrinkage=0.03


Tree=234
num_leaves=15
num_cat=0
split_feature=6 10 8 18 18 17 18 10 17 18 1 8 10 3
split_gain=4.49135 21.4197 25.3036 21.065 14.443 24.0863 9.38879 9.25091 12.8912 13.5439 11.0337 9.55675 8.57196 8.3844
threshold=0.17177067789669123 609.50000000000011 252.00000000000003 1483939.9300000002 24.075000000000003 2.2500000000000004 1.5200000000000002 177.50000000000003 73.300000000000026 9137.720000000003 0.17779252737537776 24.500000000000004 282.00000000000006 0.25791176836735713
decision_type=2 2 2 2 2 2 2 2 2 2 2 2 2 2
left_child=1 2 4 6 -1 -6 -3 10 11 -10 -7 -9 -11 -14
right_child=-2 3 -4 -5 5 7 -8 8 9 12 -12 -13 13 -15
leaf_value=-0.026774494985161493 0.00035934372367900271 0.011405229681248821 0.049081773940196888 0.029614383404189381 0.031232728218063974 0.009103772805855833 -0.0097532119282371845 0.0038762518442230377 0.049989533093824354 -0.023254591112806814 -0.030782226756298842 -0.027539806860868977 0.019934982208849043 -0.012364940782890984
leaf_weight=13.437743695452808 4769.8806398892775 20.109141726978123 11.4915574491024 13.625655889511107 27.117547243833542 10.033514820039274 307.52629723865539 20.086038103327155 7.8149279486387959 7.009073198772966 16.517986319959164 15.393221057951449 31.964113309048116 9.3482122020795924
leaf_count=108 31949 197 57 160 197 329 2150 173 46 110 158 104 553 146
internal_value=7.28628e-05 -0.00259878 0.00609405 -0.00693459 0.00298172 0.00573395 -0.00845458 -0.00011763 0.00440119 0.0133476 -0.0157098 -0.00975409 0.00742157 0.0126261
internal_weight=5281.36 511.475 170.214 341.261 158.722 145.285 327.635 118.167 91.6156 56.1363 26.5515 35.4793 48.3214 41.3123
internal_count=36437 4488 1981 2507 1924 1816 2347 1619 1132 855 487 277 809 699
is_linear=0
shrinkage=0.03


Tree=235
num_leaves=15
num_cat=0
split_feature=3 12 9 9 18 17 10 6 10 13 3 6 12 17
split_gain=5.57829 4.47855 5.72785 9.01426 5.3471 6.09713 15.5057 10.9829 9.90614 9.4624 8.95427 8.5439 8.43684 7.91462
threshold=0.36422336890994461 123.50000000000001 26.500000000000004 29.500000000000004 1.0900000000000003 260.75000000000006 3952.5000000000005 0.21802546204576198 3533.0000000000005 10.500000000000002 0.26011985837415885 0.37065863055167375 6.5000000000000009 68.050000000000011
decision_type=2 2 2 2 2 2 2 2 2 2 2 2 2 2
left_child=1 4 -3 -4 -1 8 -7 -8 11 -9 12 13 -10 -6
right_child=-2 2 3 -5 5 6 7 9 10 -11 -12 -13 -14 -15
leaf_value=-0.0092792354462641769 -0.011593853460897894 -0.0059095473462256074 0.016175406327972125 -0.00087871034173261594 -0.00081322401231409037 7.163092868872922e-05 -0.035645346121799683 -0.013831418627952539 -0.013502245892233547 0.010143153100003671 0.013392483124983073 0.018077511292940662 0.0044054050064660224 0.0038428418779054585
leaf_weight=47.974201099947095 37.345385101623833 204.35542327072471 28.408597128465772 1540.5866478504613 1321.8848929041997 1003.1503748940304 15.497248414903877 61.85842202976346 25.076277326792479 19.482956035062671 98.527695257216692 24.796681668609381 424.63140364922583 437.26348872482777
leaf_count=407 294 1964 203 10219 8137 8712 118 438 140 133 564 125 2465 2597
internal_value=-4.03133e-05 4.18171e-05 -0.00118525 -0.000569924 0.000667082 0.00080611 -0.00103503 -0.0124989 0.0016745 -0.00808901 0.00520145 0.000590606 0.00340685 0.000344113
internal_weight=5290.84 5253.49 1773.35 1569 3480.14 3432.17 1099.99 96.8386 2332.18 81.3414 548.235 1783.95 449.708 1759.15
internal_count=36516 36222 12386 10422 23836 23429 9401 689 14028 571 3169 10859 2605 10734
is_linear=0
shrinkage=0.03


Tree=236
num_leaves=15
num_cat=0
split_feature=3 11 1 12 5 19 18 14 2 2 18 9 18 1
split_gain=5.68397 6.77012 5.42447 15.62 4.8739 5.30433 15.1557 11.7444 9.98614 8.08388 7.6128 16.6777 10.4857 12.2576
threshold=0.14329434788672732 21.500000000000004 0.13674510274116217 48.500000000000007 0.15463305720140177 7.4313884596403987 844.42000000000019 1393.0000000000002 0.21934567381111414 0.24175319392681208 773381.25000000012 308.00000000000006 1483939.9300000002 0.30483214896720762
decision_type=2 2 2 2 2 2 2 2 2 2 2 2 2 2
left_child=1 2 3 -1 -2 -6 -7 8 -8 -10 -9 12 -12 -14
right_child=4 -3 -4 -5 5 6 7 10 9 -11 11 -13 13 -15
leaf_value=0.046337335673276928 -0.0030068908018349269 0.013101740790975506 -0.0090752692424207124 -0.019041661406449743 0.00058599865339247913 -0.032449801512308987 -0.0060898465563687014 -0.0097413088458779117 0.023782198603455644 0.0046183358523353207 0.031863506292754556 -0.030442282590408078 -0.0084955528820180384 0.028736947057099924
leaf_weight=6.0819234224036318 443.60440504364669 15.967323485761879 144.88483323901892 7.1615487020462751 4261.88503143657 15.225546387955545 47.933446131646633 157.08584713935852 29.365068210288882 60.88608032092452 13.893191859126089 11.461524300277231 29.261900639161468 10.930679708719252
leaf_count=97 3156 104 923 126 28857 131 435 1234 196 403 117 117 324 65
internal_value=-0.00018532 -0.00551546 -0.00739536 0.0109829 -2.70759e-06 0.000284634 -0.00313088 -0.0018937 0.00497632 0.0108537 -0.00615781 0.00243014 0.00939626 0.00163011
internal_weight=5255.63 174.096 158.128 13.2435 5081.53 4637.93 376.043 360.818 138.185 90.2511 222.633 65.5473 54.0858 40.1926
internal_count=36285 1250 1146 223 35035 31879 3022 2891 1034 599 1857 623 506 389
is_linear=0
shrinkage=0.03


Tree=237
num_leaves=15
num_cat=0
split_feature=2 7 0 6 6 17 10 14 17 17 2 9 2 6
split_gain=6.09734 4.27268 5.96498 4.38387 6.80082 8.43929 4.94746 4.73665 7.63182 4.10838 13.2855 13.7229 13.7367 12.0813
threshold=0.055613716672834851 0.25600358644914428 0.22020488285282261 0.41444765412958567 0.35694760098996831 110.7 38.500000000000007 21.500000000000004 60.100000000000009 4.0500000000000007 0.2819510921902928 110.50000000000001 0.25092575397247524 0.2511071592878959
decision_type=2 2 2 2 2 2 2 2 2 2 2 2 2 2
left_child=-1 3 -3 4 6 -6 -2 8 -8 10 11 12 13 -9
right_child=1 2 -4 -5 5 -7 7 9 -10 -11 -12 -13 -14 -15
leaf_value=-0.017737723245874935 -0.011886495979453744 0.021484060361980518 -0.00057451631589910187 -0.01191773004398535 0.019734411051746593 -0.005189187986579049 -0.00018791099294047556 0.00537502482233087 -0.029809045956975418 0.00018694383404606853 -0.010742367949097777 -0.0035798136911973457 -0.0078520407000809769 0.02697949641867271
leaf_weight=18.00268985889852 33.36849497910589 19.43270755186677 25.525200366973877 29.209170177578926 32.965766379609704 19.436209760606289 20.281851850450039 218.39853592962027 12.74915479775518 4125.6068488517776 134.3327441457659 511.94779382459819 64.844112951308489 26.076779305934906
leaf_count=574 408 169 124 164 167 118 153 1618 180 28286 766 3270 380 158
internal_value=-0.000308301 -0.000248808 0.00896013 -0.000327981 -0.00026288 0.0104901 -0.000372344 -0.000297219 -0.0116209 -0.000223607 -0.00199608 -0.000565468 0.00442351 0.00767945
internal_weight=5292.18 5274.18 44.9579 5229.22 5200.01 52.402 5147.61 5114.24 33.031 5081.21 955.6 821.267 309.319 244.475
internal_count=36535 35961 293 35668 35504 285 35219 34811 333 34478 6192 5426 2156 1776
is_linear=0
shrinkage=0.03


Tree=238
num_leaves=15
num_cat=0
split_feature=1 18 18 18 14 2 0 18 2 17 2 1 10 17
split_gain=5.71305 14.2286 9.39642 11.5833 11.5255 11.3399 13.0997 10.2336 6.60545 25.0642 18.9924 10.0921 7.24621 20.1754
threshold=0.2653537397014723 12762290.000000002 3786223.6800000002 3147030.0000000005 3546.5000000000005 0.18685333610357305 0.34377864811810338 9531990.6500000004 0.27564618862746171 7.0500000000000007 0.27649162929612348 0.13744465448328722 1035.5000000000002 5306.4000000000005
decision_type=2 2 2 2 2 2 2 2 2 2 2 2 2 2
left_child=2 -2 3 8 -5 6 7 -4 12 -10 -11 -12 -1 -14
right_child=1 -3 5 4 -6 -7 -8 -9 9 10 11 -13 13 -15
leaf_value=0.0026251674960780392 -0.0014922581347762036 0.020763595180755292 -0.017365341806036143 0.052328993547081933 0.0028611593862776165 -0.015594396029365409 0.024927591378462541 0.0010980745165011475 -0.0086357122896508435 0.036513226814564009 -0.015074945804663066 0.010173895909888516 -9.885606509018883e-05 -0.023153640641642586
leaf_weight=1027.2141255587339 2067.2398013658822 26.18076153844595 36.446340719237924 7.9413810772821334 9.0921045485883933 65.746959767304361 16.048637986183167 104.43359583988786 79.606292804703116 23.700788702815771 15.68758529704064 155.21254342608154 1585.6691075284034 34.914058137685061
leaf_count=9355 10591 178 740 103 127 1060 72 1123 539 160 217 974 10589 462
internal_value=1.69411e-06 -0.00121392 0.000806573 0.00125674 0.0259241 -0.00513508 -0.000753039 -0.0036785 0.00111295 0.0055453 0.0113464 0.00785621 0.000653928 -0.000595551
internal_weight=5255.13 2093.42 3161.71 2939.04 17.0335 222.676 156.929 140.88 2922 274.207 194.601 170.9 2647.8 1620.58
internal_count=36290 10769 25521 22526 230 2995 1935 1863 22296 1890 1351 1191 20406 11051
is_linear=0
shrinkage=0.03


Tree=239
num_leaves=15
num_cat=0
split_feature=1 14 12 12 17 10 9 8 19 6 17 1 17 17
split_gain=5.82311 5.81409 5.62021 4.45335 3.79805 16.4227 10.0559 5.03182 3.60677 6.60693 13.474 19.3242 12.3027 21.063
threshold=0.059739055218861088 1354.5000000000002 18.500000000000004 99.500000000000014 0.15000000000000005 1631.0000000000002 54.500000000000007 76.500000000000014 4.5432925187972488 0.21657014879887826 0.75000000000000011 0.22644119534845603 175.05000000000004 90.100000000000009
decision_type=2 2 2 2 2 2 2 2 2 2 2 2 2 2
left_child=1 3 -3 -1 5 6 -2 -8 9 12 11 -11 13 -6
right_child=4 2 -4 -5 8 -7 7 -9 -10 10 -12 -13 -14 -15
leaf_value=-0.0095608622580715449 -0.014305827549971971 0.011369393167528842 -0.026622045169272419 0.038997015160317804 0.0021144876907453446 -0.022358535066150941 0.028249028271506337 0.0029277568770435486 0.00038335152664574631 0.0094064630043153609 -0.0016532464599904339 -0.03142150575109004 -0.0054869355694946867 0.025137540938615505
leaf_weight=4.049163285642865 15.356957092881201 4.2218857249245074 20.623694132082164 2.9297686982899904 392.64385918527842 34.975837916135788 14.427280843257906 13.837483957409857 2615.7137923650444 15.601897075772284 1906.7769797248766 31.495216626673937 161.80989460274577 39.347136549651623
leaf_count=151 142 160 924 98 2296 301 113 96 18739 125 11427 176 1458 213
internal_value=-0.000576462 -0.0133704 -0.0201663 0.0108238 -0.000498789 -0.0070439 0.00523536 0.0158526 -0.000399159 -0.00120257 -0.00204478 -0.0178964 0.00156869 0.0042115
internal_weight=5273.81 31.8245 24.8456 6.97893 5241.99 78.5976 43.6217 28.2648 5163.39 2547.67 1953.87 47.0971 593.801 431.991
internal_count=36419 1333 1084 249 35086 652 351 209 34434 15695 11728 301 3967 2509
is_linear=0
shrinkage=0.03


Tree=240
num_leaves=15
num_cat=0
split_feature=1 18 0 2 18 2 12 18 0 18 18 6 0 15
split_gain=9.61214 10.7859 7.95603 6.72115 17.8435 12.9415 8.78462 8.75414 9.27066 8.45078 8.43012 7.47196 6.27603 7.75462
threshold=0.27397395161739757 3448005.8750000005 0.47102504204593448 0.27564618862746171 2149.5250000000005 0.27801926308802921 35.500000000000007 1412951.0700000001 0.22884061234502814 981.71000000000049 104.12000000000002 0.21851127728150785 0.25671084202841049 11120.500000000002
decision_type=2 2 2 2 2 2 2 2 2 2 2 2 2 2
left_child=2 -2 3 12 9 6 -6 -7 -9 10 -5 -12 13 -1
right_child=1 -3 -4 4 5 7 -8 8 -10 -11 11 -13 -14 -15
leaf_value=0.0012511858211038515 -0.0020533407589714498 0.0089579909847002735 0.016553977656631705 -0.018484909661012645 0.040573590953391067 0.0080567113809017141 0.013070759190242216 -0.026006748622070173 0.0097779769245765133 -0.020562478942070896 0.017683217348539528 -0.0063220250349656382 0.0028082276016928318 -0.0022929540560509771
leaf_weight=1325.6551608843729 1712.8687969986349 83.986115101724863 29.957942962646484 17.305618835613132 16.993467843160033 197.48464371263981 27.154087979346514 14.861193484626712 11.602648712694643 27.1869887560606 24.032735912129283 22.685489892959595 832.87621305882931 956.54132359195501
leaf_count=11820 8638 518 131 124 107 1317 176 246 66 160 150 134 3998 8956
internal_value=0.00024532 -0.00153866 0.00116006 0.00102733 0.00491246 0.00881194 0.0236573 0.00588544 -0.0103175 -0.0065493 -0.00059876 0.00602672 0.000579197 -0.000234276
internal_weight=5301.19 1796.85 3504.34 3474.38 359.307 268.096 44.1476 223.948 26.4638 91.2108 64.0238 46.7182 3115.07 2282.2
internal_count=36541 9156 27385 27254 2480 1912 283 1629 312 568 408 284 24774 20776
is_linear=0
shrinkage=0.03


Tree=241
num_leaves=15
num_cat=0
split_feature=19 6 19 4 10 17 17 17 17 12 10 1 17 17
split_gain=4.88388 11.0248 7.41931 8.17495 9.01987 7.29064 16.0425 11.3131 9.49154 7.59702 6.99577 6.00221 13.6537 8.33102
threshold=0.61482027553725704 0.23365273955835622 1.5580892133149296 0.16510422186856283 891.50000000000011 1160.8000000000002 471.85000000000008 260.75000000000006 175.05000000000004 78.500000000000014 589.00000000000011 0.23832364655450627 19.050000000000004 32.650000000000013
decision_type=2 2 2 2 2 2 2 2 2 2 2 2 2 2
left_child=1 5 3 4 -2 6 7 8 11 -8 -5 13 -13 -1
right_child=2 -3 -4 10 -6 -7 9 -9 -10 -11 -12 12 -14 -15
leaf_value=0.0041939643026374816 0.024524979619587918 0.02642484929728665 0.00016018731589179956 -0.015071941944421007 -0.0047626352303270841 -0.011730708418884959 0.0090410763841708656 -0.019841061283403044 0.021915127008514629 0.035323956927249205 -0.0037613249232385784 -0.0010667718135278703 0.029682967185315243 -0.0080025036211662601
leaf_weight=112.93075584992766 17.518968129530549 17.74179738946259 4541.4441982908174 61.562836755998433 20.583501752465963 30.919895633123815 21.039861917495728 21.504692450165749 21.449377179145813 18.690380036830902 245.39538467675447 36.892975274473429 20.063602060079575 91.038504354655743
leaf_count=741 114 91 31975 562 118 263 121 123 115 105 1361 224 89 508
internal_value=9.65081e-05 0.00331715 -0.000162034 -0.00440289 0.00870339 0.00222252 0.00347811 0.00113424 0.00273164 0.0214054 -0.00602976 0.00115467 0.00976517 -0.00124974
internal_weight=5278.78 392.272 4886.5 345.061 38.1025 374.53 343.61 303.88 282.375 39.7302 306.958 260.926 56.9566 203.969
internal_count=36510 2380 34130 2155 232 2289 2026 1800 1677 226 1923 1562 313 1249
is_linear=0
shrinkage=0.03


Tree=242
num_leaves=15
num_cat=0
split_feature=12 0 19 9 10 17 14 11 1 5 18 9 12 14
split_gain=5.44058 5.77028 12.0022 12.9607 12.8829 22.3327 13.0429 10.1482 8.4087 9.24795 7.29853 7.29593 9.61851 7.14871
threshold=7.5000000000000009 0.26189530018919954 7.1310187583124689 297.50000000000006 593.00000000000011 45.050000000000004 2296.0000000000005 1.0000000180025095e-35 0.15423514963526988 0.34142745903768779 10982.675000000001 10.500000000000002 37.500000000000007 1262.0000000000002
decision_type=2 2 2 2 2 2 2 2 2 2 2 2 2 2
left_child=-1 2 13 4 -4 7 -7 -6 10 11 -3 12 -10 -2
right_child=1 8 3 -5 5 6 -8 -9 9 -11 -12 -13 -14 -15
leaf_value=-0.0041586843426430885 -0.003102909880301334 0.021877059492210572 -0.01203852478384445 -0.024399118467607055 0.017816014139072581 0.035192979989945694 0.0045013727636473823 -0.012209976535441642 -0.0043877294590629569 -0.011668731882306778 0.0022703103359980525 0.001124627743700234 0.018995596914867324 0.0008888594591730971
leaf_weight=252.65681813843548 506.58104959316552 33.349921554327011 104.06649634242058 32.386682350188494 11.892943639308212 21.79242860712111 29.105061139911413 68.368787545710802 24.12381686270237 49.513396620750427 35.040033519268036 2087.6428646817803 46.061485469341278 1989.6184225203469
leaf_count=1724 4468 150 1407 342 97 211 296 618 115 228 167 9688 221 16839
internal_value=0.000137234 0.000352609 -0.000568541 -0.00660641 -0.00415665 0.00209712 0.0176424 -0.00776081 0.00147132 0.00115033 0.0118314 0.00144448 0.0109584 7.87661e-05
internal_weight=5292.2 5039.54 2763.81 267.612 235.226 131.159 50.8975 80.2617 2275.73 2207.34 68.39 2157.83 70.1853 2496.2
internal_count=36571 34847 24278 2971 2629 1222 507 715 10569 10252 317 10024 336 21307
is_linear=0
shrinkage=0.03


Tree=243
num_leaves=15
num_cat=0
split_feature=5 10 8 0 9 12 2 4 4 5 14 4 2 9
split_gain=6.28007 8.12782 6.97084 12.0681 8.99283 6.05872 8.63073 5.19993 6.29151 5.15386 8.89215 8.65696 8.23358 6.95759
threshold=0.15463305720140177 1109.5000000000002 27.500000000000004 0.34377864811810338 65.500000000000014 89.500000000000014 0.23359531348369758 0.22742905670521457 0.20097955731541037 0.1959895960121141 18528.500000000004 0.29705784200804386 0.18685333610357305 31.500000000000004
decision_type=2 2 2 2 2 2 2 2 2 2 2 2 2 2
left_child=1 2 3 7 -4 -6 -7 8 -1 10 -2 12 -12 -14
right_child=9 -3 4 -5 5 6 -8 -9 -10 -11 11 -13 13 -15
leaf_value=-0.0081066987348120349 -0.00027989095919878396 -0.0067170178790194202 0.026991567188184882 0.014031116730674245 -0.0046897970054095009 -0.0049763073493136458 0.023603063533858274 -0.00049382397547018868 -0.032583065562739266 -0.00017766331302168143 0.01790575545900177 -0.012142382791107451 -0.0071790389262874179 0.0063849656549926168
leaf_weight=22.391905823722482 543.08368729427457 268.08310141880065 16.573173878714442 22.289156079292297 44.986753790639341 16.521783025935292 22.408804861828685 23.258470181375742 16.354914335533977 3852.3052652431652 50.199139054864645 23.63930001668632 38.14701360091567 315.74045525304973
leaf_count=271 3900 1691 132 99 328 154 122 264 206 26525 463 153 289 1871
internal_value=-2.51948e-06 -0.00338029 0.00146059 -0.00490141 0.00679722 0.00280896 0.0114742 -0.0117071 -0.0184381 0.000314637 0.00226815 0.00550341 0.00653569 0.00492284
internal_weight=5275.98 452.868 184.785 84.2944 100.491 83.9173 38.9306 62.0053 38.7468 4823.11 970.81 427.726 404.087 353.887
internal_count=36468 3267 1576 840 736 604 276 741 477 33201 6676 2776 2623 2160
is_linear=0
shrinkage=0.03


Tree=244
num_leaves=15
num_cat=0
split_feature=0 19 6 18 18 17 1 6 19 18 8 6 3 4
split_gain=4.08541 7.1967 8.25605 7.61421 7.06378 6.42366 10.5545 6.68128 6.41798 6.91228 11.9483 5.92987 4.97256 4.50593
threshold=0.4363579715520664 6.0813048333394155 0.2084781684555724 310227.00000000006 91.920000000000016 9.8500000000000032 0.39052578667330334 0.21851127728150785 4.7072753070138882 4330.1250000000009 211.50000000000003 0.22269408975567628 0.12062357542816253 0.17851710624824199
decision_type=2 2 2 2 2 2 2 2 2 2 2 2 2 2
left_child=12 3 -3 4 -2 7 8 -6 9 10 -7 -4 13 -1
right_child=1 2 11 -5 5 6 -8 -9 -10 -11 -12 -13 -14 -15
leaf_value=0.0066433206679532069 -0.0079420507497321852 -0.00481880949677462 0.024155050695584337 -0.011298124201654424 0.025769281967189708 -0.011165508286343379 -0.010430354444462277 0.0038963797187805392 -0.0060844997383782459 0.021132090229480559 0.017352218270969205 0.006325306873178331 -0.00011485720247253149 -0.013002542046660201
leaf_weight=13.451391824521123 46.490885227918625 23.857795655727386 35.479432210326195 40.961470171809196 24.008706837892532 24.985789507627487 44.188433185219765 26.37731970846653 26.582520514726639 34.789651155471802 28.08614644408226 31.866189450025558 4840.8187540918589 48.003918940201402
leaf_count=91 191 107 157 172 104 102 186 114 112 144 114 150 34385 367
internal_value=1.19371e-05 0.00297662 0.0103462 0.000709533 0.00263452 0.00498701 0.002023 0.0143187 0.00683141 0.0107391 0.00392633 0.0157185 -0.000222512 -0.00870244
internal_weight=5289.95 387.674 91.2034 296.471 255.509 209.019 158.633 50.386 114.444 87.8616 53.0719 67.3456 4902.27 61.4553
internal_count=36496 1653 414 1239 1067 876 658 218 472 360 216 307 34843 458
is_linear=0
shrinkage=0.03


Tree=245
num_leaves=15
num_cat=0
split_feature=6 17 17 6 18 9 10 3 1 1 17 19 19 19
split_gain=4.82897 10.9658 15.2457 14.3126 11.3721 13.0123 19.7036 16.616 12.6391 11.3284 9.63457 12.7822 18.6154 19.4596
threshold=0.18506473469700213 2.0500000000000003 4.7500000000000009 0.16758542065467155 46.850000000000001 34.500000000000007 280.00000000000006 0.19616344193425253 0.17418276845452144 0.1935868505941406 14.950000000000001 1.0471650770867937 4.3509226817742386 6.0987481871123297
decision_type=2 2 2 2 2 2 2 2 2 2 2 2 2 2
left_child=1 3 -3 -1 -4 6 8 -8 -6 -9 -7 -12 -13 -14
right_child=-2 2 4 -5 5 10 7 9 -10 -11 11 12 13 -15
leaf_value=0.011423983416025962 0.00019149664228717143 -0.020463543986267419 0.019589584143245395 -0.012107690572394341 0.0097365142448838926 -0.017111385137008803 0.036193795627554287 -0.02280444523389201 -0.033368626438506056 0.014754490724158914 -0.035930476218926886 0.0094884046965783599 -0.020469611062163193 0.0043730254389712248
leaf_weight=88.053908141329885 4725.6465152250603 50.986826278269291 19.08363538607955 31.614530738443136 10.39917613938451 68.207846894860268 22.512080858461559 10.584952378645538 14.885006950236855 22.785214606672525 10.719494968652723 74.044921609573066 65.909268594346941 49.834782653488219
leaf_count=638 31647 357 160 234 298 457 225 176 145 145 73 756 641 440
internal_value=-0.000115513 -0.0028041 -0.005087 0.00520728 -0.00296214 -0.00419218 0.00633461 0.016277 -0.0156398 0.00284087 -0.00737182 -0.00405866 -0.00225851 -0.00977336
internal_weight=5265.27 539.622 419.953 119.668 368.966 349.883 81.1664 55.8822 25.2842 33.3702 268.716 200.508 189.789 115.744
internal_count=36392 4745 3873 872 3516 3356 989 546 443 321 2367 1910 1837 1081
is_linear=0
shrinkage=0.03


Tree=246
num_leaves=15
num_cat=0
split_feature=1 17 18 18 17 10 10 16 0 10 19 5 9 17
split_gain=4.85229 10.8568 9.10758 11.708 11.417 7.597 10.1375 10.0911 14.2605 17.7294 13.9412 11.5401 10.166 13.3613
threshold=0.21009264014621029 160640.00000000003 9531990.6500000004 4981919.2000000011 7447.2000000000007 2538.0000000000005 2772.5000000000005 6.1000000000000005 0.19919265790632698 426.50000000000006 5.2135678081610024 0.31926513478612611 63.500000000000007 135.05000000000004
decision_type=2 2 2 2 2 2 2 2 2 2 2 2 2 2
left_child=1 5 3 -2 -5 7 -7 8 12 10 -10 -9 -1 -14
right_child=2 -3 -4 4 -6 6 -8 11 9 -11 -12 -13 13 -15
leaf_value=-0.01212999699207523 -0.00055195373749192917 -0.028290953709805246 0.011905008481500256 0.0016430085894151027 -0.034391217668732432 0.030809943341536663 0.0042156858772289607 0.0019108015256628882 0.031052497448097762 -0.0034460984978922308 0.0047278530095309764 0.020229064981929994 -0.010232581734006379 0.0053590565373502069
leaf_weight=151.43334863800555 3451.6648663487285 11.009570821188388 52.196973824873567 13.999856512993572 18.202286588028073 13.30946517176926 419.50584406405687 711.51826330740005 30.103608228266239 116.34021578729153 45.429447401314974 32.359182486310601 91.641950593329966 107.48309507593513
leaf_count=2924 18655 396 379 104 130 113 3311 6368 162 686 285 289 963 1595
internal_value=0.000103406 0.00140527 -0.000533574 -0.000719935 -0.0187254 0.00159545 0.00503348 0.000438627 -0.00267307 0.00390183 0.0152195 0.00270766 -0.00627174 -0.00181658
internal_weight=5266.2 1730.13 3536.06 3483.87 32.2021 1719.12 432.815 1286.31 542.432 191.873 75.5331 743.877 350.558 199.125
internal_count=36360 17092 19268 18889 234 16696 3424 13272 6615 1133 447 6657 5482 2558
is_linear=0
shrinkage=0.03


Tree=247
num_leaves=15
num_cat=0
split_feature=14 15 0 0 18 18 18 10 0 10 2 16 2 18
split_gain=3.75128 9.48635 7.06054 10.6265 6.83451 7.63522 15.1306 13.9127 10.4485 7.86517 8.65562 11.1291 10.4042 10.0728
threshold=18542.500000000004 84.500000000000014 0.33042871676899288 0.31984005789102798 12.625000000000002 300.70000000000005 433.40000000000003 2538.0000000000005 0.21656570745678169 410.50000000000006 0.23359531348369758 1.1500000000000001 0.13526915749144003 3644.1000000000004
decision_type=2 2 2 2 2 2 2 2 2 2 2 2 2 2
left_child=1 -1 3 4 -2 8 7 -7 -6 10 11 -8 -13 -14
right_child=2 -3 -4 -5 5 6 9 -9 -10 -11 -12 12 13 -15
leaf_value=-0.013328277583035023 0.010582340114741247 -0.0005090748665618869 0.0052092758032368887 -0.011561019777207981 0.0036278453223209774 0.0042856756132576886 -0.0037417715474207264 0.037534531920350965 -0.0089219349748599006 -0.0006278239920401266 -0.0020336808529568943 -0.0058698353701363021 -0.00094885904904300406 0.029458248283766284
leaf_weight=52.734432423487306 60.225389007478952 3510.8173997704871 297.74496860802174 66.72071947157383 93.71679507009685 27.264354262501001 29.404984137974679 19.376215711236 164.52787888795137 805.82797003444284 65.741142509505153 13.400735250674186 12.28105606138706 48.629697447642684
leaf_count=364 382 24976 1277 311 698 184 386 111 865 5665 519 199 83 434
internal_value=-0.000145078 -0.000698777 0.00101228 0.0001242 0.000705853 0.000241216 0.00140589 0.0180985 -0.00436763 0.000607608 0.0064825 0.0118805 0.0180622 0.0233275
internal_weight=5268.41 3563.55 1704.86 1407.12 1340.4 1280.17 1021.93 46.6406 258.245 975.286 169.458 103.716 74.3115 60.9108
internal_count=36454 25340 11114 9837 9526 9144 7581 295 1563 7286 1621 1102 716 517
is_linear=0
shrinkage=0.03


Tree=248
num_leaves=15
num_cat=0
split_feature=5 12 9 10 8 18 10 19 15 6 17 19 19 5
split_gain=6.71387 6.6867 6.06621 5.39436 7.80932 5.8437 6.46325 5.50875 5.23171 4.9637 4.62018 5.91515 6.29251 7.28559
threshold=0.15463305720140177 30.500000000000004 113.50000000000001 1510.5000000000002 24.500000000000004 1389.9500000000003 182.00000000000003 5.5844356993904496 13546.500000000002 0.21851127728150785 1261.5000000000002 6.9962233237301126 4.1751559095550812 0.14319264727061473
decision_type=2 2 2 2 2 2 2 2 2 2 2 2 2 2
left_child=1 2 -1 4 5 -3 -7 8 -6 -4 11 12 13 -5
right_child=-2 3 9 10 7 6 -8 -9 -10 -11 -12 -13 -14 -15
leaf_value=-0.0013454705736319866 0.00051206971598479292 0.012727597634040608 -0.0039048659823157561 0.0043226966384781801 0.0013847047590691485 0.008796662845648907 -0.017326546536217395 0.02249298431547031 0.020459659913592856 -0.019740526076336092 -0.020243655043868675 -0.019186577401343156 0.0060376401547359996 -0.018408521253406477
leaf_weight=55.82824972178787 4822.4072048468515 11.56766672991216 27.212932610884309 22.762746062129736 84.181569881737232 11.201641240157185 35.658241339959204 17.673536546528339 15.291387436911462 51.582007586956024 16.370759392157197 18.145021941512823 58.442855441942811 28.677380405366421
leaf_count=451 33153 99 193 139 554 132 347 153 95 324 134 116 345 181
internal_value=0.000183525 -0.00330172 -0.00891105 -0.000941687 0.00259085 -0.00636803 -0.0110819 0.00705914 0.00431698 -0.0142715 -0.00523688 -0.00331799 -0.000697604 -0.00834974
internal_weight=5277 454.596 134.623 319.973 175.574 58.4275 46.8599 117.146 99.473 78.7949 144.399 128.028 109.883 51.4401
internal_count=36416 3263 968 2295 1380 578 479 802 649 517 915 781 665 320
is_linear=0
shrinkage=0.03


Tree=249
num_leaves=15
num_cat=0
split_feature=12 13 2 18 16 19 5 17 5 18 18 4 12 7
split_gain=7.16551 7.10725 8.93427 10.3985 9.48843 9.48505 9.77272 11.8379 7.86707 7.16313 7.98387 8.12407 7.71811 6.64436
threshold=242.00000000000003 5.5000000000000009 0.19749757321473768 63684.335000000006 2.3500000000000001 4.562262140174151 0.22306818050648253 40.100000000000009 0.24801558781937466 75.600000000000023 6.0300000000000002 0.21251972356506058 248.50000000000003 0.21278386855596979
decision_type=2 2 2 2 2 2 2 2 2 2 2 2 2 2
left_child=-1 9 3 4 -3 6 7 -4 -8 10 -2 -12 -11 -14
right_child=1 2 5 -5 -6 -7 8 -9 -10 12 11 -13 13 -15
leaf_value=0.00089263865343336272 0.0031366254393337917 -0.016921990630014615 0.025682331685234448 0.028365429821179754 0.014868031835267784 -0.0065070684396141467 -0.018806340206947724 0.0013323812322060136 0.0041636280598507788 -0.016814730396162013 -0.0068627375617296305 -0.027221113945193828 0.0033671208381737291 -0.0037326750680952286
leaf_weight=4264.7781554823741 25.641812599264085 13.97376938164234 32.971513208001852 22.573478077538311 21.376224929466844 124.7791712321341 20.942708076909184 39.490261954255402 37.356078118085861 31.623659230768681 37.660585688427091 33.186951922252774 170.16385653149337 391.74222224205732
leaf_count=29292 175 117 193 306 161 832 127 244 223 228 212 195 1218 2834
internal_value=0.000355956 -0.00192494 0.00182095 0.0124589 0.00230151 -0.000590374 0.00505567 0.0124121 -0.00408789 -0.00362662 -0.0112076 -0.0163992 -0.0023942 -0.00158262
internal_weight=5268.26 1003.48 313.463 57.9235 35.35 255.54 130.761 72.4618 58.2988 690.019 96.4894 70.8475 593.53 561.906
internal_count=36357 7065 2203 584 278 1619 787 437 350 4862 582 407 4280 4052
is_linear=0
shrinkage=0.03


Tree=250
num_leaves=15
num_cat=0
split_feature=2 14 14 14 17 12 0 6 17 0 10 17 17 2
split_gain=5.79442 11.7251 8.22737 29.6351 13.5973 9.04008 8.1636 7.79105 9.10878 9.78436 14.745 7.22811 21.1255 17.786
threshold=0.18911340579466482 3490.0000000000005 134.50000000000003 92.500000000000014 24.650000000000002 18.500000000000004 0.28694576888018403 0.22477227098990071 14.950000000000001 0.22232424410987014 410.50000000000006 17692.500000000004 11711.150000000001 0.16302829430443663
decision_type=2 2 2 2 2 2 2 2 2 2 2 2 2 2
left_child=1 2 3 4 -1 -4 7 -7 -9 10 -10 12 -3 -14
right_child=-2 11 5 -5 -6 6 -8 8 9 -11 -12 -13 13 -15
leaf_value=0.020109050769261946 -0.00026797919759656628 0.0069274247608501456 -0.015285968718014999 0.039311309284238947 -0.015093282294227663 -0.0077859861542676307 0.010314811490971314 -0.0076271555530714377 -0.012164553830253166 0.042787826713551073 0.036154061857258057 -4.828825156015048e-05 0.073198592260160275 0.0077526365631443083
leaf_weight=14.048599181696771 4563.2056951206177 248.37414712179452 48.602762121707201 19.505230617709458 33.243878562003374 134.84135950030759 45.677344337105751 27.387393912300467 15.187638619914653 8.8368610069155675 9.083703897893427 113.03556126635522 8.2356613120064122 6.8422302324324837
leaf_count=98 28687 2189 541 207 437 1906 216 217 273 43 107 1275 180 74
internal_value=0.000129703 0.00260575 -0.00129415 0.0081967 -0.00463615 -0.00348314 -0.00110299 -0.00377291 0.00517201 0.0157596 0.00591899 0.00629773 0.00902053 0.0434997
internal_weight=5296.11 732.902 356.415 66.7977 47.2925 289.617 241.014 195.337 60.4956 33.1082 24.2713 376.488 263.452 15.0779
internal_count=36450 7763 4045 742 535 3303 2762 2546 640 423 380 3718 2443 254
is_linear=0
shrinkage=0.03


Tree=251
num_leaves=15
num_cat=0
split_feature=18 18 17 17 17 17 17 14 18 0 14 17 17 0
split_gain=5.55225 7.89581 10.8477 12.3941 10.2787 9.83619 20.6127 7.39882 7.36156 16.497 12.4193 10.5034 10.3498 13.9735
threshold=27.400000000000009 18.695000000000007 1.0500000000000003 4.7500000000000009 26.550000000000004 11.950000000000001 8.0500000000000025 154.50000000000003 60.065000000000005 0.35126247973563646 864.50000000000011 3.0500000000000003 39.95000000000001 0.25837100582529005
decision_type=2 2 2 2 2 2 2 2 2 2 2 2 2 2
left_child=1 4 -3 -4 5 6 7 -1 9 10 -2 -12 13 -13
right_child=8 2 3 -5 -6 -7 -8 -9 -10 -11 11 12 -14 -15
leaf_value=-0.020605185697546911 0.025735749359063149 0.0072306953685973173 -0.038545175575773909 -0.0088089609069504637 0.021381951983788141 -0.015424906325145735 0.024190469571986343 -0.0017162676306870391 -4.8119773769265544e-05 0.02597961127277049 -0.010987787257793839 0.032089819976170574 -0.0053717542624525305 0.00037536499946224332
leaf_weight=20.038107421249151 17.915836114436388 19.521928898990154 18.891282457858324 37.970087844878435 16.88841566350311 46.645021960139275 27.423985242843628 272.04549881257117 4617.5717959133908 30.941080093383789 55.874135790392756 22.750528581440449 42.95500348508358 27.760567396879196
leaf_count=128 107 119 109 205 165 251 146 1766 32422 129 413 140 239 130
internal_value=-0.00010573 -0.00325683 -0.012064 -0.0186883 -0.00150057 -0.002556 -0.000677269 -0.00301212 0.000194885 0.00585638 0.00213374 -0.00069771 0.00545371 0.0146598
internal_weight=5275.19 459.424 76.3833 56.8614 383.041 366.153 319.508 292.084 4815.77 198.197 167.256 149.34 93.4661 50.5111
internal_count=36469 2889 433 314 2456 2291 2040 1894 33580 1158 1029 922 509 270
is_linear=0
shrinkage=0.03


Tree=252
num_leaves=15
num_cat=0
split_feature=1 18 17 2 18 2 18 14 8 17 2 17 18 19
split_gain=7.15655 9.44437 8.39912 23.022 12.9395 11.9533 16.4627 12.8659 11.812 11.3605 10.2201 9.74823 12.1748 18.4334
threshold=0.28066709484908486 14100520.000000002 3458.1500000000005 0.23809317954847606 1679390.5000000002 0.23790126725911789 134683.29000000004 1271.0000000000002 120.50000000000001 5991.0000000000009 0.20358306256558403 7.6500000000000012 8.9500000000000011 3.051614755219402
decision_type=2 2 2 2 2 2 2 2 2 2 2 2 2 2
left_child=-1 2 4 -4 5 6 7 8 -2 -5 -8 12 -7 -14
right_child=1 -3 3 9 -6 11 10 -9 -10 -11 -12 -13 13 -15
leaf_value=0.00064231352976575149 0.0040886622684614101 0.018709312794393411 -0.027832570301852738 -0.017623938892029598 0.020640346963918133 -0.017805909987973184 0.0038900768830372762 -0.0022337773237407345 0.028538030738567664 0.006429719711551673 0.033410178955645062 -0.0055906648902998282 0.024268545703782774 1.4385345974502331e-05
leaf_weight=3634.8595389304683 70.982619021087885 20.05653796158731 41.228196721524 24.90113652870059 23.653233010321856 27.811737272888422 19.437130611389875 354.16778347454965 23.729184433817863 60.868428053334355 23.098391935229301 686.32316423207521 32.315840110182762 221.51833343505859
leaf_count=28072 351 134 265 151 130 161 106 1699 105 349 126 3449 151 1135
internal_value=-9.83794e-05 -0.00175001 -0.00200488 -0.00940942 -0.0013708 -0.00172755 0.00208298 0.000392703 0.0102142 -0.000553683 0.0199206 -0.00366207 0.00103759 0.0031022
internal_weight=5264.95 1630.09 1610.04 126.998 1483.04 1459.38 491.415 448.88 94.7118 85.7696 42.5355 967.969 281.646 253.834
internal_count=36384 8312 8178 765 7413 7283 2387 2155 456 500 232 4896 1447 1286
is_linear=0
shrinkage=0.03


Tree=253
num_leaves=15
num_cat=0
split_feature=6 9 14 18 9 17 16 18 17 1 16 9 9 4
split_gain=5.54531 9.11534 7.42336 11.3935 13.0451 6.69871 6.28524 5.9903 5.54121 9.19211 11.4874 9.46343 12.0692 9.76299
threshold=0.14477736895612639 39.500000000000007 30.500000000000004 16696.180000000004 30.500000000000004 25.050000000000004 0.95000000000000007 42471000.000000007 3.3500000000000001 0.37747483702694251 6.3500000000000005 129.50000000000003 358.00000000000006 0.17112450351348582
decision_type=2 2 2 2 2 2 2 2 2 2 2 2 2 2
left_child=1 6 3 -2 -5 -3 -1 8 9 11 -11 -4 -13 -14
right_child=2 5 7 4 -6 -7 -8 -9 -10 10 -12 12 13 -15
leaf_value=0.032409593376419958 0.022767597422448219 -0.0043257965569013044 0.0024567679792684574 0.018283693913985301 -0.031824580622089496 -0.0315385976550678 -0.0080385787986330202 -0.01700558374620461 0.0005794209217776054 -0.02640437436054981 0.00023598067137465246 -0.0090293490896947905 -0.013993911445307089 0.0031835677359579005
leaf_weight=6.2618784308433515 31.277571799233556 15.239558162167667 356.38949079252779 9.3293468430638331 9.3746085995808226 17.478338890708983 7.7204107940196991 18.415620751678944 4288.6712014609948 30.173568151891232 28.165538378059864 224.92865816503763 34.898341856896877 202.99009115807712
leaf_count=102 162 133 2601 118 101 203 137 319 29338 135 136 1449 228 1320
internal_value=9.32061e-05 -0.0101987 0.000185025 0.0116913 -0.00683107 -0.0188632 0.0100759 7.41007e-05 0.000134983 -0.00203704 -0.0135427 -0.00121767 -0.00404715 0.000663624
internal_weight=5281.31 46.7002 5234.61 49.9815 18.704 32.7179 13.9823 5184.63 5166.22 877.546 58.3391 819.207 462.817 237.888
internal_count=36482 575 35907 381 219 336 239 35526 35207 5869 271 5598 2997 1548
is_linear=0
shrinkage=0.03


Tree=254
num_leaves=15
num_cat=0
split_feature=5 5 18 6 2 9 12 12 5 1 15 8 1 1
split_gain=7.41618 6.06709 8.09589 8.71307 8.58994 7.42902 7.40658 6.49267 9.16916 9.79212 8.76686 7.93167 11.3912 7.51488
threshold=0.15463305720140177 0.19079473019083895 11342268.000000002 0.17177067789669123 0.29351995502685674 34.500000000000007 204.50000000000003 48.500000000000007 0.16603410614760419 0.16550824630806499 278.50000000000006 128.50000000000003 0.24638878244468315 0.28604699795444805
decision_type=2 2 2 2 2 2 2 2 2 2 2 2 2 2
left_child=-1 2 3 5 7 -2 -7 10 11 -10 -5 12 -9 -14
right_child=1 -3 -4 4 -6 6 -8 8 9 -11 -12 -13 13 -15
leaf_value=-0.0038693849790860883 0.011558339918119984 -0.00035975754036526912 0.017257122565771135 0.018119762667863429 -0.017741710476617198 -0.0058689453334814755 -0.028415212607609239 0.013879235648865007 -0.0034879852919111336 0.011152403760773201 -0.0010743426195053334 -0.010232531886946842 -0.02051183903486796 0.0026834185278426337
leaf_weight=447.73203654866666 15.748452500440179 3871.3663176065311 31.560643442906439 22.898304289206862 17.991092693060637 55.875538307242095 17.134522928856313 55.325637356378138 49.343521323055029 246.59950947761536 330.97732313815504 49.159199641086161 19.239342276006937 36.268698254600167
leaf_count=3223 154 26641 322 139 99 446 138 476 567 1404 2152 289 109 184
internal_value=-0.000176107 0.000167 0.00231785 0.00180344 0.00276122 -0.00712929 -0.0111603 0.00321672 0.00558327 0.00871137 0.000167654 -0.000202857 0.00424571 -0.00535616
internal_weight=5267.22 4819.49 948.122 916.561 827.803 88.7585 73.0101 809.812 455.936 295.943 353.876 159.993 110.834 55.508
internal_count=36343 33120 6479 6157 5419 738 584 5320 3029 1971 2291 1058 769 293
is_linear=0
shrinkage=0.03


Tree=255
num_leaves=15
num_cat=0
split_feature=1 18 17 10 18 17 8 17 17 10 2 12 1 2
split_gain=4.63828 9.41043 7.93003 7.65298 7.56324 9.8513 17.582 12.7678 18.6269 11.0352 10.781 8.85478 8.93217 10.761
threshold=0.21009264014621029 42471000.000000007 120060.00000000001 574.50000000000011 9531990.6500000004 3796.3500000000008 289.00000000000006 2400.5000000000005 2002.1500000000003 505.50000000000006 0.23671218265163887 25.500000000000004 0.22990705778562162 0.25960225852924085
decision_type=2 2 2 2 2 2 2 2 2 2 2 2 2 2
left_child=1 2 -1 -4 5 7 11 8 -2 -9 -11 -7 -13 -14
right_child=4 -3 3 -5 -6 6 -8 9 -10 10 -12 12 13 -15
leaf_value=0.00096420422727376564 -0.00073947416297658031 -0.024535662030931021 0.0015575628326155331 0.049519337928757255 0.010422976958161332 -0.021046442335347793 0.017710828821793992 0.029706212294321778 -0.021519729010854485 0.019871596598376045 -0.0066933020883838878 0.011645650506067442 -0.015991526583721286 0.0016663624533638072
leaf_weight=1703.2191633116454 3155.8369867987931 12.948981019668279 6.0078678028658015 5.9691094374284148 51.838221007958055 49.383344549685717 22.942442484200001 21.296841833740473 39.305753570050001 23.563276233151555 33.012771248817444 21.181564876809716 82.430257700383663 49.843008693307638
leaf_count=16430 16781 305 255 39 384 357 126 118 231 153 192 189 592 294
internal_value=-0.000331755 0.000942909 0.00113526 0.0254608 -0.000952153 -0.00112069 -0.00718162 -0.000702589 -0.000995107 0.0112995 0.00437067 -0.00999713 -0.00644135 -0.00933771
internal_weight=5278.78 1728.15 1715.2 11.977 3550.63 3498.8 225.781 3273.02 3195.14 77.8729 56.576 202.838 153.455 132.273
internal_count=36446 17029 16724 294 19417 19033 1558 17475 17012 463 345 1432 1075 886
is_linear=0
shrinkage=0.03


Tree=256
num_leaves=15
num_cat=0
split_feature=19 6 9 7 7 3 19 17 19 6 6 16 1 6
split_gain=3.92405 9.44408 7.51935 8.69227 9.12479 6.53496 6.43602 9.06236 11.7435 7.33229 6.98331 10.1223 7.98931 12.799
threshold=0.61482027553725704 0.23365273955835622 811.50000000000011 0.21961753146207211 0.21436424246970343 0.22804826034854367 1.599336558775341 1200.5000000000002 1.2088489500472754 0.43792418644157444 0.16841001681837381 3.8500000000000001 0.27702869429913818 0.21408947399191641
decision_type=2 2 2 2 2 2 2 2 2 2 2 2 2 2
left_child=1 -1 6 4 -4 -5 7 8 10 -8 -2 -12 13 -13
right_child=2 -3 3 5 -6 -7 9 -9 -10 -11 11 12 -14 -15
leaf_value=0.002041899283415376 0.01386190986760299 0.024643739533515726 -0.0020734871982294738 0.010953920280244426 -0.0135434525148454 -0.010504354015343246 0.00064640555842746179 0.0094769340647860231 -0.015555280833094178 -0.019180735889237362 0.0074091562995679226 -0.022696100039600202 -0.015059073312368899 0.0042941403496139152
leaf_weight=373.42637844663113 22.407417133450508 17.414433604106307 144.4658143594861 47.939958103001118 109.91651661321521 17.412461422383785 4179.5527825774625 42.001056950539351 76.90579778701067 16.854250930249691 54.934900876134634 20.28289820253849 70.80446320772171 71.745943607762456
leaf_count=2291 131 92 932 299 724 112 29674 391 553 98 311 113 336 390
internal_value=0.000156657 0.00304895 -7.52147e-05 -0.00452242 -0.00702957 0.00523659 0.00023692 -0.0036179 -0.00535246 0.000566773 -0.00208545 -0.00372637 -0.00748314 -0.00165443
internal_weight=5266.07 390.841 4875.22 319.735 254.382 65.3524 4555.49 359.082 317.081 4196.41 240.176 217.768 162.833 92.0288
internal_count=36447 2383 34064 2067 1656 411 31997 2225 1834 29772 1281 1150 839 503
is_linear=0
shrinkage=0.03


Tree=257
num_leaves=15
num_cat=0
split_feature=6 9 9 6 10 16 10 6 0 9 14 8 17 17
split_gain=5.54865 8.42074 8.92829 7.90973 6.54658 4.11765 8.81413 13.1505 10.1553 16.0554 14.8497 9.67544 9.337 9.45204
threshold=0.14477736895612639 39.500000000000007 289.50000000000006 0.16165212377970847 332.50000000000006 5.8000000000000007 1631.0000000000002 0.29129259199991514 0.12657631008641515 74.500000000000014 11048.000000000002 480.00000000000006 0.15000000000000005 3.3500000000000001
decision_type=2 2 2 2 2 2 2 2 2 2 2 2 2 2
left_child=1 4 -3 -2 -1 6 7 11 9 -8 -11 12 -5 -14
right_child=3 2 -4 5 -6 -7 8 -9 -10 10 -12 -13 13 -15
leaf_value=-0.0098722519556049045 0.020055496782952487 -0.030493642642462501 0.0014320488375334315 0.024431896767982755 0.032060480353860936 0.00068947917354631209 -0.013559304331107226 -0.016362034870640689 0.00030796941692073048 0.048639697954066724 0.0079369690928694312 0.0086175659471710644 -0.010830511399124471 -0.002025173645414817
leaf_weight=7.2125915205106121 17.498995847068727 20.92953363340348 12.647892534732817 11.346487238071857 6.2582874875515699 2625.0329911019653 12.940337833948432 60.260495666414499 1184.767830459401 14.45026348531246 18.261940501630306 72.569625362753868 121.95884140580893 1093.1078280122019
leaf_count=145 161 229 114 119 80 16962 266 426 6857 178 254 379 969 9340
internal_value=-0.000172487 -0.010429 -0.0184679 -8.02601e-05 0.00960881 -0.00014783 -0.000996575 -0.00266178 0.000842973 0.0147273 0.025917 -0.00202622 -0.00265603 -0.00290898
internal_weight=5279.24 47.0483 33.5774 5232.2 13.4709 5214.7 2589.66 1359.24 1230.42 45.6525 32.7122 1298.98 1226.41 1215.07
internal_count=36479 568 343 35911 225 35750 18788 11233 7555 698 432 10807 10428 10309
is_linear=0
shrinkage=0.03


Tree=258
num_leaves=15
num_cat=0
split_feature=7 3 12 7 2 12 18 2 18 9 19 7 4 10
split_gain=4.97498 3.48933 3.12378 10.5177 8.70472 7.97172 6.8959 7.8564 6.4727 8.55469 6.40628 7.6411 6.1426 6.06104
threshold=0.28717538554046368 0.38317195383612712 242.00000000000003 0.21278386855596979 0.19326346043428327 363.50000000000006 9137.720000000003 0.21673564617947863 352.04000000000013 167.50000000000003 2.920466156401718 0.21166106036464891 0.2289729984310819 1094.0000000000002
decision_type=2 2 2 2 2 2 2 2 2 2 2 2 2 2
left_child=1 2 -1 8 -5 -6 -7 -8 9 -4 11 -10 13 -9
right_child=-2 -3 3 4 5 6 7 12 10 -11 -12 -13 -14 -15
leaf_value=0.00016898075028113187 0.016231281879384992 -0.013346508445531742 0.011431026677857887 0.0035589118066726715 -0.0087126758652334504 0.0023088929127783203 0.0089424062419231325 0.0028312764918771932 0.033499158605586742 -0.01039389275156051 0.0035180483183122682 0.0048705743558243733 -0.027380270920847855 -0.014062880463627955
leaf_weight=4238.0288232276216 16.572254750877619 18.195232857018709 22.505141075700521 122.56545079546049 293.30413180962205 164.98780136648566 22.166975861415267 31.558948788791895 15.226194142363964 57.363678991794586 181.42371874582022 18.690487247891724 16.746271182782948 48.46104153059423
leaf_count=29144 108 150 147 1250 1863 993 188 230 97 331 1320 125 123 307
internal_value=-0.000179979 -0.000231771 -0.000186171 -0.00169888 -0.0037022 -0.00524399 -0.00166068 -0.00716739 0.00304997 -0.00424415 0.00575533 0.0177228 -0.0108578 -0.00740002
internal_weight=5267.8 5251.22 5233.03 995 699.791 577.225 283.921 118.933 295.209 79.8688 215.34 33.9167 96.7663 80.02
internal_count=36376 36268 36118 6974 4954 3704 1841 848 2020 478 1542 222 660 537
is_linear=0
shrinkage=0.03


Tree=259
num_leaves=15
num_cat=0
split_feature=5 0 7 14 0 13 5 13 12 12 10 5 5 15
split_gain=5.21481 10.8411 9.02555 8.69027 7.67577 7.65211 10.6251 11.0681 9.87614 9.79973 8.79482 8.16616 7.7311 7.65914
threshold=0.24459019442174509 0.19635279396038643 0.22416284673096271 119.50000000000001 0.20531843063364633 45.500000000000007 0.23475712768136262 69.500000000000014 19.500000000000004 142.50000000000003 1134.5000000000002 0.21505849041265482 0.17337766288537609 5749.5000000000009
decision_type=2 2 2 2 2 2 2 2 2 2 2 2 2 2
left_child=5 3 4 -2 -3 -1 7 8 -7 13 -11 12 -10 -9
right_child=1 2 -4 -5 -6 6 -8 9 11 10 -12 -13 -14 -15
leaf_value=0.000346506955134555 0.014266574012344758 0.019133355729467207 -0.012025912757566953 -0.0080002060716752258 0.00048180136450027633 0.037326795459883738 -0.0080395756084822995 -0.022231151778042635 0.0035009931968713126 -0.00078891035913324613 0.021793297031311044 -0.0021916016946531879 0.029373650180197396 0.00098743102181570743
leaf_weight=3880.1486253342591 16.769559255801141 20.415253914892673 51.224215094000101 265.90045757731423 727.44822353124619 16.499380148015916 45.886572944000363 14.747728937305508 17.020494090393186 26.145853272639215 38.198107895441353 25.011061139404774 26.700513686984777 96.148423030041158
leaf_count=26785 228 119 261 3321 3647 111 333 99 122 206 233 189 175 656
internal_value=0.000227116 -0.00162969 0.000156528 -0.00667922 0.000990953 0.0007069 0.00527142 0.00761639 0.0164838 0.00330356 0.0126171 0.0114803 0.0193015 -0.00210033
internal_weight=5268.26 1081.76 799.088 282.67 747.863 4186.51 306.358 260.472 85.2314 175.24 64.344 68.7321 43.721 110.896
internal_count=36485 7576 4027 3549 3766 28909 2124 1791 597 1194 439 486 297 755
is_linear=0
shrinkage=0.03


Tree=260
num_leaves=15
num_cat=0
split_feature=17 17 12 8 9 8 1 18 18 15 14 14 18 9
split_gain=4.9777 25.0092 7.18007 7.55382 15.2047 13.9198 13.1364 17.2495 15.6625 14.2114 12.8669 11.9677 11.3035 10.7176
threshold=180.20000000000002 175.05000000000004 1216.0000000000002 141.50000000000003 257.00000000000006 28.500000000000004 0.16704365064930021 20080.720000000005 105784.37500000001 11098.500000000002 3288.5000000000005 3034.5000000000005 218036.00000000003 352.50000000000006
decision_type=2 2 2 2 2 2 2 2 2 2 2 2 2 2
left_child=1 -1 3 4 -2 12 7 -5 10 -10 -9 -8 -6 -13
right_child=2 -3 -4 6 5 -7 11 8 9 -11 -12 13 -14 -15
leaf_value=0.00033250568915319309 -0.0014661127918994487 0.031645202997862325 0.0065812455558064377 -0.016446495324215792 0.019150794264313764 -0.013479301673802235 -0.012551934743379586 0.049460156626097568 -0.020789590025956466 0.02384805781553534 0.010998822387665089 0.012779549366353027 -0.010563533399815387 -0.0010167508769603707
leaf_weight=3399.1313988668844 1074.2904264293611 23.112358305603266 96.681155234575272 14.221567424014209 24.010374093428254 189.49884603172541 64.135985612869263 19.704266148619354 12.092558431439103 13.682038331404327 12.988501723855732 62.637294456362724 22.151852056384087 265.41405640542507
leaf_count=20834 9915 128 815 133 158 1305 433 151 213 231 123 331 223 1593
internal_value=-0.000136312 0.000543978 -0.00138029 -0.00181399 -0.0029799 -0.0098807 0.00147139 0.0131854 0.020393 0.0029056 0.0341799 -0.000699702 0.00489179 0.00161748
internal_weight=5293.75 3422.24 1871.51 1774.83 1309.95 235.661 464.876 72.6889 58.4674 25.7746 32.6928 392.187 46.1622 328.051
internal_count=36586 20962 15624 14809 11601 1686 3208 851 718 444 274 2357 381 1924
is_linear=0
shrinkage=0.03


Tree=261
num_leaves=15
num_cat=0
split_feature=17 17 0 17 18 10 9 16 17 18 2 9 0 10
split_gain=4.86254 8.46419 19.63 17.4484 13.9945 12.6434 15.3203 13.9935 17.7497 34.366 20.2644 12.1578 10.0897 8.40429
threshold=3.3500000000000001 7.6500000000000012 0.47746998265231838 7.9500000000000011 6.0300000000000002 1289.5000000000002 388.50000000000006 6.3500000000000005 5.0500000000000007 391.01000000000005 0.27576694499370241 617.50000000000011 0.36388030856494574 3533.0000000000005
decision_type=2 2 2 2 2 2 2 2 2 2 2 2 2 2
left_child=13 2 5 -3 -5 6 12 8 9 -7 -10 -8 -2 -1
right_child=1 3 -4 4 -6 7 11 -9 10 -11 -12 -13 -14 -15
leaf_value=-0.0036142424746610472 0.00029507799879678929 -0.033165291047600402 0.034868926929406692 0.023054578496646289 2.5144122345887685e-06 0.045225858715383753 0.040424119785536575 -0.0083482220993824335 -0.026896199117280296 -0.00075536170205616274 0.014684254637612934 0.0087705934550405887 0.022064870270292868 0.0031945807461823184
leaf_weight=677.59434790443629 110.17452673055232 14.20620685815811 18.306754410266876 23.846339999698102 3910.7889112373814 23.654385585337877 21.778008557856083 124.32755573838949 23.647501032799482 38.339884176850319 19.043692588806152 21.905380453914404 23.194663122296333 214.89915447309613
leaf_count=4560 718 87 81 192 27747 123 121 739 138 217 100 109 100 1401
internal_value=4.32258e-05 0.000455064 0.00448107 2.23984e-05 0.000142224 0.00311109 0.00913162 -0.00154345 0.0065381 0.0167891 -0.00834799 0.0245512 0.00408113 -0.00197478
internal_weight=5265.71 4373.21 424.372 3948.84 3934.64 406.066 177.053 229.013 104.685 61.9943 42.6912 43.6834 133.369 892.494
internal_count=36433 30472 2446 28026 27939 2365 1048 1317 578 340 238 230 818 5961
is_linear=0
shrinkage=0.03


Tree=262
num_leaves=15
num_cat=0
split_feature=1 0 17 4 2 17 17 17 17 6 1 9 6 8
split_gain=5.32591 5.78383 5.6868 5.50019 9.59778 7.58756 5.02601 23.1693 15.8127 13.3644 12.4757 12.8099 11.5915 10.763
threshold=0.47852667748637928 0.53536346808909185 3796.3500000000008 0.12657631008641515 0.20358306256558403 414.50000000000006 28.200000000000006 32.650000000000013 10.050000000000002 0.1645440853238487 0.17779252737537776 372.50000000000006 0.23295142496278617 29.500000000000004
decision_type=2 2 2 2 2 2 2 2 2 2 2 2 2 2
left_child=1 3 -2 4 5 -1 8 10 -5 -10 -8 -12 -11 -9
right_child=2 -3 -4 6 -6 -7 7 13 9 12 11 -13 -14 -15
leaf_value=0.018533832328262841 -0.0013227219152312636 0.013745399876574334 -0.020597544770957793 0.00075194062691095272 -0.01023770299596231 -0.0091717826204386742 -0.0081367428894026702 0.0028961255511019213 0.020869755841795855 -0.0044392023459858361 0.012734278265231356 0.038990947838825112 -0.018776425431716922 -0.00090642055343011989
leaf_weight=22.255443846806884 34.308190308511257 27.936692476272583 23.019562195986509 1467.8199082827196 107.71954957954586 14.820614621974526 17.813912831246853 1064.4618578059599 17.361421566456556 516.86381864082068 66.056800201535225 22.391295731067657 56.278144499287009 1807.4513153638691
leaf_count=159 157 128 100 9319 671 175 162 9318 118 3156 347 113 309 12134
internal_value=3.16901e-05 0.000131771 -0.00906239 5.83683e-05 -0.00570634 0.00745892 0.0002241 0.00101196 -0.000915854 -0.00506151 0.0147682 0.0193814 -0.00584701 0.000502976
internal_weight=5266.56 5209.23 57.3278 5181.29 144.796 37.0761 5036.5 2978.18 2058.32 590.503 106.262 88.4481 573.142 2871.91
internal_count=36366 36109 257 35981 1005 334 34976 22074 12902 3583 622 460 3465 21452
is_linear=0
shrinkage=0.03


Tree=263
num_leaves=15
num_cat=0
split_feature=12 1 17 17 10 8 1 18 18 17 8 19 0 18
split_gain=4.41432 9.43958 4.27447 12.07 9.67434 13.9146 9.86608 9.47528 9.57201 9.16827 13.0264 9.01003 10.3832 8.76787
threshold=1239.5000000000002 0.26310049070847652 260.75000000000006 250.05000000000004 3952.5000000000005 112.50000000000001 0.26806593752775959 834250.00000000012 203478.07500000004 340.15000000000003 42.500000000000007 4.2884022971086271 0.22023412276364115 172217.10000000003
decision_type=2 2 2 2 2 2 2 2 2 2 2 2 2 2
left_child=2 -2 3 7 9 6 -6 8 13 10 11 -4 -13 -1
right_child=1 -3 4 -5 5 -7 -8 -9 -10 -11 -12 12 -14 -15
leaf_value=0.00028475320110225741 0.026923302165636192 -0.006265028222101841 0.019612064411692401 0.024159560577614245 -0.010059488922391656 -0.022386369668172666 0.0100655776903378 0.019010751958935503 -0.011838002468174237 -2.5991675141695373e-05 -0.018968306033847224 0.012714635054638688 -0.01870221867646844 0.020425629397801834
leaf_weight=3463.9605439305305 16.317062434740368 14.627280697226523 16.969649579375982 19.223030081018806 56.444946581497788 46.369056258350611 35.846795901656151 24.254349049180746 58.507331699132919 1389.3223544284701 57.278294300660491 15.487696949392555 24.35842701792717 19.562556931748986
leaf_count=21025 140 76 105 118 458 307 228 201 445 12526 337 172 115 109
internal_value=-6.21674e-05 0.0112353 -0.000129042 0.000451499 -0.00139667 -0.00897891 -0.00224276 0.000323708 0.000195747 -0.000697351 -0.00887249 0.00130551 -0.00649088 0.000397859
internal_weight=5258.53 30.9443 5227.59 3585.51 1642.08 138.661 92.2917 3566.28 3542.03 1503.42 114.094 56.8158 39.8461 3483.52
internal_count=36362 216 36146 21898 14248 993 686 21780 21579 13255 729 392 287 21134
is_linear=0
shrinkage=0.03


Tree=264
num_leaves=15
num_cat=0
split_feature=18 0 8 14 17 8 17 18 19 18 0 0 8 17
split_gain=4.61492 9.30391 12.3581 12.5479 8.38133 20.559 9.23564 10.445 8.50472 8.69244 8.17826 13.9294 14.8699 12.992
threshold=99083.10000000002 0.48567936752641289 19.500000000000004 1248.5000000000002 5002.5000000000009 289.00000000000006 2201.0000000000005 52150.150000000001 2.3369748506914587 5269.0800000000008 0.22884061234502814 0.23444093134909058 5.5000000000000009 28347.500000000004
decision_type=2 2 2 2 2 2 2 2 2 2 2 2 2 2
left_child=1 4 -3 -4 6 -6 -1 8 9 -8 13 -12 -13 -2
right_child=10 2 3 -5 5 -7 7 -9 -10 -11 11 12 -14 -15
leaf_value=2.6277897031589385e-05 -0.0068766771146784927 0.023151509747906144 0.019809540273849239 -0.0065813302916199658 -0.028118399442749131 0.020446018529231252 0.026890351351669114 -0.012377732609893834 0.0316089591330267 -0.0032713499300529932 0.022455766851434748 0.010801332157864996 -0.002440904643878646 0.0047687978180989106
leaf_weight=3877.7104810429737 427.75269491504878 36.649922400712967 23.856022730469704 50.620412290096283 26.873871446587145 11.0797713547945 13.571817106567321 14.038873462006448 21.188874550163746 23.472062753513455 25.059994116425514 90.329490408301353 492.01575852185488 107.98508090991527
leaf_count=23725 6423 172 105 209 367 62 91 125 131 176 167 445 2463 1618
internal_value=-0.00014197 0.000328092 0.00889013 0.0018721 8.95048e-05 -0.013941 0.000224318 0.0108501 0.0164499 0.00777903 -0.00182751 0.000555571 -0.000386858 -0.00452938
internal_weight=5242.21 4099.06 111.126 74.4764 3987.94 37.9536 3949.98 72.2716 58.2328 37.0439 1143.14 607.405 582.345 535.738
internal_count=36279 25163 486 314 24677 429 24248 523 398 267 11116 3075 2908 8041
is_linear=0
shrinkage=0.03


Tree=265
num_leaves=15
num_cat=0
split_feature=0 8 11 8 7 12 17 17 17 17 10 0 16 9
split_gain=5.44559 11.7606 8.08422 10.874 9.23152 15.8131 6.99557 6.07422 6.82344 8.05826 5.93859 5.60969 5.16109 4.91698
threshold=0.10793044585584659 19.500000000000004 2.5000000000000004 169.50000000000003 0.21215051388993908 46.500000000000007 650.10000000000014 2500.5000000000005 29.450000000000003 98.250000000000014 1237.5000000000002 0.072248106031800777 0.55000000000000016 140.50000000000003
decision_type=2 2 2 2 2 2 2 2 2 2 2 2 2 2
left_child=1 -1 3 7 5 -4 11 8 13 -10 -11 -6 -13 -3
right_child=-2 2 4 -5 6 -7 -8 -9 9 10 -12 12 -14 -15
leaf_value=-0.016947728529456831 2.9605484137052783e-05 -0.011166203780965958 0.052614090703995163 -0.028198326437960081 -0.017119300593257634 -0.014452982202816714 -0.022697911038300076 -0.0048338248527605718 0.047268120909810488 -0.006071687609558547 0.027010926134463091 0.023025133272346024 -0.0038895067534780196 0.020551863405301334
leaf_weight=54.063183929771185 5030.533683157526 11.02981752343476 5.9443210968747717 7.2675687111914149 18.40115141030401 6.7647257409989834 27.891107185743749 17.217057616449893 9.6639671605080384 8.0353333512321132 12.449734741821883 8.9359250776469725 22.703998345881701 7.3166377041488877
leaf_count=1640 30963 180 103 119 418 153 1031 738 136 155 165 101 300 110
internal_value=-0.000171417 -0.0048169 -0.000808674 0.0066229 -0.00679224 0.0169159 -0.0106585 0.010474 0.0159086 0.024687 0.0140342 -0.00394818 0.00371188 0.00148308
internal_weight=5248.22 217.685 163.621 72.9801 90.6412 12.709 77.9322 65.7125 48.4955 30.149 20.4851 50.0411 31.6399 18.3465
internal_count=36312 5349 3709 1603 2106 256 1850 1484 746 456 320 819 401 290
is_linear=0
shrinkage=0.03


Tree=266
num_leaves=15
num_cat=0
split_feature=0 3 19 1 14 14 1 14 7 0 16 8 17 18
split_gain=4.10411 9.29631 11.1429 7.45634 7.11238 13.1957 8.66294 7.20066 5.12423 4.55314 7.63074 8.86603 7.22654 4.49771
threshold=0.43055262295676505 0.29075754865315279 6.8322765563329346 0.43204033958758054 438.00000000000006 3288.5000000000005 0.30822311462346397 1462.0000000000002 0.28055718591037909 0.453474382807937 6.3500000000000005 27.500000000000004 65.050000000000011 2116473.0000000005
decision_type=2 2 2 2 2 2 2 2 2 2 2 2 2 2
left_child=8 2 4 -4 -2 6 -6 -8 13 -7 -11 -12 -13 -1
right_child=1 -3 3 -5 5 9 7 -9 -10 10 11 12 -14 -15
leaf_value=5.8239604095524169e-05 0.012372254103842543 -0.013828469567726858 0.025204181040945652 0.0026430739254031488 0.005609871087450452 0.011619069859468527 -0.0047837847621832871 -0.025329301913823196 0.014653544659715212 -0.0094948862851609028 0.021230677978925399 -0.011537313992800042 0.0084357013490966165 -0.0034853709012574825
leaf_weight=4497.8314755214378 51.103884048759937 27.601255849003792 34.509878888726234 21.334564499557018 24.234863579273224 57.702748537063599 29.257921770215034 32.302934810519218 21.005805402994156 39.681461185216904 25.655606910586357 26.956858530640602 41.254920840263367 347.24811563733965
leaf_count=30281 229 117 160 99 101 241 121 134 136 163 112 109 169 4347
internal_value=0.000111677 0.00298817 0.00419693 0.016585 0.00208874 0.000191851 -0.00958346 -0.0155647 -0.000131631 0.00457707 0.00153442 0.00619694 0.000542494 -0.000195732
internal_weight=5277.68 411.597 383.996 55.8444 328.151 277.047 85.7957 61.5609 4866.09 191.252 133.549 93.8674 68.2118 4845.08
internal_count=36519 1755 1638 259 1379 1150 356 255 34764 794 553 390 278 34628
is_linear=0
shrinkage=0.03


Tree=267
num_leaves=15
num_cat=0
split_feature=6 6 16 17 18 18 14 17 17 18 10 10 1 6
split_gain=5.46618 11.6932 12.4529 10.975 24.1769 15.4809 13.6668 9.52409 17.9597 12.6077 13.6353 13.0442 12.6011 8.22367
threshold=0.24068871889190738 0.2559848076225853 4.8500000000000005 23.700000000000006 82.800000000000026 454.15500000000003 77.000000000000014 0.8500000000000002 13.050000000000002 29307.700000000004 1251.0000000000002 340.00000000000006 0.2684591054872853 0.22437488725863694
decision_type=2 2 2 2 2 2 2 2 2 2 2 2 2 2
left_child=13 -2 7 4 -4 -6 -7 -3 12 -10 11 -11 -9 -1
right_child=1 2 3 -5 5 6 -8 8 9 10 -12 -13 -14 -15
leaf_value=0.00056402228059531691 0.026341541531291514 -0.025473544939365687 0.02574899354819268 0.017452129336211812 -0.029030778878253741 0.02039182394378675 -0.01493390362370365 0.027713933665019029 -0.019469003881356747 0.004199407887827902 0.018955066332568979 -0.031455374472808023 -0.0021376563692864733 -0.0024299445954835694
leaf_weight=3885.7323652994819 19.551579757593572 15.493966098874806 25.998216491192579 70.012121526524425 21.852497234940529 19.403958216309547 20.032391048967838 27.360139314085245 46.868549846112728 23.36108670104295 23.84383974224329 15.271603085100649 23.795179396867752 1048.4771108925343
leaf_count=27467 130 95 123 413 122 101 104 158 253 236 136 155 106 6965
internal_value=0.000185782 0.00379301 0.00247027 0.00860407 0.00150713 -0.00877606 0.0024475 -0.00301196 -0.000843627 -0.00770765 0.00111546 -0.00989502 0.0138283 -7.217e-05
internal_weight=5287.05 352.845 333.294 157.299 87.2871 61.2888 39.4363 175.994 160.5 109.345 62.4765 38.6327 51.1553 4934.21
internal_count=36564 2132 2002 863 450 327 205 1139 1044 780 527 391 264 34432
is_linear=0
shrinkage=0.03


Tree=268
num_leaves=15
num_cat=0
split_feature=6 19 1 17 10 14 17 17 17 9 0 9 1 1
split_gain=3.75896 8.88715 13.9488 13.1293 14.2703 7.9604 7.84572 11.7922 14.3822 11.3533 17.5228 11.0046 11.1675 9.78703
threshold=0.19669415019502348 7.1895826890082004 0.37491060129183734 35.050000000000004 1275.0000000000002 24.500000000000004 0.8500000000000002 0.55000000000000016 0.45000000000000007 174.50000000000003 0.28310046470567934 54.500000000000007 0.24361936701234868 0.23424689784272432
decision_type=2 2 2 2 2 2 2 2 2 2 2 2 2 2
left_child=1 5 3 -3 -5 -1 7 8 9 11 -11 13 -13 -2
right_child=6 2 -4 4 -6 -7 -8 -9 -10 10 -12 12 -14 -15
leaf_value=-0.019816671012259882 -0.031625122649883201 -0.019312282720725403 0.018956042248654683 -0.017133826716325795 0.016106363013021551 -5.3643255408567906e-05 0.00069112995388322031 -0.019018738925763081 0.016219338606089945 -0.0274074607103756 0.011458131243949022 0.030019902666410848 -0.0033636327045053279 0.003254384931178318
leaf_weight=18.754736945964396 12.584085892885925 79.102531175129116 14.768578365445135 21.617381741292775 25.14366140216589 835.55225487006828 4074.9736028425395 44.582186989486217 32.498850608244538 38.009745256975293 14.394083030521868 17.809688623994589 18.270289234817028 17.049827383831143
leaf_count=207 156 747 76 333 187 6731 26835 267 222 319 72 131 103 94
internal_value=2.27614e-05 -0.00163788 -0.00862614 -0.0118626 0.0007396 -0.000487504 0.000409686 -0.00546573 -0.00145407 -0.00631673 -0.016732 0.00198899 0.013115 -0.0115573
internal_weight=5265.11 994.939 140.632 125.864 46.761 854.307 4270.17 195.199 150.617 118.118 52.4038 65.7139 36.08 29.6339
internal_count=36480 8281 1343 1267 520 6938 28199 1364 1097 875 391 484 234 250
is_linear=0
shrinkage=0.03


Tree=269
num_leaves=15
num_cat=0
split_feature=19 19 8 6 17 18 8 8 10 17 18 19 18 17
split_gain=6.86237 14.4936 12.9297 11.5523 9.0086 8.8578 12.8679 10.1577 7.79706 6.46325 9.5733 7.91241 13.2232 8.72871
threshold=7.3724319131086853 8.0794152201981628 80.500000000000014 0.29865779038195134 30.050000000000004 16696.180000000004 20.500000000000004 18.500000000000004 1275.0000000000002 1160.8000000000002 1194643.5000000002 7.7674101438079157 29307.700000000004 38.050000000000004
decision_type=2 2 2 2 2 2 2 2 2 2 2 2 2 2
left_child=-1 3 4 9 5 6 -3 -7 -6 10 11 12 -2 -14
right_child=1 2 -4 -5 8 7 -8 -9 -10 -11 -12 -13 13 -15
leaf_value=0.00013072500375432429 -0.015747347469998799 -0.015138686420292074 0.01942615706866849 0.018855730243258831 -0.0030281033622604017 -0.0034275673520472727 0.016528058000140018 -0.027287547890078673 0.01461886798805964 0.0045944049036620591 -0.036265999881084206 -0.019377607869482533 0.024250325079388655 -0.0030070552635297456
leaf_weight=4818.3650413234718 56.803064493462443 20.292189281433821 31.16667253896594 12.329470030963419 45.429354837164283 35.531382014974952 26.804194401949644 29.300219625234604 44.711303533986211 21.287188488058746 14.494936376810072 61.91524610389024 15.361946657299994 33.922538496553898
leaf_count=32853 420 179 186 70 519 340 142 177 279 268 104 566 96 268
internal_value=-0.000199941 -0.00374566 0.00144069 -0.00934289 -0.00133336 -0.00701784 0.00288396 -0.0142109 0.0057251 -0.011049 -0.0128737 -0.0108554 -0.00588167 0.00548906
internal_weight=5267.71 449.35 233.235 216.114 202.069 111.928 47.0964 64.8316 90.1407 203.785 182.498 168.003 106.088 49.2845
internal_count=36467 3614 1822 1792 1636 838 321 517 798 1722 1454 1350 784 364
is_linear=0
shrinkage=0.03


Tree=270
num_leaves=15
num_cat=0
split_feature=8 17 5 4 0 17 17 17 17 9 10 1 10 15
split_gain=5.42098 10.1986 7.8873 7.88927 4.59437 4.54542 11.7259 15.2898 11.3563 10.3049 13.8505 9.65528 9.31564 8.91955
threshold=1716.0000000000002 880.80000000000007 0.2157884507523434 0.20519327297595716 0.21077651750759344 680.55000000000007 999.50000000000011 1101.2500000000002 911.20000000000016 184.50000000000003 505.50000000000006 0.31766705427331626 3952.5000000000005 11065.500000000002
decision_type=2 2 2 2 2 2 2 2 2 2 2 2 2 2
left_child=5 2 3 4 -2 -1 8 9 11 10 -8 13 -9 -7
right_child=1 -3 -4 -5 -6 6 7 12 -10 -11 -12 -13 -14 -15
leaf_value=0.00021813474045998568 0.018695327983250559 0.027454496738643457 0.013009461700819742 -0.0089869317921137219 -2.5841249236517372e-05 0.0014380476420898039 0.0010677613762063729 -0.00090603260259590739 -0.026435851345014152 -0.0013707257719730447 0.040639791439541599 0.016932314888659081 -0.012659276060496638 -0.017551844675880283
leaf_weight=3947.0972042176872 19.152668431401253 16.643699221313 47.228815816342831 59.934824824333191 30.722670562565327 39.606026228517294 13.143706945702432 893.21210655430332 30.193511541932821 22.137169316411018 20.185525424778461 14.761960923671721 65.117854386568069 50.830190889537334
leaf_count=24294 109 107 274 346 178 269 117 9269 224 145 150 72 520 386
internal_value=-8.76737e-05 0.00512433 0.00275768 -0.00165157 0.00716329 -0.0002653 -0.00192575 -0.000818309 -0.0102181 0.0144957 0.0250342 -0.00556335 -0.00170466 -0.00923533
internal_weight=5269.97 173.683 157.039 109.81 49.8753 5096.29 1149.19 1013.8 135.392 55.4664 33.3292 105.198 958.33 90.4362
internal_count=36460 1014 907 633 287 35446 11152 10201 951 412 267 727 9789 655
is_linear=0
shrinkage=0.03


Tree=271
num_leaves=15
num_cat=0
split_feature=1 18 0 1 19 4 5 14 11 9 9 12 18 19
split_gain=6.17241 11.9726 9.59318 9.4513 8.96607 9.3371 9.17891 9.47354 10.0521 7.64514 8.00814 9.2642 9.69866 6.76234
threshold=0.2653537397014723 12762290.000000002 0.3044034619052895 0.25973191235757936 7.1895826890082004 0.13896955018684409 0.24284640653880882 45.000000000000007 62.000000000000007 336.50000000000006 76.500000000000014 19.500000000000004 172217.10000000003 8.0794152201981628
decision_type=2 2 2 2 2 2 2 2 2 2 2 2 2 2
left_child=2 -2 4 -4 6 -6 -1 -8 -9 10 -7 -12 13 -13
right_child=1 -3 3 -5 5 9 7 8 -10 -11 11 12 -14 -15
leaf_value=0.0019623492657608798 -0.0012435526273567815 0.019169264105256153 0.0040828507124775135 0.020056833042466752 0.020106665343303985 -0.0098061246289255933 0.024205801330254441 -0.0036694777795680256 0.021936991138452433 -0.023597184095261636 0.024803778092060375 -0.017371960162689992 0.015041218679674184 0.005630950324355428
leaf_weight=2035.719635871239 2074.319708539173 26.18615728802979 315.92132939398289 37.26802721619606 12.539142895489929 116.43163686525077 11.777728584595023 522.71018562745303 14.17159580439329 21.288321131840348 13.796686428599058 32.430778002366424 21.05320692434907 17.823280487209558
leaf_count=16776 10665 177 1423 170 124 1498 117 4409 113 256 125 332 200 140
internal_value=0.000272376 -0.000989074 0.00110747 0.0057684 0.000523656 -0.005082 0.00103417 -0.00240969 -0.00299357 -0.00649946 -0.00469342 0.00230132 -0.0020525 -0.00921367
internal_weight=5273.44 2100.51 3172.93 353.189 2819.74 235.363 2584.38 548.66 536.882 222.824 201.536 85.104 71.3073 50.2541
internal_count=36525 10842 25683 1593 24090 2675 21415 4639 4522 2551 2295 797 672 472
is_linear=0
shrinkage=0.03


Tree=272
num_leaves=15
num_cat=0
split_feature=2 17 17 9 17 0 19 5 16 18 18 17 2 6
split_gain=3.64572 9.23146 21.7152 18.5127 17.862 16.9492 10.7015 10.3212 8.34746 16.5922 10.8115 10.6958 8.26556 8.09863
threshold=0.19326346043428327 708.50000000000011 27.550000000000004 274.00000000000006 1000.5000000000001 0.23166142090930025 1.2088489500472754 0.18023832061209671 3.1000000000000005 23595.775000000005 7934.800000000002 90.100000000000009 0.18888320065850331 0.22171847164619296
decision_type=2 2 2 2 2 2 2 2 2 2 2 2 2 2
left_child=1 2 7 6 -3 13 -4 -1 9 -8 -10 -11 -6 -5
right_child=-2 4 3 5 12 -7 8 -9 10 11 -12 -13 -14 -15
leaf_value=0.0082791732502738528 -0.00028275984992400058 -0.023956502071653063 0.033062615780657528 0.0234763857712308 0.0020929208290058989 0.0086903835859869199 -0.018294577841287237 -0.0050365854307811231 0.024620485044822005 -0.014709727102128112 0.002565995740239095 0.016806041408921283 -0.011261401548386476 0.049959808265280611
leaf_weight=69.92511079646647 4352.1221359474584 30.407167078927159 11.474632538855074 23.185700915753841 277.27587436325848 43.893979474902153 38.248601214960217 208.90529360622168 28.989146418869495 13.376732565462587 64.548303350806236 35.181457730010152 49.099401563871652 18.833665311336517
leaf_count=564 27325 290 66 166 3999 203 328 1681 192 140 517 329 507 115
internal_value=7.88675e-05 0.00180204 0.00421685 0.0101543 -0.00196495 0.0217277 0.00497078 -0.00169726 0.0031834 -0.00351642 0.00940113 0.00812413 8.39168e-05 0.0353466
internal_weight=5265.47 913.345 556.563 277.732 356.782 85.9133 191.819 278.83 180.344 86.8068 93.5374 48.5582 326.375 42.0194
internal_count=36422 9097 4301 2056 4796 484 1572 2245 1506 797 709 469 4506 281
is_linear=0
shrinkage=0.03


Tree=273
num_leaves=15
num_cat=0
split_feature=16 16 9 8 9 17 17 12 0 19 6 0 9 14
split_gain=4.80481 10.5899 9.52618 9.51098 13.6223 8.8156 16.6448 11.987 14.7939 14.1222 13.1621 11.7092 16.5232 11.1328
threshold=5.8000000000000007 5.1000000000000005 37.500000000000007 35.500000000000007 27.500000000000004 650.10000000000014 231.65000000000001 9.5000000000000018 0.27804440222391008 6.5145642573195568 0.19084834106412735 0.19291647147048191 22.500000000000004 3288.5000000000005
decision_type=2 2 2 2 2 2 2 2 2 2 2 2 2 2
left_child=1 -1 5 4 -3 6 7 -2 9 10 -9 12 -12 -8
right_child=2 3 -4 -5 -6 -7 13 8 -10 -11 11 -13 -14 -15
leaf_value=-0.00056638513491867636 0.026855473275922134 -0.021945056077768404 0.00012770874966120118 -0.02576442953368762 0.0092884848009816209 -0.0039666827247503535 0.011116628074491061 0.02356493329977696 0.010814474704303169 -0.018146457068585815 0.031122993558630192 -0.012467189306145246 -0.0068905315514140369 0.043568471263838275
leaf_weight=2548.7278824518435 20.638232650235295 21.909701008349657 2216.4044288573787 27.98903863132 29.474134021438658 78.833895324729383 21.078262396156788 21.441304510459304 125.3874381929636 41.002149891108274 17.7186837233603 49.373678140342236 24.549409480765462 17.341466970741749
leaf_count=18613 144 237 14000 173 257 873 144 205 564 424 195 248 217 114
internal_value=5.0742e-06 -0.000902447 0.000910643 -0.0116937 -0.00402927 0.0050684 0.0071724 0.00479229 0.00316298 -0.00306345 0.00240542 -0.00254525 0.00904465 0.0257644
internal_weight=5261.87 2628.1 2633.77 79.3729 51.3838 417.365 338.531 300.111 279.473 154.085 113.083 91.6418 42.2681 38.4197
internal_count=36408 19280 17128 667 494 3128 2255 1997 1853 1289 865 660 412 258
is_linear=0
shrinkage=0.03


Tree=274
num_leaves=15
num_cat=0
split_feature=9 18 18 0 16 19 9 6 6 18 18 0 18 18
split_gain=6.65109 9.61682 12.8081 8.54102 9.04927 17.7626 11.326 8.17105 21.2582 20.9314 8.9066 16.3653 7.8242 18.0639
threshold=395.50000000000006 5269.0800000000008 4330.1250000000009 0.20797823686013236 4.7000000000000002 4.2172991147555017 617.50000000000011 0.1804361295499172 0.21364623604028518 12.625000000000002 126.74000000000002 0.24179946486675549 10.630000000000001 16.200000000000006
decision_type=2 2 2 2 2 2 2 2 2 2 2 2 2 2
left_child=12 2 7 -3 5 -5 -7 -2 9 -9 -11 -12 -1 -14
right_child=1 3 -4 4 -6 6 -8 8 -10 10 11 -13 13 -15
leaf_value=-0.0054018998127772231 -0.0096119612582345731 -0.0012812958743534646 0.020802380015764857 -0.021079988925104712 -0.01592885803862475 0.01359885337444683 -0.011132237440271453 -0.01225810233461264 -0.0014902591480886658 0.035830906458427306 -0.0060230377308862154 0.027702465394606756 0.019679154042629265 0.00083725267826360557
leaf_weight=176.02574603073299 79.992127295583487 230.13542683422565 26.214163884520531 35.10628367215395 104.28029373288155 47.307569690048695 25.730893582105637 22.309184830635786 657.51458646543324 24.157326878979802 21.934579867869616 31.6119095236063 46.363656423985958 3723.8416873728856
leaf_count=1208 582 1873 157 202 544 242 140 139 3821 132 157 141 266 26702
internal_value=0.000166115 -0.00168936 0.000153166 -0.00528536 -0.00962325 -0.00354297 0.00488628 -0.00049315 0.000469763 0.0133555 0.0207093 0.0138873 0.000780319 0.00106896
internal_weight=5252.53 1306.29 863.734 442.56 212.425 108.145 73.0385 837.52 757.528 100.013 77.7038 53.5465 3946.23 3770.21
internal_count=36306 8130 5129 3001 1128 584 382 4972 4390 569 430 298 28176 26968
is_linear=0
shrinkage=0.03


Tree=275
num_leaves=15
num_cat=0
split_feature=18 10 12 13 14 17 3 0 18 18 12 0 1 3
split_gain=4.35643 8.66009 4.20762 6.14082 8.14613 6.33772 7.59261 9.69713 6.24464 9.65911 5.9024 4.90046 5.60292 9.83291
threshold=0.54500000000000015 1370.5000000000002 242.00000000000003 5.5000000000000009 18528.500000000004 3.3500000000000001 0.21237779324330947 0.4164388791217381 834250.00000000012 203478.07500000004 248.50000000000003 0.22023412276364115 0.18571213007290024 0.21856039856678114
decision_type=2 2 2 2 2 2 2 2 2 2 2 2 2 2
left_child=1 -1 -2 5 11 -4 7 10 9 -8 -7 12 13 -5
right_child=2 -3 3 4 -6 6 8 -9 -10 -11 -12 -13 -14 -15
leaf_value=0.0040126012994577322 0.00045596528293742567 -0.020517471508431081 -0.010070886295825384 0.013151052784710446 0.0072966265937393585 -0.025790644574795761 0.0019000070509205484 0.012612527570052682 0.014020363415521549 -0.018739625465222391 -0.0059752097319616237 0.0011968253604410469 -0.017736265046631602 -0.023165039190722245
leaf_weight=25.012341810390353 4235.0087233693339 26.865490041673183 106.16868171002716 18.938520600087944 135.08079948555678 14.280015440657733 210.70394290424883 24.710241124033928 32.066667779814452 22.595199673436582 257.2240065196529 114.50720110535622 33.000333126634359 10.392039633356033
leaf_count=199 29046 311 708 301 892 109 1317 105 370 216 1880 557 281 163
internal_value=-3.99572e-05 -0.00869056 4.61027e-05 -0.00172569 0.00174951 -0.00334903 -0.00207824 -0.00537989 0.00160721 -9.89571e-05 -0.00701742 -0.00248774 -0.00925662 0.000283986
internal_weight=5266.55 51.8778 5214.68 979.668 311.919 667.749 561.58 296.214 265.366 233.299 271.504 176.838 62.3309 29.3306
internal_count=36455 510 35945 6899 2194 4705 3997 2094 1903 1533 1989 1302 745 464
is_linear=0
shrinkage=0.03


Tree=276
num_leaves=15
num_cat=0
split_feature=5 13 5 13 12 13 0 4 5 12 9 3 5 14
split_gain=5.28696 6.66546 11.8782 9.63132 9.3806 8.40205 7.23031 10.1676 10.0855 9.0995 7.24164 7.18329 7.04089 6.39189
threshold=0.15244476275903185 22.500000000000004 0.20275809946272308 123.50000000000001 14.500000000000002 47.500000000000007 0.18151847830453458 0.2753006241198564 0.29192723222743661 170.50000000000003 91.500000000000014 0.1984760460783235 0.24284640653880882 18542.500000000004
decision_type=2 2 2 2 2 2 2 2 2 2 2 2 2 2
left_child=-1 -2 3 5 12 -3 7 -6 9 13 -11 -5 -4 -8
right_child=1 2 4 11 6 -7 8 -9 -10 10 -12 -13 -14 -15
leaf_value=-0.0040917324027159602 -0.00052136679221820184 0.0071979910011718351 0.021452696832939922 0.0094012281877637067 -0.011565134182174778 0.021795163570661434 -0.0079406449341164545 0.018621795990070092 0.014430211083904564 -0.0030731908936377081 0.012926457852487553 -0.012246337751012215 -0.00015268094536851777 0.0030388471195193561
leaf_weight=311.34100121818483 4211.4628210663795 97.724121192470193 30.682645687833428 25.979354332201183 91.244025140069425 55.725529067218304 151.62797487899661 11.28399763908237 42.938672747462988 43.695234358310699 61.007190093398094 29.417345581576228 24.347477287054062 69.637092135846615
leaf_count=2259 29061 642 208 182 1294 358 793 144 222 216 309 201 172 345
internal_value=-0.000299875 -6.12223e-05 0.00257424 0.0086281 0.000172693 0.012499 -0.00119548 -0.00824283 0.000763147 -0.00103717 0.00624936 -0.00209429 0.0118936 -0.00448515
internal_weight=5258.11 4946.77 735.311 208.846 526.464 153.45 471.434 102.528 368.906 325.967 104.702 55.3967 55.0301 221.265
internal_count=36406 34147 5086 1383 3703 1000 3323 1438 1885 1663 525 383 380 1138
is_linear=0
shrinkage=0.03


Tree=277
num_leaves=15
num_cat=0
split_feature=18 10 10 17 18 14 8 17 17 17 16 17 14 16
split_gain=5.37873 11.3917 6.38416 13.4551 11.2329 7.63018 9.23511 8.37685 18.4352 25.8279 17.1971 11.7798 12.0319 13.3264
threshold=0.54500000000000015 1275.0000000000002 3533.0000000000005 5002.5000000000009 3147030.0000000005 156.50000000000003 97.500000000000014 5.0500000000000007 7.9500000000000011 9.0500000000000025 1.8500000000000003 0.45000000000000007 1393.0000000000002 6.3500000000000005
decision_type=2 2 2 2 2 2 2 2 2 2 2 2 2 2
left_child=1 -1 -2 5 -5 6 -4 11 10 -10 -9 -7 -13 -14
right_child=2 -3 3 4 -6 7 -8 8 9 -11 -12 12 13 -15
leaf_value=0.0053282080023024543 -8.2992624004867872e-05 -0.023248360664875602 0.0045231037544720271 -0.028799228814894148 0.0027257423415788162 -0.0067889830737805834 -0.021095424179167703 -0.036586905021397539 0.038751616135355015 0.0024349870085640839 0.0011671566844315381 0.026045080336620015 0.016523228190586874 -0.0011049219348306771
leaf_weight=24.366985786706209 4104.6466502258554 25.899124921299517 25.390358399599791 22.268118059262633 18.727527764625847 37.227313313633204 25.266572386026382 20.688173603266478 18.057659234851599 734.96428452804685 22.853452369570732 41.115346670150757 77.842673897743225 76.552418161183596
leaf_count=191 29085 301 160 261 184 304 145 118 99 4418 123 229 447 452
internal_value=0.000371036 -0.00939559 0.000464983 0.00247153 -0.0143981 0.00311191 -0.00825486 0.00367132 0.00220842 0.00330587 -0.0167711 0.0086782 0.0116233 0.00778281
internal_weight=5275.87 50.2661 5225.6 1120.95 40.9956 1079.96 50.6569 1029.3 796.564 753.022 43.5416 232.738 195.51 154.395
internal_count=36517 492 36025 6940 445 6495 305 6190 4758 4517 241 1432 1128 899
is_linear=0
shrinkage=0.03


Tree=278
num_leaves=15
num_cat=0
split_feature=1 18 0 18 18 16 2 18 16 19 6 1 1 1
split_gain=4.77487 12.1688 9.34401 7.33468 26.8403 21.136 10.6766 10.4062 15.5905 9.2524 9.02993 8.85611 8.83413 8.69451
threshold=0.28613034744614346 14100520.000000002 0.46789241500241313 6556.1600000000008 4787.085 4.7000000000000002 0.24794863838842382 14706.330000000002 3.8500000000000001 6.6147923503426389 0.30555408933920575 0.29792917645510913 0.33588609605547598 0.36484783118571307
decision_type=2 2 2 2 2 2 2 2 2 2 2 2 2 2
left_child=2 3 -1 4 6 -6 11 8 9 -5 -9 -2 -13 -10
right_child=1 -3 -4 7 5 -7 -8 10 13 -11 -12 12 -14 -15
leaf_value=0.000738777418632187 -0.010205222121499822 0.021918694906240817 0.016523176508064705 -0.033022457666247562 0.036287916427525359 0.0013457082704835853 -0.0046948475982418018 -0.002774129229911537 -0.0097063382972800323 -0.0076301850020935834 0.018022201183708696 0.011027440066830993 0.00063428832492817074 0.013775528480594877
leaf_weight=3720.8238824028522 43.58117382414639 20.342209048569202 34.062566600739956 34.458031080663204 32.198696702718735 30.185760051012039 372.31399514339864 526.38939987309277 41.403034262359142 20.657473936676979 19.486797232180834 111.9081258662045 215.05415887385607 21.592269815504551
leaf_count=28633 236 132 150 182 150 141 1842 2873 198 104 94 535 980 100
internal_value=0.000311823 -0.00112538 0.000881966 -0.00144444 0.00048035 0.0193805 -0.00110687 -0.00377871 -0.0118527 -0.0235053 -0.00203174 0.00249825 0.00419151 -0.00165769
internal_weight=5244.46 1489.57 3754.89 1469.23 805.242 62.3845 742.857 663.987 118.111 55.1155 545.876 370.543 326.962 62.9953
internal_count=36350 7567 28783 7435 3884 291 3593 3551 584 286 2967 1751 1515 298
is_linear=0
shrinkage=0.03


Tree=279
num_leaves=15
num_cat=0
split_feature=5 18 3 10 14 13 2 18 1 7 16 18 19 13
split_gain=5.53904 7.37069 5.34968 6.04568 5.87303 5.33698 4.92917 8.83128 8.58688 8.55565 8.1893 10.6833 14.9833 8.6012
threshold=0.14319264727061473 1651.0000000000002 0.19407104926127997 612.50000000000011 3480.0000000000005 15.500000000000002 0.18888320065850331 22179972.800000004 0.37491060129183734 0.18012798817460421 0.95000000000000007 75.600000000000023 0.76519735254682386 1.5000000000000002
decision_type=2 2 2 2 2 2 2 2 2 2 2 2 2 2
left_child=1 5 -3 4 -4 -1 8 9 10 -8 11 -2 -13 -12
right_child=6 2 3 -5 -6 -7 7 -9 -10 -11 13 12 -14 -15
leaf_value=0.0081811572038883035 -0.021630133607064009 -0.019681932008375248 -0.0080067991281270092 -0.011331024204017435 0.020448947428451592 -0.008319937409882067 0.014421907548246213 -0.020168004694143305 0.021376872079553511 -0.00010677091139099225 -0.0012926541981635831 0.040287634499144583 -0.0019671823020748821 0.0075405885824386476
leaf_weight=49.151033991016448 23.674772566184402 34.287642737850547 12.967005437240006 52.763929329812527 13.145274874754248 27.516283854842186 36.790198094211519 19.597430963534862 21.374804392457008 4313.046250465326 152.2685720724985 7.8549907356500617 196.18752835365012 284.72530848626047
leaf_count=302 212 287 134 355 137 169 224 296 105 27112 1432 48 2756 2736
internal_value=0.000107868 -0.00492309 -0.00978876 -0.00548818 0.00631821 0.00225883 0.000296777 -7.44179e-05 0.00266078 1.61103e-05 0.00205894 -0.0025539 -0.000340506 0.00446268
internal_weight=5245.35 189.831 113.164 78.8762 26.1123 76.6673 5055.52 4369.43 686.086 4349.84 664.711 227.717 204.043 436.994
internal_count=36305 1384 913 626 271 471 34921 27632 7289 27336 7184 3016 2804 4168
is_linear=0
shrinkage=0.03


Tree=280
num_leaves=15
num_cat=0
split_feature=10 17 18 3 18 15 17 0 8 17 14 0 17 9
split_gain=4.42358 11.7523 11.701 10.3982 9.86373 10.1384 9.23168 8.61724 14.4679 10.5959 10.6579 16.9171 15.4354 10.6776
threshold=2538.0000000000005 0.45000000000000007 7.2000000000000002 0.2154681178942193 2.4900000000000007 12303.000000000002 8.0500000000000025 0.26310049070847652 3.5000000000000004 0.95000000000000007 1367.5000000000002 0.27232492005241893 1.2500000000000002 28.500000000000004
decision_type=2 2 2 2 2 2 2 2 2 2 2 2 2 2
left_child=7 3 4 -2 5 -3 -6 -1 -9 -10 11 -11 -12 -13
right_child=1 2 -4 -5 6 -7 -8 8 9 10 12 13 -14 -15
leaf_value=-0.0019852239476455154 -0.023588472159562748 0.012645971379969312 0.0011333808009916374 0.00063796469880840077 0.010182770369429901 -0.018545022452161896 0.036951654158060503 0.016751194487008219 0.010642102730802083 0.026702050109972932 -0.023992125875565144 -0.0096291607262020719 -0.0010008938369763551 0.0048690971326481392
leaf_weight=1879.8484660182148 31.690429991111159 26.422528273425996 1602.3897235319018 32.091629987582564 26.990234784781933 14.539995878934858 20.327194571495056 50.839946746826172 87.373702622950077 28.158345505595207 26.928092271089554 54.715337939560413 1092.9786310344934 278.02075936645269
leaf_count=18093 266 211 9633 261 151 111 102 261 421 135 125 249 5063 1263
internal_value=1.29023e-05 0.00124228 0.00171918 -0.0113991 0.0123522 0.00157446 0.0216825 -0.000603549 0.00100072 0.000490095 -0.000108917 0.0043745 -0.00155372 0.00248499
internal_weight=5253.32 1754.45 1690.67 63.7821 88.28 40.9625 47.3174 3498.86 1619.01 1568.17 1480.8 360.894 1119.91 332.736
internal_count=36345 10735 10208 527 575 322 253 25610 7517 7256 6835 1647 5188 1512
is_linear=0
shrinkage=0.03


Tree=281
num_leaves=15
num_cat=0
split_feature=12 0 10 4 3 2 16 19 19 15 5 12 3 7
split_gain=4.5719 7.83276 11.0378 6.61304 6.29349 5.59536 5.64078 6.57786 7.7013 5.25184 4.82543 6.14121 6.01955 4.98182
threshold=232.00000000000003 0.23314243560525916 374.00000000000006 0.21918114196733784 0.15463305720140177 0.20358306256558403 1.8500000000000003 3.4766128265134482 5.1876650574537111 11120.500000000002 0.16603410614760419 315.50000000000006 0.28604699795444805 0.21215051388993908
decision_type=2 2 2 2 2 2 2 2 2 2 2 2 2 2
left_child=-1 3 -3 5 -5 6 -2 -8 -9 -10 11 -4 13 -12
right_child=1 2 10 4 -6 -7 7 8 9 -11 12 -13 -14 -15
leaf_value=0.00069067509799772026 -0.0063067703477538697 0.0099390626482968661 -0.017054803751720998 0.010291160107601225 -0.012937255388978511 -0.0050690317145156739 0.021874592784799175 -0.017445659266730737 0.021001984318414692 -0.00092802305641045415 0.0072605176401697785 -7.6733305554595608e-05 0.0097998252222497011 -0.0024239250604596381
leaf_weight=4189.6684788963757 38.004027232062072 97.849812582135201 35.818974636495113 11.657526400871573 105.51467322837561 227.74756961688399 21.54160385672003 13.40045520942658 17.736886738799512 22.042062395252287 55.467948339879513 41.262768290936947 51.589698150753975 346.08218314498663
leaf_count=28841 589 463 173 125 1109 2006 190 180 195 263 259 200 249 1660
internal_value=0.000241091 -0.00149381 0.000681296 -0.00447892 -0.0106262 -0.00236334 0.00310318 0.00788919 0.00222407 0.00885027 -0.00102718 -0.00796624 0.000153195 -0.00108617
internal_weight=5275.38 1085.72 628.071 457.645 117.172 340.473 112.725 74.721 53.1794 39.7789 530.222 77.0817 453.14 401.55
internal_count=36502 7661 3004 4657 1234 3423 1417 828 638 458 2541 373 2168 1919
is_linear=0
shrinkage=0.03


Tree=282
num_leaves=15
num_cat=0
split_feature=0 12 9 9 19 0 7 1 9 4 18 11 5 5
split_gain=5.14699 13.4395 12.8499 11.153 9.21822 7.76039 11.862 7.30636 7.13409 6.7577 7.09817 7.19515 6.62233 7.16511
threshold=0.24100855127779688 20.500000000000004 295.50000000000006 79.500000000000014 7.1310187583124689 0.21290282962738169 0.21405349461067297 0.12542461824569237 87.500000000000014 0.27644329300819476 3271.9500000000003 4.5000000000000009 0.15463305720140177 0.20275809946272308
decision_type=2 2 2 2 2 2 2 2 2 2 2 2 2 2
left_child=1 2 3 -1 9 -6 -7 -2 -5 -3 -11 -12 -4 -14
right_child=7 4 12 8 5 6 -8 -9 -10 10 11 -13 13 -15
leaf_value=0.0019170512565125329 0.016851046171344961 -0.0022023397045358318 -0.020209231737942736 0.032183822936753703 -0.012423451140029173 0.022990451162471282 -0.0092117820140031319 0.00059626658689887913 0.010766327090895689 -0.0020588893295954216 0.019439251257266719 -0.0013992820704304698 0.0066963817498895475 -0.0047978615020952313
leaf_weight=181.66618342604488 25.112256906926632 1592.1194423353299 17.344703756272793 15.749227460473774 134.49888132791966 15.722073204815386 29.825050733983517 2780.6759735792875 125.82930996455252 65.497870547696948 41.479224908165634 23.283004383556545 73.344868294894695 145.90921851061285
leaf_count=1998 117 14821 122 150 2021 94 192 13157 1160 493 443 257 490 1020
internal_value=-0.000136693 -0.00113769 0.00294801 0.00683647 -0.00234002 -0.008799 0.00190387 0.000741749 0.0131488 -0.00166485 0.00490475 0.0119475 -0.00236447 -0.000952808
internal_weight=5268.06 2462.27 559.844 323.245 1902.43 180.046 45.5471 2805.79 141.579 1722.38 130.26 64.7622 236.599 219.254
internal_count=36535 23261 4940 3308 18321 2307 286 13274 1310 16014 1193 700 1632 1510
is_linear=0
shrinkage=0.03


Tree=283
num_leaves=15
num_cat=0
split_feature=16 9 12 9 18 18 18 1 4 18 9 1 6 3
split_gain=3.76242 3.78458 8.46527 9.12603 12.403 11.7306 7.99279 7.76206 13.6337 8.06721 13.6772 12.6722 7.65426 7.5676
threshold=368.65000000000003 257.00000000000006 91.500000000000014 146.50000000000003 136.86000000000004 555.70000000000016 1818.8500000000001 0.11581871978909171 0.21281070901575669 218036.00000000003 525.50000000000011 0.31952167339533061 0.20464170934936957 0.18554210717437972
decision_type=2 2 2 2 2 2 2 2 2 2 2 2 2 2
left_child=1 2 3 13 12 -6 -7 8 -3 -9 11 -11 -5 -1
right_child=-2 7 -4 4 5 6 -8 9 -10 10 -12 -13 -14 -15
leaf_value=-0.0026469345057066208 -0.014272328776693172 0.040184292930449471 -0.0012468092477633148 -0.025285592316269843 0.024374241994082883 -0.0063183755000076804 0.0085001834509684966 -0.00063292964229705719 -0.0089252891949251328 -0.021478148179611089 -1.9477806808253321e-05 0.010693356597634689 0.00040962114272405695 0.0022063705047953622
leaf_weight=396.3474289146252 16.822106473147869 10.946827070787551 1293.8746450380422 15.435047678649424 37.017147906124592 38.364538230001926 224.19814314134419 1929.909087240696 9.5056353062391263 68.948569096624851 105.89036717265844 13.115356408059595 32.200913529843092 1069.1132135586813
leaf_count=3063 78 108 9935 113 227 217 1670 11242 95 656 756 105 201 8091
internal_value=-0.000107229 -6.17968e-05 0.000606793 0.00192988 0.00630298 0.00856396 0.00633496 -0.00103313 0.0173598 -0.00121075 -0.00714377 -0.0163365 -0.00791617 0.000893749
internal_weight=5261.69 5244.87 3106.55 1812.68 347.216 299.58 262.563 2138.32 20.4525 2117.86 187.954 82.0639 47.636 1465.46
internal_count=36557 36479 23517 13582 2428 2114 1887 12962 203 12759 1517 761 314 11154
is_linear=0
shrinkage=0.03


Tree=284
num_leaves=15
num_cat=0
split_feature=5 15 2 1 6 12 18 6 1 13 16 14 2 1
split_gain=5.02295 4.97854 5.89722 4.94112 5.1191 4.75493 9.19664 10.1665 7.63151 13.3237 7.51352 6.93265 6.15706 5.92326
threshold=0.36000787647821281 39.000000000000007 0.23079016936440272 0.2623644079082888 0.22118491207403926 1212.5000000000002 773381.25000000012 0.22118491207403926 0.22120934996078356 1.0000000180025095e-35 7.9000000000000012 1580.0000000000002 0.21934567381111414 0.21875675744910536
decision_type=2 2 2 2 2 2 2 2 2 2 2 2 2 2
left_child=1 2 -1 4 -2 -3 8 13 9 10 -7 -11 -13 -8
right_child=3 5 -4 -5 -6 6 7 -9 -10 11 -12 12 -14 -15
leaf_value=-0.020994392009291089 0.011787470304673343 3.8557592524222419e-05 -0.00023858799281116226 -0.020859155587938008 -0.013451337773118974 -0.016988328598247067 0.017333390459808709 0.0024204934511165865 -0.00177086275081183 0.0017332047261063241 0.011608866084788144 0.032483809111023304 0.0094261929010927246 0.052709950236823275
leaf_weight=21.734755835495889 13.708376099355521 4857.0282373279333 28.441764358431101 20.175149811431766 15.31080077588558 21.674131820909679 8.5412097768858093 17.499258671887219 171.66807638481259 18.711594357155263 13.36907186731696 26.873490118421614 17.02661631628871 8.4974215235561115
leaf_count=174 120 33627 163 102 111 214 152 178 936 158 111 240 129 52
internal_value=8.48166e-05 0.000174889 -0.00922929 -0.00945638 -0.00152877 0.000266321 0.00390697 0.0184813 0.00203797 0.00873354 -0.00607843 0.0170237 0.0235409 0.0349762
internal_weight=5260.26 5211.07 50.1765 49.1943 29.0192 5160.89 303.861 34.5379 269.323 97.6549 35.0432 62.6117 43.9001 17.0386
internal_count=36467 36134 337 333 231 35797 2170 382 1788 852 325 527 369 204
is_linear=0
shrinkage=0.03


Tree=285
num_leaves=15
num_cat=0
split_feature=16 12 13 4 13 10 12 18 19 3 3 15 18 16
split_gain=3.95654 3.91131 7.11029 6.96223 6.48796 7.26874 6.2047 6.40808 9.11023 6.0752 6.40377 5.94991 5.58403 5.50172
threshold=285.90000000000003 118.50000000000001 80.500000000000014 0.22488211313609144 79.500000000000014 967.00000000000011 1219.0000000000002 476.41000000000003 3.3339870432574528 0.14364447879573436 0.21698166523678949 1385.0000000000002 0.54500000000000015 12.600000000000001
decision_type=2 2 2 2 2 2 2 2 2 2 2 2 2 2
left_child=1 4 3 6 12 -6 13 -8 -9 -5 11 -11 -1 -3
right_child=-2 2 -4 9 5 -7 7 8 -10 10 -12 -13 -14 -15
leaf_value=-0.011658250622803231 -0.010655463237076532 -0.0015637056245470689 0.0083106893811386428 -0.024267308589169225 0.0038187623615630198 -0.011921924787899267 -0.0043965795367455138 0.025460895154755827 0.0048185114790045324 -0.017202978591688862 -0.0085466274220411427 0.00035425310699956368 0.0012952478328274466 0.0052829555613010176
leaf_weight=30.228232561610639 29.645088095217943 1031.6654874039814 74.140888965688646 13.52204828057438 41.816468481905758 71.631228052079678 43.877918848767877 24.161222908645868 94.511031655594707 18.727432149462402 160.38818142004311 239.95331010222435 3269.6720050117001 117.67773969471455
leaf_count=298 132 7187 521 105 335 445 272 174 712 125 1138 1700 22449 910
internal_value=0.000273423 0.000335348 -0.000788399 -0.00117511 0.000934078 -0.00611996 -8.68049e-05 0.00539929 0.00902122 -0.00447556 -0.00383694 -0.000916819 0.00117659 -0.000862697
internal_weight=5261.62 5231.97 1818.63 1744.48 3413.35 113.448 1311.89 162.55 118.672 432.591 419.069 258.681 3299.9 1149.34
internal_count=36503 36371 12844 12323 23527 780 9255 1158 886 3068 2963 1825 22747 8097
is_linear=0
shrinkage=0.03


Tree=286
num_leaves=15
num_cat=0
split_feature=0 8 11 17 10 7 5 11 14 10 8 14 12 3
split_gain=4.1413 7.48895 9.37192 5.47586 12.5107 6.71799 5.88291 5.74518 5.17578 6.30144 7.40149 5.22953 4.71928 4.61904
threshold=0.10331606686480477 14.500000000000002 2.5000000000000004 7.9500000000000011 1237.5000000000002 0.21436424246970343 0.20797823686013236 1.0000000180025095e-35 1462.0000000000002 1356.5000000000002 30.500000000000004 3288.5000000000005 84.500000000000014 0.16631386113845409
decision_type=2 2 2 2 2 2 2 2 2 2 2 2 2 2
left_child=1 -1 3 -3 6 -6 -5 -7 9 10 -4 -10 -8 -13
right_child=-2 2 8 4 5 7 12 -9 11 -11 -12 13 -14 -15
leaf_value=-0.0199766694298197 0.00012316975662084 -0.011173038509506275 -0.028055660396114328 -0.019645454203175192 0.041181730402082124 0.034106478455677207 0.018576284280674878 -0.00096348926443787133 -0.031288124938673952 0.023453363489564717 0.014176705210243867 0.0042507726331550083 -0.011678190693330929 -0.014588762229597908
leaf_weight=24.177411196287721 5084.6643202314153 14.10619919374585 8.0310474904254097 12.415415253490211 11.750162979587914 6.6778342612087753 11.893998430110516 11.349142386578022 11.441731863189487 8.891144907101987 6.9816358443349591 16.597860557027161 7.6085636233910909 39.794248957186937
leaf_count=824 31656 245 247 402 188 96 349 195 413 115 170 400 277 961
internal_value=-4.00301e-05 -0.00436838 -0.00211597 0.00568976 0.00954533 0.023532 -0.00350318 0.0120277 -0.00856571 0.00343826 -0.00841553 -0.0127958 0.00677306 -0.00904373
internal_weight=5276.38 191.716 167.539 75.8013 61.6951 29.7771 31.918 18.027 91.7377 23.9038 15.0127 67.8338 19.5026 56.3921
internal_count=36538 4882 4058 1752 1507 479 1028 291 2306 532 417 1774 626 1361
is_linear=0
shrinkage=0.03


Tree=287
num_leaves=15
num_cat=0
split_feature=0 8 18 2 18 18 8 13 17 17 14 17 2 2
split_gain=4.21788 9.05705 14.8532 9.57639 9.07486 11.9624 8.89649 12.6303 8.81294 10.2688 8.68003 7.8737 7.83535 14.2618
threshold=0.23878226145570106 5.5000000000000009 193024.40000000002 0.29262175273694319 1818.8500000000001 5010.4250000000002 6.5000000000000009 1.0000000180025095e-35 23998.000000000004 15213.500000000002 3070.0000000000005 650.10000000000014 0.27564618862746171 0.27817785515936722
decision_type=2 2 2 2 2 2 2 2 2 2 2 2 2 2
left_child=6 2 -2 8 -5 -6 7 11 9 -3 -4 -1 -8 -14
right_child=1 3 10 4 5 -7 12 -9 -10 -11 -12 -13 13 -15
leaf_value=0.013556626165434864 -0.00066771288106536172 0.00052959688459000825 0.0065298405520261031 -0.017255251014086505 0.016446634840252602 -0.0064207380755833977 -0.0011965676821118119 -0.010341460614319016 0.014104599141870091 -0.016460082083996463 0.026303532091649106 -0.010418255765427197 0.024116217651357217 0.0016842454627580079
leaf_weight=38.23091696202755 101.26753583550453 2406.4502819627523 39.116940937936306 50.814433082938194 24.803207755088806 121.16821511089802 1954.8672499074601 189.71758022345603 42.366082847118378 32.449630782008171 40.838832080364227 18.19626646861434 29.946690021082759 172.1100983498618
leaf_count=395 488 11406 196 245 114 559 17824 2619 204 178 200 325 229 1508
internal_value=-0.000305431 0.000473204 0.00696387 3.39821e-05 -0.00633621 -0.00253515 -0.00123188 -0.00663531 0.000539193 0.000303549 0.0166296 0.00582536 -0.000615253 0.00500887
internal_weight=5262.34 2859.28 181.223 2678.05 196.786 145.971 2403.07 246.145 2481.27 2438.9 79.9558 56.4272 2156.92 202.057
internal_count=36490 13590 884 12706 918 673 22900 3339 11788 11584 396 720 19561 1737
is_linear=0
shrinkage=0.03


Tree=288
num_leaves=15
num_cat=0
split_feature=4 2 1 18 10 17 17 18 6 1 9 19 8 17
split_gain=4.21191 14.2788 7.8754 7.80549 7.37992 12.4404 10.9089 10.2647 12.4865 11.3963 14.9476 8.94535 8.62006 9.37128
threshold=0.17270843354156024 0.10329230672975306 0.18571213007290024 1195.26 2791.5000000000005 0.25000000000000006 9297.5000000000018 7.2000000000000002 0.16841001681837381 0.38467222584829669 186.50000000000003 3.7988536803227717 79.500000000000014 8.0500000000000025
decision_type=2 2 2 2 2 2 2 2 2 2 2 2 2 2
left_child=1 -1 -3 -4 -2 11 7 12 -9 10 -10 -6 -7 -14
right_child=4 2 3 -5 5 6 -8 8 9 -11 -12 -13 13 -15
leaf_value=0.02319701887401765 -0.00054469529512994673 0.002873491396309965 -0.0003444568160055428 -0.0073894447339361768 -0.030552015785278511 0.032537903433887704 -0.014123787053441932 -0.0090521744800753298 0.0084851260597227918 -0.017596071160533841 0.0008730888112826519 0.002611737121109306 -0.00031051398237694818 0.024772148885469698
leaf_weight=19.42550010047853 3260.5093845068477 167.91261882334948 240.10913014225662 344.78958535380661 17.696212392300371 17.12303473521024 33.827804621309042 79.27884229645133 377.53405047394335 22.919965174049139 603.00589918158948 12.484027974307535 38.733065567910671 20.501648733392358
leaf_count=342 23583 1633 1284 1979 155 102 395 558 2313 122 3498 123 248 104
internal_value=-0.000151691 -0.00219803 -0.00285332 -0.00449738 0.000200761 0.00218797 0.00266921 0.00315931 0.00240959 0.00331513 0.00380393 -0.0168339 0.0137902 0.00837081
internal_weight=5255.85 772.237 752.811 584.899 4483.61 1223.1 1192.92 1159.1 1082.74 1003.46 980.54 30.1802 76.3577 59.2347
internal_count=36439 5238 4896 3263 31201 7618 7340 6945 6491 5933 5811 278 454 352
is_linear=0
shrinkage=0.03


Tree=289
num_leaves=15
num_cat=0
split_feature=4 12 9 1 0 18 8 9 2 10 19 10 19 10
split_gain=6.42213 9.93331 6.68731 4.39497 9.55436 8.31155 9.13525 7.19327 6.35557 16.0672 12.6003 7.86554 7.56521 6.70933
threshold=0.32272218743821268 19.500000000000004 52.500000000000007 0.27791857490968325 0.47102504204593448 14.790000000000001 53.500000000000007 165.50000000000003 0.23790126725911789 128.50000000000003 8.1294255463464964 226.50000000000003 7.896124674498914 129.50000000000003
decision_type=2 2 2 2 2 2 2 2 2 2 2 2 2 2
left_child=3 2 -2 4 -1 6 -5 -8 9 -7 12 -11 13 -10
right_child=1 -3 -4 5 -6 8 7 -9 10 11 -12 -13 -14 -15
leaf_value=1.5181467442218846e-05 0.029553568029161661 -0.0024359880458326875 0.0085115954424818587 -0.024781861692641214 0.017064959084206448 0.026991071871825225 0.0077747449048509755 -0.01259174097552716 -0.012023243173690539 -0.017234930914042736 0.01119856314446389 0.0012943371371593644 -0.019242315934894273 -0.0021924320537027924
leaf_weight=3433.8597322306596 17.853725912049413 65.970754874870181 56.961970441974699 27.955328904092312 29.837605349719524 21.458730988204479 26.430762603878975 38.114679053425789 67.089038755744696 21.599344488233328 57.068901337683201 453.98074533045292 26.071565892547369 909.51678708940744
leaf_count=26839 133 457 366 160 132 125 127 206 348 121 301 2252 144 4663
internal_value=-0.000270829 0.00605012 0.013533 -0.000444877 0.000162055 -0.00171951 -0.0104564 -0.00425185 -0.00120038 0.00159854 -0.00251312 0.000452796 -0.00329354 -0.00286777
internal_weight=5253.77 140.786 74.8157 5112.98 3463.7 1649.29 92.5008 64.5454 1556.79 497.039 1059.75 475.58 1002.68 976.606
internal_count=36374 956 499 35418 26971 8447 493 333 7954 2498 5456 2373 5155 5011
is_linear=0
shrinkage=0.03


Tree=290
num_leaves=15
num_cat=0
split_feature=18 17 18 8 17 17 19 10 1 19 10 2 0 19
split_gain=4.46598 12.2579 8.39742 13.0657 13.2769 11.5358 12.1446 16.635 17.5988 17.4684 13.3842 17.4363 13.7786 10.9955
threshold=99083.10000000002 28.200000000000006 28260.975000000002 165.00000000000003 1200.5000000000002 5002.5000000000009 3.1842822368296257 2538.0000000000005 0.27238769681600344 5.6741819901439614 297.50000000000006 0.23618774405178308 0.19762701786485812 4.479596679126054
decision_type=2 2 2 2 2 2 2 2 2 2 2 2 2 2
left_child=2 -2 -1 5 -5 6 -4 10 9 -9 11 12 -8 -12
right_child=1 -3 3 4 -6 -7 7 8 -10 -11 13 -13 -14 -15
leaf_value=-0.00045080293088200097 -0.023858862098913351 -0.0016114538026106762 0.022680359410428824 0.0069455494738476691 0.036270994902618467 -0.023479593998048262 0.0017384126494284253 0.0011836567644192598 -0.0027690689100237551 0.030082752929198719 -0.022013436901333457 -0.010529203641410179 0.035518881966963289 -0.0034247408919123429
leaf_weight=3590.6195042319596 22.743057365529239 1117.7513538305648 25.89138076454401 43.39585043862462 20.439062269404531 15.631222579628227 19.801174673251808 30.283682392910123 56.078621309250593 49.74978980794549 34.167136639356613 26.53066317178309 24.085853099822998 177.0120399761945
leaf_count=21714 225 10926 178 260 140 214 284 215 291 296 222 181 119 1144
internal_value=-0.000393997 -0.0020551 6.65328e-05 0.00361781 0.0163352 0.00185005 0.0027426 0.00150677 0.0101179 0.0191477 -0.00265549 0.00867081 0.0202776 -0.00643225
internal_weight=5254.18 1140.49 4113.69 523.066 63.8349 459.232 443.6 417.709 136.112 80.0335 281.597 70.4177 43.887 211.179
internal_count=36409 11151 25258 3544 400 3144 2930 2752 802 511 1950 584 403 1366
is_linear=0
shrinkage=0.03


Tree=291
num_leaves=15
num_cat=0
split_feature=7 18 4 11 0 12 9 18 9 14 6 0 19 18
split_gain=6.1609 5.74691 5.89334 8.20435 5.89269 6.03589 5.74651 5.55188 11.0041 14.815 10.9634 13.2247 9.61737 9.40714
threshold=0.2174771704741765 6.0300000000000002 0.32579488285611008 1.5000000000000002 0.31157834645538601 127.50000000000001 398.50000000000006 27.400000000000009 350.50000000000006 1238.5000000000002 0.21657014879887826 0.23505024090399204 3.314179393058565 60.065000000000005
decision_type=2 2 2 2 2 2 2 2 2 2 2 2 2 2
left_child=7 4 -3 -4 5 6 -2 8 12 -10 11 -11 -1 -9
right_child=1 2 3 -5 -6 -7 -8 13 9 10 -12 -13 -14 -15
leaf_value=-0.011377258966301118 -0.014533036465792898 -0.0018824220461618366 0.026239441858029351 -0.00047318066897886348 0.023975018502978299 0.018287696050951981 0.0093062823117060125 0.0089812785068259671 -0.017226320864560062 0.0045372472405254263 0.00032681383212215207 0.036435461155975291 0.013149150743409312 0.0009940222493533598
leaf_weight=133.28256905637681 20.572051588445902 1592.7332410486415 16.160566490143538 28.769803686067462 14.947405099868773 15.568595730699597 16.319597195833921 138.66295707598329 28.14246753975749 27.204857051372528 86.098487302660942 20.521430239081383 16.130428966134787 3091.435758809559
leaf_count=890 174 11205 112 204 71 123 106 795 166 189 488 106 116 21588
internal_value=0.000254785 -0.0012268 -0.00158016 0.00913482 0.0073579 0.00262321 -0.00398734 0.000968106 -0.0028576 0.0025591 0.00671984 0.0182529 -0.00872942 0.0013369
internal_weight=5246.55 1705.07 1637.66 44.9304 67.4076 52.4602 36.8916 3541.48 311.38 161.967 133.825 47.7263 149.413 3230.1
internal_count=36333 11995 11521 316 474 403 280 24338 1955 949 783 295 1006 22383
is_linear=0
shrinkage=0.03


Tree=292
num_leaves=15
num_cat=0
split_feature=5 6 12 1 13 0 2 18 8 8 9 19 5 13
split_gain=4.76694 5.50825 8.52015 7.26056 5.57461 6.99232 7.02204 5.87599 5.67075 5.57756 4.98703 4.31534 3.30011 5.67537
threshold=0.15244476275903185 0.22171847164619296 238.50000000000003 0.17727244820898022 22.500000000000004 0.34377864811810338 0.24538724546932869 260605.80000000002 40.500000000000007 30.500000000000004 291.50000000000006 4.8190710744427969 0.34292175916772244 21.500000000000004
decision_type=2 2 2 2 2 2 2 2 2 2 2 2 2 2
left_child=1 4 3 -3 5 6 7 9 -8 -1 -11 -6 -2 -14
right_child=12 2 -4 -5 11 -7 8 -9 -10 10 -12 -13 13 -15
leaf_value=0.013537419462984559 0.0002932197071277318 -0.018530507476702398 0.019259883765652089 0.0019097776626306377 -0.027324913391327713 0.0087784798080419706 -0.030338919703814599 -0.021426833072985794 -0.0071340014474167816 -0.015665186429094508 0.0025609186191091395 -0.0062396671565215917 -0.0080142992483772484 0.012362995117923893
leaf_weight=20.896923244930804 4861.1948899547569 19.568389557301998 20.095507874153554 77.909148283302784 18.881960002705455 29.628457635641098 18.139798539690673 13.108326275367288 19.849673181772232 22.247077054344118 34.408678062260151 16.257143585011363 87.750706424470991 14.306629221886395
leaf_count=185 33592 223 145 466 126 130 147 213 114 164 225 143 609 107
internal_value=-4.46292e-05 -0.00364768 0.00147325 -0.00219356 -0.00676054 -0.0043608 -0.0073868 -0.00284981 -0.0182142 0.000290172 -0.00459595 -0.0175698 0.000181133 -0.00515776
internal_weight=5274.24 310.991 117.573 97.4775 193.418 158.279 128.65 90.661 37.9895 77.5527 56.6558 35.1391 4963.25 102.057
internal_count=36589 2281 834 689 1447 1178 1048 787 261 574 389 269 34308 716
is_linear=0
shrinkage=0.03


Tree=293
num_leaves=15
num_cat=0
split_feature=6 9 9 15 2 18 18 18 18 18 6 19 10 0
split_gain=3.56276 8.98794 9.66977 5.16644 3.36829 8.53784 9.3699 13.8295 7.95556 11.5067 12.8172 15.2123 12.802 11.6782
threshold=0.15345488237214516 39.500000000000007 291.50000000000006 11120.500000000002 0.21682033465180822 5449780.6800000006 2713663.6000000006 3786223.6800000002 10.630000000000001 166.81999999999996 0.21651187493028418 4.6051696859878426 1119.0000000000002 0.31984005789102798
decision_type=2 2 2 2 2 2 2 2 2 2 2 2 2 2
left_child=1 3 -3 -1 -2 6 8 -8 -6 10 11 13 -12 -10
right_child=4 2 -4 -5 5 -7 7 -9 9 -11 12 -13 -14 -15
leaf_value=-0.0043139449328247941 -0.00058944304064835744 -0.029451497852939042 0.003204190086646731 0.030487559271178459 -0.0069419684205880502 -0.0091257498007259203 0.0293236156642167 0.00037731587431461471 0.025827614575835788 0.00052542237561978007 -0.0056112758941129492 -0.011081307327433431 0.0076485276262889318 0.0048421823186086746
leaf_weight=8.6326369848102313 2069.6989736864343 20.378472133539617 13.612235460430382 6.9140387596562496 110.11152283474803 73.680760360322893 26.173495532944798 34.349766139872372 68.083866138011217 2524.3255334338173 108.40255990996957 18.432744316756725 165.69651880301535 36.74772821366787
leaf_count=145 16982 238 126 100 687 819 171 223 387 15013 544 158 885 160
internal_value=0.000275904 -0.00773171 -0.0163739 0.0111633 0.000351668 0.000966896 0.00120737 0.0128952 0.000974051 0.00127239 0.00601762 0.0140521 0.00240445 0.0184714
internal_weight=5285.24 49.5374 33.9907 15.5467 5235.7 3166 3092.32 60.5233 3031.8 2921.69 397.363 123.264 274.099 104.832
internal_count=36638 609 364 245 36029 19047 18228 394 17834 17147 2134 705 1429 547
is_linear=0
shrinkage=0.03


Tree=294
num_leaves=15
num_cat=0
split_feature=19 18 18 9 6 8 19 19 1 18 18 19 18 17
split_gain=4.53937 10.7869 10.7808 16.6071 10.4185 14.6432 13.7328 11.6398 11.3852 9.76291 12.2768 7.85745 14.6345 21.7362
threshold=4.5432925187972488 1041657.8000000002 2713663.6000000006 44.500000000000007 0.19084834106412735 81.500000000000014 9.2164001233439041 8.6680745078387726 0.30137427462533234 5732.9000000000005 1818.8500000000001 6.1920550610380936 294201.77500000008 563.75000000000011
decision_type=2 2 2 2 2 2 2 2 2 2 2 2 2 2
left_child=1 -1 -3 -4 5 6 7 11 9 10 -7 -2 -13 -14
right_child=4 2 3 -5 -6 8 -8 -9 -10 -11 -12 12 13 -15
leaf_value=-0.00090964414492919325 0.0035428182513089898 -0.03413482947033563 -0.028228377623920616 0.050702814541048344 0.0016050853606374184 -0.010681021006993387 -0.025802787864482212 0.028875605427992404 -0.039402011002604709 -0.01989875809202802 0.020340928132952386 -0.010711120145550177 0.039921196525197634 -0.0031588943330525089
leaf_weight=2588.4854422169738 214.36877368297428 17.34433777816594 5.6655266825109702 4.1610169364139438 2105.8762691132724 35.529694397002459 18.569766252301633 12.675069533288477 12.875244587659834 43.309693600051105 16.962661224417388 123.68745442014188 14.153008667752145 41.299831792712212
leaf_count=16192 1888 315 142 126 14821 259 211 122 66 419 106 1061 130 542
internal_value=-0.000221321 -0.00110703 -0.019911 0.00519477 0.000656447 -0.00308858 -0.000574379 0.000579003 -0.0129151 -0.0093554 -0.000656422 -0.00033244 -0.00496978 0.00783627
internal_weight=5254.96 2615.66 27.1709 9.82654 2639.31 533.431 424.754 406.184 108.677 95.802 52.4924 393.509 179.14 55.4528
internal_count=36400 16775 583 268 19625 4804 3954 3743 850 784 365 3621 1733 672
is_linear=0
shrinkage=0.03


Tree=295
num_leaves=15
num_cat=0
split_feature=9 4 9 11 14 18 18 18 10 18 2 9 8 10
split_gain=4.38373 9.84445 7.64166 6.63408 6.45158 5.82992 22.612 12.317 11.0036 9.77534 20.5936 16.216 12.2033 14.7174
threshold=629.00000000000011 0.22903957901980707 1962.5000000000002 1.5000000000000002 526.50000000000011 14.790000000000001 16.200000000000006 24.075000000000003 907.50000000000011 60.065000000000005 0.27454449793301544 110.50000000000001 64.500000000000014 3533.0000000000005
decision_type=2 2 2 2 2 2 2 2 2 2 2 2 2 2
left_child=5 2 4 -3 -2 -1 -7 8 -8 10 11 -9 -13 -14
right_child=1 3 -4 -5 -6 6 7 9 -10 -11 -12 12 13 -15
leaf_value=-0.0042997366707481161 0.0061769268642740327 0.011233244269182032 0.0017829180958229716 -6.3393814148094354e-05 -0.0077375043112376902 0.033780627610474685 -0.031044089774109423 0.02975679667100677 -0.0021624700170223242 0.000357478529542966 -0.018223431498701783 -0.014046227190188424 0.0037534763694068948 0.031852174255884221
leaf_weight=228.37420182488859 32.772994704544544 63.595623027533293 132.98280616104603 177.01812076382339 353.17657180316746 18.427074544131756 20.804292406886816 35.248760005459189 27.652507677674294 4044.3243039087392 23.460582254454494 21.271813601255417 61.955135937780142 23.00614445656538
leaf_count=1567 178 398 796 1118 2306 97 125 229 156 28796 124 125 356 126
internal_value=1.49208e-05 -0.00209337 -0.00441902 0.00292237 -0.00655596 0.000370417 0.000619833 0.000476316 -0.0145624 0.000649441 0.00780825 0.0121248 0.00627445 0.0113622
internal_weight=5264.07 759.546 518.932 240.614 385.95 4504.52 4276.15 4257.72 48.4568 4209.27 164.942 141.482 106.233 84.9613
internal_count=36497 4796 3280 1516 2484 31701 30134 30037 281 29756 960 836 607 482
is_linear=0
shrinkage=0.03


Tree=296
num_leaves=15
num_cat=0
split_feature=6 9 14 18 19 19 19 14 6 16 19 8 18 19
split_gain=5.15217 10.0914 8.92044 10.8917 8.87794 4.62204 9.84976 9.83472 8.178 19.9174 16.5459 11.0832 10.0015 15.5858
threshold=0.14477736895612639 49.500000000000007 29.500000000000004 16696.180000000004 5.7618941253484683 4.562262140174151 4.0262437516319016 18528.500000000004 0.21657014879887826 9.7000000000000011 2.1690373735723498 642.50000000000011 1884.7500000000002 2.4335748805437505
decision_type=2 2 2 2 2 2 2 2 2 2 2 2 2 2
left_child=1 4 3 -2 -1 6 8 -7 9 10 -4 12 13 -12
right_child=2 -3 5 -5 -6 7 -8 -9 -10 -11 11 -13 -14 -15
leaf_value=-0.017660300683741012 0.024241719408915223 -0.020570049337992065 -0.0049425240063516625 -0.0064360528247480253 0.025930761709490564 -0.00073718933213019831 -0.0051051679923527615 0.0030736254390451912 -0.0012622803304761453 0.030455665710202712 0.032832282471016133 -0.017999015383543853 0.00020566406453297642 0.0082300786199677595
leaf_weight=7.1002457728609469 28.953929334878922 29.920745021197945 194.84617956588045 16.267919770441949 10.311901047825812 1593.1030050069094 450.48149812873453 987.16504256427288 1618.8123942799866 22.882092580199242 27.558552872389555 15.869607642292975 99.404538698960096 145.70481341890991
leaf_count=129 150 310 1502 192 146 11980 3070 6869 9822 132 142 107 1036 827
internal_value=-0.000149963 -0.0100029 -6.02943e-05 0.0132058 0.0081554 -0.000176652 -0.00107571 0.000720761 -0.000221525 0.00310635 0.0018117 0.00637276 0.00779122 0.0121432
internal_weight=5248.38 47.3329 5201.05 45.2218 17.4121 5155.83 2575.56 2580.27 2125.08 506.266 483.384 288.538 272.668 173.263
internal_count=36414 585 35829 342 275 35487 16638 18849 13568 3746 3614 2112 2005 969
is_linear=0
shrinkage=0.03


Tree=297
num_leaves=15
num_cat=0
split_feature=3 5 7 7 2 2 2 17 17 17 8 18 8 6
split_gain=5.1454 5.64658 4.99144 7.82802 7.19389 6.67623 6.26891 5.44891 10.0828 8.38469 16.0373 11.0277 19.1908 10.8802
threshold=0.32468057662655408 0.17573883865157844 0.20881285369442348 0.20119596051527508 0.25290981570933746 0.24605159545905148 0.20847528514476385 3.3500000000000001 3.6500000000000008 2.6500000000000008 32.500000000000007 2623.2750000000005 19.500000000000004 0.2091795726168709
decision_type=2 2 2 2 2 2 2 2 2 2 2 2 2 2
left_child=2 -2 3 4 6 -5 -1 9 -9 11 -11 -4 -13 -14
right_child=1 -3 7 5 -6 -7 -8 8 -10 10 -12 12 13 -15
leaf_value=-0.0053371922915755798 0.0078785893276535623 -0.0089749471342432247 -0.0019580555782580645 -0.021122694247120995 -0.013580051009521917 0.0020830932709893454 0.0094000578815443304 0.018699427937000919 0.00061731846083013788 0.0079015150366877635 -0.017390730412564764 -0.0079053321138791641 0.0066471105504199764 0.038196978490968432
leaf_weight=46.492211766541004 21.640930258203298 103.2643941771239 659.35823662392795 38.156049309298396 30.822760947048664 15.769225830212234 58.873684874735773 27.944036109372973 4079.1256107753143 32.318160973489285 74.75092052295804 29.000157809816301 17.70831819344312 22.133171297609806
leaf_count=394 148 750 4446 260 171 89 352 161 28447 218 437 273 107 125
internal_value=-3.87721e-05 -0.00605493 0.000107639 -0.0046625 -0.000831908 -0.0143367 0.00289731 0.000291129 0.000740347 -0.0019177 -0.00975642 -0.000765156 0.0106603 0.024174
internal_weight=5257.36 124.905 5132.45 190.114 136.189 53.9253 105.366 4942.34 4107.07 835.269 107.069 728.2 68.8416 39.8415
internal_count=36378 898 35480 1266 917 349 746 34214 28608 5606 655 4951 505 232
is_linear=0
shrinkage=0.03


Tree=298
num_leaves=15
num_cat=0
split_feature=12 0 2 6 4 5 12 11 11 12 1 17 8 8
split_gain=4.98635 6.60317 10.3664 7.48273 9.63784 8.56627 7.37183 7.0682 8.76288 8.48893 9.50664 13.1033 6.92121 10.7436
threshold=34.500000000000007 0.16802929952551998 0.2819510921902928 0.19084834106412735 0.2753006241198564 0.22017306871982947 50.500000000000007 5.5000000000000009 7.5000000000000009 1002.0000000000001 0.091466254130383687 680.55000000000007 27.500000000000004 88.500000000000014
decision_type=2 2 2 2 2 2 2 2 2 2 2 2 2 2
left_child=-1 2 3 -2 5 6 12 9 -9 10 11 -8 -5 -14
right_child=1 -3 -4 4 -6 -7 7 8 -10 -11 -12 -13 13 -15
leaf_value=-0.0011350584236481326 -0.0087038164675688236 0.001417877196511937 -0.017306331175963727 -0.0031593466911074199 0.016770612141002224 -0.0066781974884782798 0.047737113744573824 0.023049515900373761 0.0012242089792973772 0.013392528963311324 -0.0078927543751047494 -0.014726458689239778 0.045684742947059494 0.007482058699994922
leaf_weight=1856.8629840356298 95.106755543965846 2773.7046071533114 37.589563862420619 14.047338501550255 30.716499819420278 141.64960766863078 6.7373288515955192 23.808920920826495 54.35321241337806 24.506765580736101 138.11335024610162 5.4817550554871559 11.012493329122664 16.630486971698701
leaf_count=12755 2073 14875 586 240 381 1896 124 296 698 326 1611 226 112 156
internal_value=0.000113463 0.000800691 -0.00205363 -0.00103375 0.000528101 -0.0006153 0.00229896 0.000372845 0.0078724 -0.00297984 -0.00564882 0.0197146 0.0139877 0.0227014
internal_weight=5230.32 3373.46 599.754 562.165 467.058 436.341 294.692 253.001 78.1621 174.839 150.332 12.2191 41.6903 27.643
internal_count=36355 23600 8725 8139 6066 5685 3789 3281 994 2287 1961 350 508 268
is_linear=0
shrinkage=0.03


Tree=299
num_leaves=15
num_cat=0
split_feature=3 12 1 19 0 16 3 19 16 8 18 17 18 7
split_gain=4.85569 4.78849 6.07998 8.20503 6.77281 4.35766 4.10423 4.7458 4.05472 5.95155 4.02381 10.1543 5.17969 3.76019
threshold=0.32468057662655408 1230.0000000000002 0.17023753225194846 5.2915444505844222 0.35590936708609938 8.0500000000000025 0.13896955018684409 7.2307000371133858 7.1000000000000005 51.500000000000007 172217.10000000003 7447.2000000000007 31.200000000000006 0.21463766079134819
decision_type=2 2 2 2 2 2 2 2 2 2 2 2 2 2
left_child=1 6 3 -3 8 13 7 10 9 -4 12 -12 -1 -2
right_child=5 2 4 -5 -6 -7 -8 -9 -10 -11 11 -13 -14 -15
leaf_value=0.010840523310271943 0.0021773109698275759 0.043582356113951198 0.017060489224543382 0.0042610196950126165 0.019143843364736669 -0.01930018414915333 0.00010472249054229418 -0.020924821133643808 -0.012374923345548829 -0.0072243962904519361 0.026879568380621697 -0.0099718961452218476 -0.0075168152862077646 -0.0090655682601655935
leaf_weight=15.746690900996326 52.36826886748895 8.6026085782796162 16.938484793528914 10.737030399963258 17.713356450200081 18.603224880062044 4836.5667360164225 14.689770827069877 21.530271515250206 19.582493588328362 12.760182514786722 14.238869035616515 113.84587643295527 54.778092345222831
leaf_count=101 375 106 119 119 79 138 33469 130 127 116 111 155 727 390
internal_value=-7.37682e-05 6.97451e-05 0.00673835 0.0217518 0.00290602 -0.00589758 -5.68987e-05 -0.00462068 -0.00204868 0.00403897 -0.0030912 0.00744469 -0.00528623 -0.00357056
internal_weight=5228.7 5102.95 95.1042 19.3396 75.7646 125.75 5007.85 171.281 58.0512 36.521 156.592 26.9991 129.593 107.146
internal_count=36262 35359 666 225 441 903 34693 1224 362 235 1094 266 828 765
is_linear=0
shrinkage=0.03


end of trees

feature_importances:
net_mass=611
rate_hs6=530
item_price=478
count_hs6=383
rate_origin=312
unit=239
rate_hs4=208
count_hs4=200
rate_hs2=184
count_origin=183
count_hs2=151
tax_rate=150
count_declarant=125
rate_seller=91
rate_office=71
count_office=70
rate_declarant=68
rate_importer=63
count_seller=56
count_importer=27

parameters:
[boosting: gbdt]
[objective: binary]
[metric: binary_logloss]
[tree_learner: serial]
[device_type: cpu]
[data_sample_strategy: bagging]
[data: ]
[valid: ]
[num_iterations: 300]
[learning_rate: 0.03]
[num_leaves: 15]
[num_threads: 6]
[seed: 42]
[deterministic: 0]
[force_col_wise: 0]
[force_row_wise: 0]
[histogram_pool_size: -1]
[max_depth: -1]
[min_data_in_leaf: 100]
[min_sum_hessian_in_leaf: 0.001]
[bagging_fraction: 0.8]
[pos_bagging_fraction: 1]
[neg_bagging_fraction: 1]
[bagging_freq: 1]
[bagging_seed: 400]
[bagging_by_query: 0]
[feature_fraction: 0.8]
[feature_fraction_bynode: 1]
[feature_fraction_seed: 30056]
[extra_trees: 0]
[extra_seed: 12879]
[early_stopping_round: 0]
[early_stopping_min_delta: 0]
[first_metric_only: 0]
[max_delta_step: 0]
[lambda_l1: 0]
[lambda_l2: 0]
[linear_lambda: 0]
[min_gain_to_split: 0]
[drop_rate: 0.1]
[max_drop: 50]
[skip_drop: 0.5]
[xgboost_dart_mode: 0]
[uniform_drop: 0]
[drop_seed: 17869]
[top_rate: 0.2]
[other_rate: 0.1]
[min_data_per_group: 100]
[max_cat_threshold: 32]
[cat_l2: 10]
[cat_smooth: 10]
[max_cat_to_onehot: 4]
[top_k: 20]
[monotone_constraints: ]
[monotone_constraints_method: basic]
[monotone_penalty: 0]
[feature_contri: ]
[forcedsplits_filename: ]
[refit_decay_rate: 0.9]
[cegb_tradeoff: 1]
[cegb_penalty_split: 0]
[cegb_penalty_feature_lazy: ]
[cegb_penalty_feature_coupled: ]
[path_smooth: 0]
[interaction_constraints: ]
[verbosity: -1]
[saved_feature_importance_type: 0]
[use_quantized_grad: 0]
[num_grad_quant_bins: 4]
[quant_train_renew_leaf: 0]
[stochastic_rounding: 1]
[linear_tree: 0]
[max_bin: 255]
[max_bin_by_feature: ]
[min_data_in_bin: 3]
[bin_construct_sample_cnt: 200000]
[data_random_seed: 175]
[is_enable_sparse: 1]
[enable_bundle: 1]
[use_missing: 1]
[zero_as_missing: 0]
[feature_pre_filter: 1]
[pre_partition: 0]
[two_round: 0]
[header: 0]
[label_column: ]
[weight_column: ]
[group_column: ]
[ignore_column: ]
[categorical_feature: ]
[forcedbins_filename: ]
[precise_float_parser: 0]
[parser_config_file: ]
[objective_seed: 16083]
[num_class: 1]
[is_unbalance: 0]
[scale_pos_weight: 1]
[sigmoid: 1]
[boost_from_average: 1]
[reg_sqrt: 0]
[alpha: 0.9]
[fair_c: 1]
[poisson_max_delta_step: 0.7]
[tweedie_variance_power: 1.5]
[lambdarank_truncation_level: 30]
[lambdarank_norm: 1]
[label_gain: ]
[lambdarank_position_bias_regularization: 0]
[eval_at: ]
[multi_error_top_k: 1]
[auc_mu_weights: ]
[num_machines: 1]
[local_listen_port: 12400]
[time_out: 120]
[machine_list_filename: ]
[machines: ]
[gpu_platform_id: -1]
[gpu_device_id: -1]
[gpu_device_id_list: ]
[gpu_use_dp: 0]
[num_gpu: 1]

end of parameters

pandas_categorical:[]
